"year","country","sector","CO2GDPPPP","GDPpcPPP","old_share","POP","pop_urb_share","sec_share","CO2GDPPPP_q5","CO2GDPPPP_q16","CO2GDPPPP_q84","CO2GDPPPP_q95","GDPpcPPP_q5","GDPpcPPP_q16","GDPpcPPP_q84","GDPpcPPP_q95","old_share_q5","old_share_q16","old_share_q84","old_share_q95","POP_q5","POP_q16","POP_q84","POP_q95","pop_urb_share_q5","pop_urb_share_q16","pop_urb_share_q84","pop_urb_share_q95","sec_share_q5","sec_share_q16","sec_share_q84","sec_share_q95","total_emissions_MtCO2eq","total_emissions_q5_MtCO2eq","total_emissions_q16_MtCO2eq","total_emissions_q84_MtCO2eq","total_emissions_q95_MtCO2eq","japan_total_MtCO2eq"
1980,"JPN","agriculture",0.289186603747674,21323.3751569177,0.376144968154399,116.3895,0.76175,0.421,0.289186603747674,0.289186603747674,0.289186603747674,0.289186603747674,21323.3751569177,21323.3751569177,21323.3751569177,21323.3751569177,0.376144968154399,0.376144968154399,0.376144968154399,0.376144968154399,116.3895,116.3895,116.3895,116.3895,0.76175,0.76175,0.76175,0.76175,0.421,0.421,0.421,0.421,71.7708221494907,71.7708221494907,71.7708221494907,71.7708221494907,71.7708221494907,1149.74760052803
1980,"JPN","buildings",0.355079099338869,21323.3751569177,0.376144968154399,116.3895,0.76175,0.421,0.355079099338869,0.355079099338869,0.355079099338869,0.355079099338869,21323.3751569177,21323.3751569177,21323.3751569177,21323.3751569177,0.376144968154399,0.376144968154399,0.376144968154399,0.376144968154399,116.3895,116.3895,116.3895,116.3895,0.76175,0.76175,0.76175,0.76175,0.421,0.421,0.421,0.421,88.1241335435,88.1241335435,88.1241335435,88.1241335435,88.1241335435,1149.74760052803
1980,"JPN","transport",0.667897900505361,21323.3751569177,0.376144968154399,116.3895,0.76175,0.421,0.667897900505361,0.667897900505361,0.667897900505361,0.667897900505361,21323.3751569177,21323.3751569177,21323.3751569177,21323.3751569177,0.376144968154399,0.376144968154399,0.376144968154399,0.376144968154399,116.3895,116.3895,116.3895,116.3895,0.76175,0.76175,0.76175,0.76175,0.421,0.421,0.421,0.421,165.760034558911,165.760034558911,165.760034558911,165.760034558911,165.760034558911,1149.74760052803
1980,"JPN","energy",1.57038902494151,21323.3751569177,0.376144968154399,116.3895,0.76175,0.421,1.57038902494151,1.57038902494151,1.57038902494151,1.57038902494151,21323.3751569177,21323.3751569177,21323.3751569177,21323.3751569177,0.376144968154399,0.376144968154399,0.376144968154399,0.376144968154399,116.3895,116.3895,116.3895,116.3895,0.76175,0.76175,0.76175,0.76175,0.421,0.421,0.421,0.421,389.741813603964,389.741813603964,389.741813603964,389.741813603964,389.741813603964,1149.74760052803
1980,"JPN","industry",1.75013226772144,21323.3751569177,0.376144968154399,116.3895,0.76175,0.421,1.75013226772144,1.75013226772144,1.75013226772144,1.75013226772144,21323.3751569177,21323.3751569177,21323.3751569177,21323.3751569177,0.376144968154399,0.376144968154399,0.376144968154399,0.376144968154399,116.3895,116.3895,116.3895,116.3895,0.76175,0.76175,0.76175,0.76175,0.421,0.421,0.421,0.421,434.350796672166,434.350796672166,434.350796672166,434.350796672166,434.350796672166,1149.74760052803
1981,"JPN","buildings",0.358499195288091,22049.2395332449,0.383404205648146,117.29550333529,0.76273,0.425485097019404,0.358499195288091,0.358499195288091,0.358499195288091,0.358499195288091,22049.2395332449,22049.2395332449,22049.2395332449,22049.2395332449,0.383404205648146,0.383404205648146,0.383404205648146,0.383404205648146,117.29550333529,117.29550333529,117.29550333529,117.29550333529,0.76273,0.76273,0.76273,0.76273,0.425485097019404,0.425485097019404,0.425485097019404,0.425485097019404,92.7178097535,92.7178097535,92.7178097535,92.7178097535,92.7178097535,1122.83638578079
1981,"JPN","energy",1.48715951704157,22049.2395332449,0.383404205648146,117.29550333529,0.76273,0.425485097019404,1.48715951704157,1.48715951704157,1.48715951704157,1.48715951704157,22049.2395332449,22049.2395332449,22049.2395332449,22049.2395332449,0.383404205648146,0.383404205648146,0.383404205648146,0.383404205648146,117.29550333529,117.29550333529,117.29550333529,117.29550333529,0.76273,0.76273,0.76273,0.76273,0.425485097019404,0.425485097019404,0.425485097019404,0.425485097019404,384.620593257849,384.620593257849,384.620593257849,384.620593257849,384.620593257849,1122.83638578079
1981,"JPN","industry",1.60294191993796,22049.2395332449,0.383404205648146,117.29550333529,0.76273,0.425485097019404,1.60294191993796,1.60294191993796,1.60294191993796,1.60294191993796,22049.2395332449,22049.2395332449,22049.2395332449,22049.2395332449,0.383404205648146,0.383404205648146,0.383404205648146,0.383404205648146,117.29550333529,117.29550333529,117.29550333529,117.29550333529,0.76273,0.76273,0.76273,0.76273,0.425485097019404,0.425485097019404,0.425485097019404,0.425485097019404,414.565125757912,414.565125757912,414.565125757912,414.565125757912,414.565125757912,1122.83638578079
1981,"JPN","agriculture",0.270215063215247,22049.2395332449,0.383404205648146,117.29550333529,0.76273,0.425485097019404,0.270215063215247,0.270215063215247,0.270215063215247,0.270215063215247,22049.2395332449,22049.2395332449,22049.2395332449,22049.2395332449,0.383404205648146,0.383404205648146,0.383404205648146,0.383404205648146,117.29550333529,117.29550333529,117.29550333529,117.29550333529,0.76273,0.76273,0.76273,0.76273,0.425485097019404,0.425485097019404,0.425485097019404,0.425485097019404,69.8850908259025,69.8850908259025,69.8850908259025,69.8850908259025,69.8850908259025,1122.83638578079
1981,"JPN","transport",0.622701234358177,22049.2395332449,0.383404205648146,117.29550333529,0.76273,0.425485097019404,0.622701234358177,0.622701234358177,0.622701234358177,0.622701234358177,22049.2395332449,22049.2395332449,22049.2395332449,22049.2395332449,0.383404205648146,0.383404205648146,0.383404205648146,0.383404205648146,117.29550333529,117.29550333529,117.29550333529,117.29550333529,0.76273,0.76273,0.76273,0.76273,0.425485097019404,0.425485097019404,0.425485097019404,0.425485097019404,161.047766185625,161.047766185625,161.047766185625,161.047766185625,161.047766185625,1122.83638578079
1982,"JPN","buildings",0.370377532009234,22611.2553684325,0.39056415707784,118.168323177868,0.76383,0.429971988795518,0.370377532009234,0.370377532009234,0.370377532009234,0.370377532009234,22611.2553684325,22611.2553684325,22611.2553684325,22611.2553684325,0.39056415707784,0.39056415707784,0.39056415707784,0.39056415707784,118.168323177868,118.168323177868,118.168323177868,118.168323177868,0.76383,0.76383,0.76383,0.76383,0.429971988795518,0.429971988795518,0.429971988795518,0.429971988795518,98.962436944,98.962436944,98.962436944,98.962436944,98.962436944,1077.81991926382
1982,"JPN","energy",1.21701976398107,22611.2553684325,0.39056415707784,118.168323177868,0.76383,0.429971988795518,1.21701976398107,1.21701976398107,1.21701976398107,1.21701976398107,22611.2553684325,22611.2553684325,22611.2553684325,22611.2553684325,0.39056415707784,0.39056415707784,0.39056415707784,0.39056415707784,118.168323177868,118.168323177868,118.168323177868,118.168323177868,0.76383,0.76383,0.76383,0.76383,0.429971988795518,0.429971988795518,0.429971988795518,0.429971988795518,325.179664649788,325.179664649788,325.179664649788,325.179664649788,325.179664649788,1077.81991926382
1982,"JPN","industry",1.55143784459325,22611.2553684325,0.39056415707784,118.168323177868,0.76383,0.429971988795518,1.55143784459325,1.55143784459325,1.55143784459325,1.55143784459325,22611.2553684325,22611.2553684325,22611.2553684325,22611.2553684325,0.39056415707784,0.39056415707784,0.39056415707784,0.39056415707784,118.168323177868,118.168323177868,118.168323177868,118.168323177868,0.76383,0.76383,0.76383,0.76383,0.429971988795518,0.429971988795518,0.429971988795518,0.429971988795518,414.533973038804,414.533973038804,414.533973038804,414.533973038804,414.533973038804,1077.81991926382
1982,"JPN","transport",0.634549724778358,22611.2553684325,0.39056415707784,118.168323177868,0.76383,0.429971988795518,0.634549724778358,0.634549724778358,0.634549724778358,0.634549724778358,22611.2553684325,22611.2553684325,22611.2553684325,22611.2553684325,0.39056415707784,0.39056415707784,0.39056415707784,0.39056415707784,118.168323177868,118.168323177868,118.168323177868,118.168323177868,0.76383,0.76383,0.76383,0.76383,0.429971988795518,0.429971988795518,0.429971988795518,0.429971988795518,169.547506798132,169.547506798132,169.547506798132,169.547506798132,169.547506798132,1077.81991926382
1982,"JPN","agriculture",0.26047175715864,22611.2553684325,0.39056415707784,118.168323177868,0.76383,0.429971988795518,0.26047175715864,0.26047175715864,0.26047175715864,0.26047175715864,22611.2553684325,22611.2553684325,22611.2553684325,22611.2553684325,0.39056415707784,0.39056415707784,0.39056415707784,0.39056415707784,118.168323177868,118.168323177868,118.168323177868,118.168323177868,0.76383,0.76383,0.76383,0.76383,0.429971988795518,0.429971988795518,0.429971988795518,0.429971988795518,69.5963378331009,69.5963378331009,69.5963378331009,69.5963378331009,69.5963378331009,1077.81991926382
1983,"JPN","buildings",0.375800167856032,23245.88998278,0.39762684554178,118.991631352802,0.76493,0.434460676405844,0.375800167856032,0.375800167856032,0.375800167856032,0.375800167856032,23245.88998278,23245.88998278,23245.88998278,23245.88998278,0.39762684554178,0.39762684554178,0.39762684554178,0.39762684554178,118.991631352802,118.991631352802,118.991631352802,118.991631352802,0.76493,0.76493,0.76493,0.76493,0.434460676405844,0.434460676405844,0.434460676405844,0.434460676405844,103.9488206635,103.9488206635,103.9488206635,103.9488206635,103.9488206635,1079.75045171727
1983,"JPN","energy",1.20501983527162,23245.88998278,0.39762684554178,118.991631352802,0.76493,0.434460676405844,1.20501983527162,1.20501983527162,1.20501983527162,1.20501983527162,23245.88998278,23245.88998278,23245.88998278,23245.88998278,0.39762684554178,0.39762684554178,0.39762684554178,0.39762684554178,118.991631352802,118.991631352802,118.991631352802,118.991631352802,0.76493,0.76493,0.76493,0.76493,0.434460676405844,0.434460676405844,0.434460676405844,0.434460676405844,333.316484309279,333.316484309279,333.316484309279,333.316484309279,333.316484309279,1079.75045171727
1983,"JPN","industry",1.44025866367991,23245.88998278,0.39762684554178,118.991631352802,0.76493,0.434460676405844,1.44025866367991,1.44025866367991,1.44025866367991,1.44025866367991,23245.88998278,23245.88998278,23245.88998278,23245.88998278,0.39762684554178,0.39762684554178,0.39762684554178,0.39762684554178,118.991631352802,118.991631352802,118.991631352802,118.991631352802,0.76493,0.76493,0.76493,0.76493,0.434460676405844,0.434460676405844,0.434460676405844,0.434460676405844,398.38510555767,398.38510555767,398.38510555767,398.38510555767,398.38510555767,1079.75045171727
1983,"JPN","agriculture",0.252301773014974,23245.88998278,0.39762684554178,118.991631352802,0.76493,0.434460676405844,0.252301773014974,0.252301773014974,0.252301773014974,0.252301773014974,23245.88998278,23245.88998278,23245.88998278,23245.88998278,0.39762684554178,0.39762684554178,0.39762684554178,0.39762684554178,118.991631352802,118.991631352802,118.991631352802,118.991631352802,0.76493,0.76493,0.76493,0.76493,0.434460676405844,0.434460676405844,0.434460676405844,0.434460676405844,69.7883449755771,69.7883449755771,69.7883449755771,69.7883449755771,69.7883449755771,1079.75045171727
1983,"JPN","transport",0.63017900806696,23245.88998278,0.39762684554178,118.991631352802,0.76493,0.434460676405844,0.63017900806696,0.63017900806696,0.63017900806696,0.63017900806696,23245.88998278,23245.88998278,23245.88998278,23245.88998278,0.39762684554178,0.39762684554178,0.39762684554178,0.39762684554178,118.991631352802,118.991631352802,118.991631352802,118.991631352802,0.76493,0.76493,0.76493,0.76493,0.434460676405844,0.434460676405844,0.434460676405844,0.434460676405844,174.311696211243,174.311696211243,174.311696211243,174.311696211243,174.311696211243,1079.75045171727
1984,"JPN","industry",1.44802517526679,24138.7591801069,0.404594239544308,119.749099685157,0.76603,0.438951160928743,1.44802517526679,1.44802517526679,1.44802517526679,1.44802517526679,24138.7591801069,24138.7591801069,24138.7591801069,24138.7591801069,0.404594239544308,0.404594239544308,0.404594239544308,0.404594239544308,119.749099685157,119.749099685157,119.749099685157,119.749099685157,0.76603,0.76603,0.76603,0.76603,0.438951160928743,0.438951160928743,0.438951160928743,0.438951160928743,418.565386716878,418.565386716878,418.565386716878,418.565386716878,418.565386716878,1149.59592436554
1984,"JPN","transport",0.624677998339093,24138.7591801069,0.404594239544308,119.749099685157,0.76603,0.438951160928743,0.624677998339093,0.624677998339093,0.624677998339093,0.624677998339093,24138.7591801069,24138.7591801069,24138.7591801069,24138.7591801069,0.404594239544308,0.404594239544308,0.404594239544308,0.404594239544308,119.749099685157,119.749099685157,119.749099685157,119.749099685157,0.76603,0.76603,0.76603,0.76603,0.438951160928743,0.438951160928743,0.438951160928743,0.438951160928743,180.569089829639,180.569089829639,180.569089829639,180.569089829639,180.569089829639,1149.59592436554
1984,"JPN","buildings",0.387560238609057,24138.7591801069,0.404594239544308,119.749099685157,0.76603,0.438951160928743,0.387560238609057,0.387560238609057,0.387560238609057,0.387560238609057,24138.7591801069,24138.7591801069,24138.7591801069,24138.7591801069,0.404594239544308,0.404594239544308,0.404594239544308,0.404594239544308,119.749099685157,119.749099685157,119.749099685157,119.749099685157,0.76603,0.76603,0.76603,0.76603,0.438951160928743,0.438951160928743,0.438951160928743,0.438951160928743,112.0279563645,112.0279563645,112.0279563645,112.0279563645,112.0279563645,1149.59592436554
1984,"JPN","agriculture",0.243036186974524,24138.7591801069,0.404594239544308,119.749099685157,0.76603,0.438951160928743,0.243036186974524,0.243036186974524,0.243036186974524,0.243036186974524,24138.7591801069,24138.7591801069,24138.7591801069,24138.7591801069,0.404594239544308,0.404594239544308,0.404594239544308,0.404594239544308,119.749099685157,119.749099685157,119.749099685157,119.749099685157,0.76603,0.76603,0.76603,0.76603,0.438951160928743,0.438951160928743,0.438951160928743,0.438951160928743,70.2519108954337,70.2519108954337,70.2519108954337,70.2519108954337,70.2519108954337,1149.59592436554
1984,"JPN","energy",1.27372261213681,24138.7591801069,0.404594239544308,119.749099685157,0.76603,0.438951160928743,1.27372261213681,1.27372261213681,1.27372261213681,1.27372261213681,24138.7591801069,24138.7591801069,24138.7591801069,24138.7591801069,0.404594239544308,0.404594239544308,0.404594239544308,0.404594239544308,119.749099685157,119.749099685157,119.749099685157,119.749099685157,0.76603,0.76603,0.76603,0.76603,0.438951160928743,0.438951160928743,0.438951160928743,0.438951160928743,368.181580559086,368.181580559086,368.181580559086,368.181580559086,368.181580559086,1149.59592436554
1985,"JPN","agriculture",0.230405823116463,25259.4947444555,0.411468254825011,120.4244,0.76712,0.443443443443443,0.230405823116463,0.230405823116463,0.230405823116463,0.230405823116463,25259.4947444555,25259.4947444555,25259.4947444555,25259.4947444555,0.411468254825011,0.411468254825011,0.411468254825011,0.411468254825011,120.4244,120.4244,120.4244,120.4244,0.76712,0.76712,0.76712,0.76712,0.443443443443443,0.443443443443443,0.443443443443443,0.443443443443443,70.0862141649657,70.0862141649657,70.0862141649657,70.0862141649657,70.0862141649657,1122.76914430533
1985,"JPN","buildings",0.356716312555161,25259.4947444555,0.411468254825011,120.4244,0.76712,0.443443443443443,0.356716312555161,0.356716312555161,0.356716312555161,0.356716312555161,25259.4947444555,25259.4947444555,25259.4947444555,25259.4947444555,0.411468254825011,0.411468254825011,0.411468254825011,0.411468254825011,120.4244,120.4244,120.4244,120.4244,0.76712,0.76712,0.76712,0.76712,0.443443443443443,0.443443443443443,0.443443443443443,0.443443443443443,108.508090376,108.508090376,108.508090376,108.508090376,108.508090376,1122.76914430533
1985,"JPN","industry",1.36111284703374,25259.4947444555,0.411468254825011,120.4244,0.76712,0.443443443443443,1.36111284703374,1.36111284703374,1.36111284703374,1.36111284703374,25259.4947444555,25259.4947444555,25259.4947444555,25259.4947444555,0.411468254825011,0.411468254825011,0.411468254825011,0.411468254825011,120.4244,120.4244,120.4244,120.4244,0.76712,0.76712,0.76712,0.76712,0.443443443443443,0.443443443443443,0.443443443443443,0.443443443443443,414.031404283012,414.031404283012,414.031404283012,414.031404283012,414.031404283012,1122.76914430533
1985,"JPN","energy",1.14577119350095,25259.4947444555,0.411468254825011,120.4244,0.76712,0.443443443443443,1.14577119350095,1.14577119350095,1.14577119350095,1.14577119350095,25259.4947444555,25259.4947444555,25259.4947444555,25259.4947444555,0.411468254825011,0.411468254825011,0.411468254825011,0.411468254825011,120.4244,120.4244,120.4244,120.4244,0.76712,0.76712,0.76712,0.76712,0.443443443443443,0.443443443443443,0.443443443443443,0.443443443443443,348.527498852168,348.527498852168,348.527498852168,348.527498852168,348.527498852168,1122.76914430533
1985,"JPN","transport",0.597055638811085,25259.4947444555,0.411468254825011,120.4244,0.76712,0.443443443443443,0.597055638811085,0.597055638811085,0.597055638811085,0.597055638811085,25259.4947444555,25259.4947444555,25259.4947444555,25259.4947444555,0.411468254825011,0.411468254825011,0.411468254825011,0.411468254825011,120.4244,120.4244,120.4244,120.4244,0.76712,0.76712,0.76712,0.76712,0.443443443443443,0.443443443443443,0.443443443443443,0.443443443443443,181.615936629182,181.615936629182,181.615936629182,181.615936629182,181.615936629182,1122.76914430533
1986,"JPN","agriculture",0.219967210508842,25973.9728209584,0.421176017951503,121.008140960886,0.76835,0.446156925540432,0.219967210508842,0.219967210508842,0.219967210508842,0.219967210508842,25973.9728209584,25973.9728209584,25973.9728209584,25973.9728209584,0.421176017951503,0.421176017951503,0.421176017951503,0.421176017951503,121.008140960886,121.008140960886,121.008140960886,121.008140960886,0.76835,0.76835,0.76835,0.76835,0.446156925540432,0.446156925540432,0.446156925540432,0.446156925540432,69.1370616766156,69.1370616766156,69.1370616766156,69.1370616766156,69.1370616766156,1118.29164504646
1986,"JPN","industry",1.27521334494756,25973.9728209584,0.421176017951503,121.008140960886,0.76835,0.446156925540432,1.27521334494756,1.27521334494756,1.27521334494756,1.27521334494756,25973.9728209584,25973.9728209584,25973.9728209584,25973.9728209584,0.421176017951503,0.421176017951503,0.421176017951503,0.421176017951503,121.008140960886,121.008140960886,121.008140960886,121.008140960886,0.76835,0.76835,0.76835,0.76835,0.446156925540432,0.446156925540432,0.446156925540432,0.446156925540432,400.807481608442,400.807481608442,400.807481608442,400.807481608442,400.807481608442,1118.29164504646
1986,"JPN","buildings",0.356642137567236,25973.9728209584,0.421176017951503,121.008140960886,0.76835,0.446156925540432,0.356642137567236,0.356642137567236,0.356642137567236,0.356642137567236,25973.9728209584,25973.9728209584,25973.9728209584,25973.9728209584,0.421176017951503,0.421176017951503,0.421176017951503,0.421176017951503,121.008140960886,121.008140960886,121.008140960886,121.008140960886,0.76835,0.76835,0.76835,0.76835,0.446156925540432,0.446156925540432,0.446156925540432,0.446156925540432,112.094840883,112.094840883,112.094840883,112.094840883,112.094840883,1118.29164504646
1986,"JPN","energy",1.10857793325564,25973.9728209584,0.421176017951503,121.008140960886,0.76835,0.446156925540432,1.10857793325564,1.10857793325564,1.10857793325564,1.10857793325564,25973.9728209584,25973.9728209584,25973.9728209584,25973.9728209584,0.421176017951503,0.421176017951503,0.421176017951503,0.421176017951503,121.008140960886,121.008140960886,121.008140960886,121.008140960886,0.76835,0.76835,0.76835,0.76835,0.446156925540432,0.446156925540432,0.446156925540432,0.446156925540432,348.432935834086,348.432935834086,348.432935834086,348.432935834086,348.432935834086,1118.29164504646
1986,"JPN","transport",0.597567961492148,25973.9728209584,0.421176017951503,121.008140960886,0.76835,0.446156925540432,0.597567961492148,0.597567961492148,0.597567961492148,0.597567961492148,25973.9728209584,25973.9728209584,25973.9728209584,25973.9728209584,0.421176017951503,0.421176017951503,0.421176017951503,0.421176017951503,121.008140960886,121.008140960886,121.008140960886,121.008140960886,0.76835,0.76835,0.76835,0.76835,0.446156925540432,0.446156925540432,0.446156925540432,0.446156925540432,187.819325044318,187.819325044318,187.819325044318,187.819325044318,187.819325044318,1118.29164504646
1987,"JPN","agriculture",0.198936702199274,27088.5140766297,0.430805760909283,121.518678585327,0.76962,0.448869321592956,0.198936702199274,0.198936702199274,0.198936702199274,0.198936702199274,27088.5140766297,27088.5140766297,27088.5140766297,27088.5140766297,0.430805760909283,0.430805760909283,0.430805760909283,0.430805760909283,121.518678585327,121.518678585327,121.518678585327,121.518678585327,0.76962,0.76962,0.76962,0.76962,0.448869321592956,0.448869321592956,0.448869321592956,0.448869321592956,65.4851965454901,65.4851965454901,65.4851965454901,65.4851965454901,65.4851965454901,1118.7097718201
1987,"JPN","buildings",0.33694172027571,27088.5140766297,0.430805760909283,121.518678585327,0.76962,0.448869321592956,0.33694172027571,0.33694172027571,0.33694172027571,0.33694172027571,27088.5140766297,27088.5140766297,27088.5140766297,27088.5140766297,0.430805760909283,0.430805760909283,0.430805760909283,0.430805760909283,121.518678585327,121.518678585327,121.518678585327,121.518678585327,0.76962,0.76962,0.76962,0.76962,0.448869321592956,0.448869321592956,0.448869321592956,0.448869321592956,110.913142385,110.913142385,110.913142385,110.913142385,110.913142385,1118.7097718201
1987,"JPN","industry",1.21114833796548,27088.5140766297,0.430805760909283,121.518678585327,0.76962,0.448869321592956,1.21114833796548,1.21114833796548,1.21114833796548,1.21114833796548,27088.5140766297,27088.5140766297,27088.5140766297,27088.5140766297,0.430805760909283,0.430805760909283,0.430805760909283,0.430805760909283,121.518678585327,121.518678585327,121.518678585327,121.518678585327,0.76962,0.76962,0.76962,0.76962,0.448869321592956,0.448869321592956,0.448869321592956,0.448869321592956,398.681018035406,398.681018035406,398.681018035406,398.681018035406,398.681018035406,1118.7097718201
1987,"JPN","energy",1.0575715259803,27088.5140766297,0.430805760909283,121.518678585327,0.76962,0.448869321592956,1.0575715259803,1.0575715259803,1.0575715259803,1.0575715259803,27088.5140766297,27088.5140766297,27088.5140766297,27088.5140766297,0.430805760909283,0.430805760909283,0.430805760909283,0.430805760909283,121.518678585327,121.518678585327,121.518678585327,121.518678585327,0.76962,0.76962,0.76962,0.76962,0.448869321592956,0.448869321592956,0.448869321592956,0.448869321592956,348.127210686148,348.127210686148,348.127210686148,348.127210686148,348.127210686148,1118.7097718201
1987,"JPN","transport",0.593916866074715,27088.5140766297,0.430805760909283,121.518678585327,0.76962,0.448869321592956,0.593916866074715,0.593916866074715,0.593916866074715,0.593916866074715,27088.5140766297,27088.5140766297,27088.5140766297,27088.5140766297,0.430805760909283,0.430805760909283,0.430805760909283,0.430805760909283,121.518678585327,121.518678585327,121.518678585327,121.518678585327,0.76962,0.76962,0.76962,0.76962,0.448869321592956,0.448869321592956,0.448869321592956,0.448869321592956,195.503204168055,195.503204168055,195.503204168055,195.503204168055,195.503204168055,1118.7097718201
1988,"JPN","energy",1.07688281560179,28816.763027411,0.440358420492498,121.981305729325,0.77088,0.451580632252901,1.07688281560179,1.07688281560179,1.07688281560179,1.07688281560179,28816.763027411,28816.763027411,28816.763027411,28816.763027411,0.440358420492498,0.440358420492498,0.440358420492498,0.440358420492498,121.981305729325,121.981305729325,121.981305729325,121.981305729325,0.77088,0.77088,0.77088,0.77088,0.451580632252901,0.451580632252901,0.451580632252901,0.451580632252901,378.535765668538,378.535765668538,378.535765668538,378.535765668538,378.535765668538,1190.7458113883
1988,"JPN","buildings",0.348560064970142,28816.763027411,0.440358420492498,121.981305729325,0.77088,0.451580632252901,0.348560064970142,0.348560064970142,0.348560064970142,0.348560064970142,28816.763027411,28816.763027411,28816.763027411,28816.763027411,0.440358420492498,0.440358420492498,0.440358420492498,0.440358420492498,121.981305729325,121.981305729325,121.981305729325,121.981305729325,0.77088,0.77088,0.77088,0.77088,0.451580632252901,0.451580632252901,0.451580632252901,0.451580632252901,122.522570853,122.522570853,122.522570853,122.522570853,122.522570853,1190.7458113883
1988,"JPN","transport",0.585605547937897,28816.763027411,0.440358420492498,121.981305729325,0.77088,0.451580632252901,0.585605547937897,0.585605547937897,0.585605547937897,0.585605547937897,28816.763027411,28816.763027411,28816.763027411,28816.763027411,0.440358420492498,0.440358420492498,0.440358420492498,0.440358420492498,121.981305729325,121.981305729325,121.981305729325,121.981305729325,0.77088,0.77088,0.77088,0.77088,0.451580632252901,0.451580632252901,0.451580632252901,0.451580632252901,205.846579829152,205.846579829152,205.846579829152,205.846579829152,205.846579829152,1190.7458113883
1988,"JPN","industry",1.19377819333777,28816.763027411,0.440358420492498,121.981305729325,0.77088,0.451580632252901,1.19377819333777,1.19377819333777,1.19377819333777,1.19377819333777,28816.763027411,28816.763027411,28816.763027411,28816.763027411,0.440358420492498,0.440358420492498,0.440358420492498,0.440358420492498,121.981305729325,121.981305729325,121.981305729325,121.981305729325,0.77088,0.77088,0.77088,0.77088,0.451580632252901,0.451580632252901,0.451580632252901,0.451580632252901,419.625734487175,419.625734487175,419.625734487175,419.625734487175,419.625734487175,1190.7458113883
1988,"JPN","agriculture",0.182683405822289,28816.763027411,0.440358420492498,121.981305729325,0.77088,0.451580632252901,0.182683405822289,0.182683405822289,0.182683405822289,0.182683405822289,28816.763027411,28816.763027411,28816.763027411,28816.763027411,0.440358420492498,0.440358420492498,0.440358420492498,0.440358420492498,121.981305729325,121.981305729325,121.981305729325,121.981305729325,0.77088,0.77088,0.77088,0.77088,0.451580632252901,0.451580632252901,0.451580632252901,0.451580632252901,64.215160550438,64.215160550438,64.215160550438,64.215160550438,64.215160550438,1190.7458113883
1989,"JPN","agriculture",0.172612380868665,30108.0758809901,0.449834918557534,122.421315248882,0.77213,0.454290858171634,0.172612380868665,0.172612380868665,0.172612380868665,0.172612380868665,30108.0758809901,30108.0758809901,30108.0758809901,30108.0758809901,0.449834918557534,0.449834918557534,0.449834918557534,0.449834918557534,122.421315248882,122.421315248882,122.421315248882,122.421315248882,0.77213,0.77213,0.77213,0.77213,0.454290858171634,0.454290858171634,0.454290858171634,0.454290858171634,63.6226839246647,63.6226839246647,63.6226839246647,63.6226839246647,63.6226839246647,1221.3650128994
1989,"JPN","energy",1.06618767088102,30108.0758809901,0.449834918557534,122.421315248882,0.77213,0.454290858171634,1.06618767088102,1.06618767088102,1.06618767088102,1.06618767088102,30108.0758809901,30108.0758809901,30108.0758809901,30108.0758809901,0.449834918557534,0.449834918557534,0.449834918557534,0.449834918557534,122.421315248882,122.421315248882,122.421315248882,122.421315248882,0.77213,0.77213,0.77213,0.77213,0.454290858171634,0.454290858171634,0.454290858171634,0.454290858171634,392.982941591251,392.982941591251,392.982941591251,392.982941591251,392.982941591251,1221.3650128994
1989,"JPN","buildings",0.32162982045915,30108.0758809901,0.449834918557534,122.421315248882,0.77213,0.454290858171634,0.32162982045915,0.32162982045915,0.32162982045915,0.32162982045915,30108.0758809901,30108.0758809901,30108.0758809901,30108.0758809901,0.449834918557534,0.449834918557534,0.449834918557534,0.449834918557534,122.421315248882,122.421315248882,122.421315248882,122.421315248882,0.77213,0.77213,0.77213,0.77213,0.454290858171634,0.454290858171634,0.454290858171634,0.454290858171634,118.548578641,118.548578641,118.548578641,118.548578641,118.548578641,1221.3650128994
1989,"JPN","transport",0.593970435089921,30108.0758809901,0.449834918557534,122.421315248882,0.77213,0.454290858171634,0.593970435089921,0.593970435089921,0.593970435089921,0.593970435089921,30108.0758809901,30108.0758809901,30108.0758809901,30108.0758809901,0.449834918557534,0.449834918557534,0.449834918557534,0.449834918557534,122.421315248882,122.421315248882,122.421315248882,122.421315248882,0.77213,0.77213,0.77213,0.77213,0.454290858171634,0.454290858171634,0.454290858171634,0.454290858171634,218.929795546211,218.929795546211,218.929795546211,218.929795546211,218.929795546211,1221.3650128994
1989,"JPN","industry",1.15924051671751,30108.0758809901,0.449834918557534,122.421315248882,0.77213,0.454290858171634,1.15924051671751,1.15924051671751,1.15924051671751,1.15924051671751,30108.0758809901,30108.0758809901,30108.0758809901,30108.0758809901,0.449834918557534,0.449834918557534,0.449834918557534,0.449834918557534,122.421315248882,122.421315248882,122.421315248882,122.421315248882,0.77213,0.77213,0.77213,0.77213,0.454290858171634,0.454290858171634,0.454290858171634,0.454290858171634,427.281013196268,427.281013196268,427.281013196268,427.281013196268,427.281013196268,1221.3650128994
1990,"JPN","energy",1.11783411233862,31467.4752591952,0.459236162319577,122.864,0.77339,0.457,1.11783411233862,1.11783411233862,1.11783411233862,1.11783411233862,31467.4752591952,31467.4752591952,31467.4752591952,31467.4752591952,0.459236162319577,0.459236162319577,0.459236162319577,0.459236162319577,122.864,122.864,122.864,122.864,0.77339,0.77339,0.77339,0.77339,0.457,0.457,0.457,0.457,432.179246794045,432.179246794045,432.179246794045,432.179246794045,432.179246794045,1303.93669817627
1990,"JPN","industry",1.2121334497853,31467.4752591952,0.459236162319577,122.864,0.77339,0.457,1.2121334497853,1.2121334497853,1.2121334497853,1.2121334497853,31467.4752591952,31467.4752591952,31467.4752591952,31467.4752591952,0.459236162319577,0.459236162319577,0.459236162319577,0.459236162319577,122.864,122.864,122.864,122.864,0.77339,0.77339,0.77339,0.77339,0.457,0.457,0.457,0.457,468.637444107079,468.637444107079,468.637444107079,468.637444107079,468.637444107079,1303.93669817627
1990,"JPN","buildings",0.309195189997578,31467.4752591952,0.459236162319577,122.864,0.77339,0.457,0.309195189997578,0.309195189997578,0.309195189997578,0.309195189997578,31467.4752591952,31467.4752591952,31467.4752591952,31467.4752591952,0.459236162319577,0.459236162319577,0.459236162319577,0.459236162319577,122.864,122.864,122.864,122.864,0.77339,0.77339,0.77339,0.77339,0.457,0.457,0.457,0.457,119.5416590445,119.5416590445,119.5416590445,119.5416590445,119.5416590445,1303.93669817627
1990,"JPN","agriculture",0.160650583818172,31467.4752591952,0.459236162319577,122.864,0.77339,0.457,0.160650583818172,0.160650583818172,0.160650583818172,0.160650583818172,31467.4752591952,31467.4752591952,31467.4752591952,31467.4752591952,0.459236162319577,0.459236162319577,0.459236162319577,0.459236162319577,122.864,122.864,122.864,122.864,0.77339,0.77339,0.77339,0.77339,0.457,0.457,0.457,0.457,62.1110480930904,62.1110480930904,62.1110480930904,62.1110480930904,62.1110480930904,1303.93669817627
1990,"JPN","transport",0.572826448048466,31467.4752591952,0.459236162319577,122.864,0.77339,0.457,0.572826448048466,0.572826448048466,0.572826448048466,0.572826448048466,31467.4752591952,31467.4752591952,31467.4752591952,31467.4752591952,0.459236162319577,0.459236162319577,0.459236162319577,0.459236162319577,122.864,122.864,122.864,122.864,0.77339,0.77339,0.77339,0.77339,0.457,0.457,0.457,0.457,221.467300137554,221.467300137554,221.467300137554,221.467300137554,221.467300137554,1303.93669817627
1991,"JPN","energy",1.08454612642378,32420.5522134944,0.46598142022753,123.326974421168,0.77473,0.45869173834767,1.08454612642378,1.08454612642378,1.08454612642378,1.08454612642378,32420.5522134944,32420.5522134944,32420.5522134944,32420.5522134944,0.46598142022753,0.46598142022753,0.46598142022753,0.46598142022753,123.326974421168,123.326974421168,123.326974421168,123.326974421168,0.77473,0.77473,0.77473,0.77473,0.45869173834767,0.45869173834767,0.45869173834767,0.45869173834767,433.637180999908,433.637180999908,433.637180999908,433.637180999908,433.637180999908,1315.36287630685
1991,"JPN","agriculture",0.15251792523748,32420.5522134944,0.46598142022753,123.326974421168,0.77473,0.45869173834767,0.15251792523748,0.15251792523748,0.15251792523748,0.15251792523748,32420.5522134944,32420.5522134944,32420.5522134944,32420.5522134944,0.46598142022753,0.46598142022753,0.46598142022753,0.46598142022753,123.326974421168,123.326974421168,123.326974421168,123.326974421168,0.77473,0.77473,0.77473,0.77473,0.45869173834767,0.45869173834767,0.45869173834767,0.45869173834767,60.9816784556868,60.9816784556868,60.9816784556868,60.9816784556868,60.9816784556868,1315.36287630685
1991,"JPN","industry",1.16480334549062,32420.5522134944,0.46598142022753,123.326974421168,0.77473,0.45869173834767,1.16480334549062,1.16480334549062,1.16480334549062,1.16480334549062,32420.5522134944,32420.5522134944,32420.5522134944,32420.5522134944,0.46598142022753,0.46598142022753,0.46598142022753,0.46598142022753,123.326974421168,123.326974421168,123.326974421168,123.326974421168,0.77473,0.77473,0.77473,0.77473,0.45869173834767,0.45869173834767,0.45869173834767,0.45869173834767,465.72665454383,465.72665454383,465.72665454383,465.72665454383,465.72665454383,1315.36287630685
1991,"JPN","transport",0.58436185295374,32420.5522134944,0.46598142022753,123.326974421168,0.77473,0.45869173834767,0.58436185295374,0.58436185295374,0.58436185295374,0.58436185295374,32420.5522134944,32420.5522134944,32420.5522134944,32420.5522134944,0.46598142022753,0.46598142022753,0.46598142022753,0.46598142022753,123.326974421168,123.326974421168,123.326974421168,123.326974421168,0.77473,0.77473,0.77473,0.77473,0.45869173834767,0.45869173834767,0.45869173834767,0.45869173834767,233.647071733423,233.647071733423,233.647071733423,233.647071733423,233.647071733423,1315.36287630685
1991,"JPN","buildings",0.303552564845651,32420.5522134944,0.46598142022753,123.326974421168,0.77473,0.45869173834767,0.303552564845651,0.303552564845651,0.303552564845651,0.303552564845651,32420.5522134944,32420.5522134944,32420.5522134944,32420.5522134944,0.46598142022753,0.46598142022753,0.46598142022753,0.46598142022753,123.326974421168,123.326974421168,123.326974421168,123.326974421168,0.77473,0.77473,0.77473,0.77473,0.45869173834767,0.45869173834767,0.45869173834767,0.45869173834767,121.370290574,121.370290574,121.370290574,121.370290574,121.370290574,1315.36287630685
1992,"JPN","energy",1.0931300495201,32571.3054729792,0.472679155450543,123.797139280825,0.7761,0.460384153661465,1.0931300495201,1.0931300495201,1.0931300495201,1.0931300495201,32571.3054729792,32571.3054729792,32571.3054729792,32571.3054729792,0.472679155450543,0.472679155450543,0.472679155450543,0.472679155450543,123.797139280825,123.797139280825,123.797139280825,123.797139280825,0.7761,0.7761,0.7761,0.7761,0.460384153661465,0.460384153661465,0.460384153661465,0.460384153661465,440.775663328884,440.775663328884,440.775663328884,440.775663328884,440.775663328884,1327.33350360013
1992,"JPN","agriculture",0.152543392719129,32571.3054729792,0.472679155450543,123.797139280825,0.7761,0.460384153661465,0.152543392719129,0.152543392719129,0.152543392719129,0.152543392719129,32571.3054729792,32571.3054729792,32571.3054729792,32571.3054729792,0.472679155450543,0.472679155450543,0.472679155450543,0.472679155450543,123.797139280825,123.797139280825,123.797139280825,123.797139280825,0.7761,0.7761,0.7761,0.7761,0.460384153661465,0.460384153661465,0.460384153661465,0.460384153661465,61.5090721746521,61.5090721746521,61.5090721746521,61.5090721746521,61.5090721746521,1327.33350360013
1992,"JPN","industry",1.13843348159144,32571.3054729792,0.472679155450543,123.797139280825,0.7761,0.460384153661465,1.13843348159144,1.13843348159144,1.13843348159144,1.13843348159144,32571.3054729792,32571.3054729792,32571.3054729792,32571.3054729792,0.472679155450543,0.472679155450543,0.472679155450543,0.472679155450543,123.797139280825,123.797139280825,123.797139280825,123.797139280825,0.7761,0.7761,0.7761,0.7761,0.460384153661465,0.460384153661465,0.460384153661465,0.460384153661465,459.043069234604,459.043069234604,459.043069234604,459.043069234604,459.043069234604,1327.33350360013
1992,"JPN","buildings",0.311532438363808,32571.3054729792,0.472679155450543,123.797139280825,0.7761,0.460384153661465,0.311532438363808,0.311532438363808,0.311532438363808,0.311532438363808,32571.3054729792,32571.3054729792,32571.3054729792,32571.3054729792,0.472679155450543,0.472679155450543,0.472679155450543,0.472679155450543,123.797139280825,123.797139280825,123.797139280825,123.797139280825,0.7761,0.7761,0.7761,0.7761,0.460384153661465,0.460384153661465,0.460384153661465,0.460384153661465,125.6171827209,125.6171827209,125.6171827209,125.6171827209,125.6171827209,1327.33350360013
1992,"JPN","transport",0.596167012871805,32571.3054729792,0.472679155450543,123.797139280825,0.7761,0.460384153661465,0.596167012871805,0.596167012871805,0.596167012871805,0.596167012871805,32571.3054729792,32571.3054729792,32571.3054729792,32571.3054729792,0.472679155450543,0.472679155450543,0.472679155450543,0.472679155450543,123.797139280825,123.797139280825,123.797139280825,123.797139280825,0.7761,0.7761,0.7761,0.7761,0.460384153661465,0.460384153661465,0.460384153661465,0.460384153661465,240.388516141087,240.388516141087,240.388516141087,240.388516141087,240.388516141087,1327.33350360013
1993,"JPN","transport",0.607820439470473,32283.520887022,0.4793298684464,124.253716929898,0.77746,0.462077246347809,0.607820439470473,0.607820439470473,0.607820439470473,0.607820439470473,32283.520887022,32283.520887022,32283.520887022,32283.520887022,0.4793298684464,0.4793298684464,0.4793298684464,0.4793298684464,124.253716929898,124.253716929898,124.253716929898,124.253716929898,0.77746,0.77746,0.77746,0.77746,0.462077246347809,0.462077246347809,0.462077246347809,0.462077246347809,243.817897952918,243.817897952918,243.817897952918,243.817897952918,243.817897952918,1321.1896262872
1993,"JPN","industry",1.14773222192024,32283.520887022,0.4793298684464,124.253716929898,0.77746,0.462077246347809,1.14773222192024,1.14773222192024,1.14773222192024,1.14773222192024,32283.520887022,32283.520887022,32283.520887022,32283.520887022,0.4793298684464,0.4793298684464,0.4793298684464,0.4793298684464,124.253716929898,124.253716929898,124.253716929898,124.253716929898,0.77746,0.77746,0.77746,0.77746,0.462077246347809,0.462077246347809,0.462077246347809,0.462077246347809,460.39527398127,460.39527398127,460.39527398127,460.39527398127,460.39527398127,1321.1896262872
1993,"JPN","agriculture",0.153437651073341,32283.520887022,0.4793298684464,124.253716929898,0.77746,0.462077246347809,0.153437651073341,0.153437651073341,0.153437651073341,0.153437651073341,32283.520887022,32283.520887022,32283.520887022,32283.520887022,0.4793298684464,0.4793298684464,0.4793298684464,0.4793298684464,124.253716929898,124.253716929898,124.253716929898,124.253716929898,0.77746,0.77746,0.77746,0.77746,0.462077246347809,0.462077246347809,0.462077246347809,0.462077246347809,61.5491732790809,61.5491732790809,61.5491732790809,61.5491732790809,61.5491732790809,1321.1896262872
1993,"JPN","buildings",0.329415826924041,32283.520887022,0.4793298684464,124.253716929898,0.77746,0.462077246347809,0.329415826924041,0.329415826924041,0.329415826924041,0.329415826924041,32283.520887022,32283.520887022,32283.520887022,32283.520887022,0.4793298684464,0.4793298684464,0.4793298684464,0.4793298684464,124.253716929898,124.253716929898,124.253716929898,124.253716929898,0.77746,0.77746,0.77746,0.77746,0.462077246347809,0.462077246347809,0.462077246347809,0.462077246347809,132.1401342525,132.1401342525,132.1401342525,132.1401342525,132.1401342525,1321.1896262872
1993,"JPN","energy",1.05522433653696,32283.520887022,0.4793298684464,124.253716929898,0.77746,0.462077246347809,1.05522433653696,1.05522433653696,1.05522433653696,1.05522433653696,32283.520887022,32283.520887022,32283.520887022,32283.520887022,0.4793298684464,0.4793298684464,0.4793298684464,0.4793298684464,124.253716929898,124.253716929898,124.253716929898,124.253716929898,0.77746,0.77746,0.77746,0.77746,0.462077246347809,0.462077246347809,0.462077246347809,0.462077246347809,423.287146821431,423.287146821431,423.287146821431,423.287146821431,423.287146821431,1321.1896262872
1994,"JPN","agriculture",0.151440594493057,32456.0392587953,0.485934052670421,124.675929719314,0.77881,0.463771016813451,0.151440594493057,0.151440594493057,0.151440594493057,0.151440594493057,32456.0392587953,32456.0392587953,32456.0392587953,32456.0392587953,0.485934052670421,0.485934052670421,0.485934052670421,0.485934052670421,124.675929719314,124.675929719314,124.675929719314,124.675929719314,0.77881,0.77881,0.77881,0.77881,0.463771016813451,0.463771016813451,0.463771016813451,0.463771016813451,61.2802377140095,61.2802377140095,61.2802377140095,61.2802377140095,61.2802377140095,1376.99382801857
1994,"JPN","buildings",0.319821561493893,32456.0392587953,0.485934052670421,124.675929719314,0.77881,0.463771016813451,0.319821561493893,0.319821561493893,0.319821561493893,0.319821561493893,32456.0392587953,32456.0392587953,32456.0392587953,32456.0392587953,0.485934052670421,0.485934052670421,0.485934052670421,0.485934052670421,124.675929719314,124.675929719314,124.675929719314,124.675929719314,0.77881,0.77881,0.77881,0.77881,0.463771016813451,0.463771016813451,0.463771016813451,0.463771016813451,129.4153749199,129.4153749199,129.4153749199,129.4153749199,129.4153749199,1376.99382801857
1994,"JPN","energy",1.14755106503764,32456.0392587953,0.485934052670421,124.675929719314,0.77881,0.463771016813451,1.14755106503764,1.14755106503764,1.14755106503764,1.14755106503764,32456.0392587953,32456.0392587953,32456.0392587953,32456.0392587953,0.485934052670421,0.485934052670421,0.485934052670421,0.485934052670421,124.675929719314,124.675929719314,124.675929719314,124.675929719314,0.77881,0.77881,0.77881,0.77881,0.463771016813451,0.463771016813451,0.463771016813451,0.463771016813451,464.355031686669,464.355031686669,464.355031686669,464.355031686669,464.355031686669,1376.99382801857
1994,"JPN","industry",1.16120976737664,32456.0392587953,0.485934052670421,124.675929719314,0.77881,0.463771016813451,1.16120976737664,1.16120976737664,1.16120976737664,1.16120976737664,32456.0392587953,32456.0392587953,32456.0392587953,32456.0392587953,0.485934052670421,0.485934052670421,0.485934052670421,0.485934052670421,124.675929719314,124.675929719314,124.675929719314,124.675929719314,0.77881,0.77881,0.77881,0.77881,0.463771016813451,0.463771016813451,0.463771016813451,0.463771016813451,469.882007653718,469.882007653718,469.882007653718,469.882007653718,469.882007653718,1376.99382801857
1994,"JPN","transport",0.622913614123213,32456.0392587953,0.485934052670421,124.675929719314,0.77881,0.463771016813451,0.622913614123213,0.622913614123213,0.622913614123213,0.622913614123213,32456.0392587953,32456.0392587953,32456.0392587953,32456.0392587953,0.485934052670421,0.485934052670421,0.485934052670421,0.485934052670421,124.675929719314,124.675929719314,124.675929719314,124.675929719314,0.77881,0.77881,0.77881,0.77881,0.463771016813451,0.463771016813451,0.463771016813451,0.463771016813451,252.06117604427,252.06117604427,252.06117604427,252.06117604427,252.06117604427,1376.99382801857
1995,"JPN","agriculture",0.140916823395375,33212.1745250509,0.492492194697513,125.043,0.78016,0.465465465465465,0.140916823395375,0.140916823395375,0.140916823395375,0.140916823395375,33212.1745250509,33212.1745250509,33212.1745250509,33212.1745250509,0.492492194697513,0.492492194697513,0.492492194697513,0.492492194697513,125.043,125.043,125.043,125.043,0.78016,0.78016,0.78016,0.78016,0.465465465465465,0.465465465465465,0.465465465465465,0.465465465465465,58.5220513143054,58.5220513143054,58.5220513143054,58.5220513143054,58.5220513143054,1393.20723123202
1995,"JPN","buildings",0.332517693598135,33212.1745250509,0.492492194697513,125.043,0.78016,0.465465465465465,0.332517693598135,0.332517693598135,0.332517693598135,0.332517693598135,33212.1745250509,33212.1745250509,33212.1745250509,33212.1745250509,0.492492194697513,0.492492194697513,0.492492194697513,0.492492194697513,125.043,125.043,125.043,125.043,0.78016,0.78016,0.78016,0.78016,0.465465465465465,0.465465465465465,0.465465465465465,0.465465465465465,138.092933539,138.092933539,138.092933539,138.092933539,138.092933539,1393.20723123202
1995,"JPN","energy",1.09123081869865,33212.1745250509,0.492492194697513,125.043,0.78016,0.465465465465465,1.09123081869865,1.09123081869865,1.09123081869865,1.09123081869865,33212.1745250509,33212.1745250509,33212.1745250509,33212.1745250509,0.492492194697513,0.492492194697513,0.492492194697513,0.492492194697513,125.043,125.043,125.043,125.043,0.78016,0.78016,0.78016,0.78016,0.465465465465465,0.465465465465465,0.465465465465465,0.465465465465465,453.182696209784,453.182696209784,453.182696209784,453.182696209784,453.182696209784,1393.20723123202
1995,"JPN","industry",1.15881701635298,33212.1745250509,0.492492194697513,125.043,0.78016,0.465465465465465,1.15881701635298,1.15881701635298,1.15881701635298,1.15881701635298,33212.1745250509,33212.1745250509,33212.1745250509,33212.1745250509,0.492492194697513,0.492492194697513,0.492492194697513,0.492492194697513,125.043,125.043,125.043,125.043,0.78016,0.78016,0.78016,0.78016,0.465465465465465,0.465465465465465,0.465465465465465,0.465465465465465,481.25090575328,481.25090575328,481.25090575328,481.25090575328,481.25090575328,1393.20723123202
1995,"JPN","transport",0.631258859985671,33212.1745250509,0.492492194697513,125.043,0.78016,0.465465465465465,0.631258859985671,0.631258859985671,0.631258859985671,0.631258859985671,33212.1745250509,33212.1745250509,33212.1745250509,33212.1745250509,0.492492194697513,0.492492194697513,0.492492194697513,0.492492194697513,125.043,125.043,125.043,125.043,0.78016,0.78016,0.78016,0.78016,0.465465465465465,0.465465465465465,0.465465465465465,0.465465465465465,262.158644415652,262.158644415652,262.158644415652,262.158644415652,262.158644415652,1393.20723123202
1996,"JPN","agriculture",0.129538879842662,34171.6011561495,0.496955884512961,125.341021354444,0.78145,0.465572457966373,0.129538879842662,0.129538879842662,0.129538879842662,0.129538879842662,34171.6011561495,34171.6011561495,34171.6011561495,34171.6011561495,0.496955884512961,0.496955884512961,0.496955884512961,0.496955884512961,125.341021354444,125.341021354444,125.341021354444,125.341021354444,0.78145,0.78145,0.78145,0.78145,0.465572457966373,0.465572457966373,0.465572457966373,0.465572457966373,55.4828415420505,55.4828415420505,55.4828415420505,55.4828415420505,55.4828415420505,1407.37291610542
1996,"JPN","buildings",0.322045779377573,34171.6011561495,0.496955884512961,125.341021354444,0.78145,0.465572457966373,0.322045779377573,0.322045779377573,0.322045779377573,0.322045779377573,34171.6011561495,34171.6011561495,34171.6011561495,34171.6011561495,0.496955884512961,0.496955884512961,0.496955884512961,0.496955884512961,125.341021354444,125.341021354444,125.341021354444,125.341021354444,0.78145,0.78145,0.78145,0.78145,0.465572457966373,0.465572457966373,0.465572457966373,0.465572457966373,137.935536946085,137.935536946085,137.935536946085,137.935536946085,137.935536946085,1407.37291610542
1996,"JPN","energy",1.07914016815263,34171.6011561495,0.496955884512961,125.341021354444,0.78145,0.465572457966373,1.07914016815263,1.07914016815263,1.07914016815263,1.07914016815263,34171.6011561495,34171.6011561495,34171.6011561495,34171.6011561495,0.496955884512961,0.496955884512961,0.496955884512961,0.496955884512961,125.341021354444,125.341021354444,125.341021354444,125.341021354444,0.78145,0.78145,0.78145,0.78145,0.465572457966373,0.465572457966373,0.465572457966373,0.465572457966373,462.206891274626,462.206891274626,462.206891274626,462.206891274626,462.206891274626,1407.37291610542
1996,"JPN","industry",1.12603065245451,34171.6011561495,0.496955884512961,125.341021354444,0.78145,0.465572457966373,1.12603065245451,1.12603065245451,1.12603065245451,1.12603065245451,34171.6011561495,34171.6011561495,34171.6011561495,34171.6011561495,0.496955884512961,0.496955884512961,0.496955884512961,0.496955884512961,125.341021354444,125.341021354444,125.341021354444,125.341021354444,0.78145,0.78145,0.78145,0.78145,0.465572457966373,0.465572457966373,0.465572457966373,0.465572457966373,482.290570502907,482.290570502907,482.290570502907,482.290570502907,482.290570502907,1407.37291610542
1996,"JPN","transport",0.629116440323365,34171.6011561495,0.496955884512961,125.341021354444,0.78145,0.465572457966373,0.629116440323365,0.629116440323365,0.629116440323365,0.629116440323365,34171.6011561495,34171.6011561495,34171.6011561495,34171.6011561495,0.496955884512961,0.496955884512961,0.496955884512961,0.496955884512961,125.341021354444,125.341021354444,125.341021354444,125.341021354444,0.78145,0.78145,0.78145,0.78145,0.465572457966373,0.465572457966373,0.465572457966373,0.465572457966373,269.457075839747,269.457075839747,269.457075839747,269.457075839747,269.457075839747,1407.37291610542
1997,"JPN","energy",1.05504895319835,34440.1784052743,0.501403355559239,125.583572291375,0.78272,0.465679407644587,1.05504895319835,1.05504895319835,1.05504895319835,1.05504895319835,34440.1784052743,34440.1784052743,34440.1784052743,34440.1784052743,0.501403355559239,0.501403355559239,0.501403355559239,0.501403355559239,125.583572291375,125.583572291375,125.583572291375,125.583572291375,0.78272,0.78272,0.78272,0.78272,0.465679407644587,0.465679407644587,0.465679407644587,0.465679407644587,456.321399787168,456.321399787168,456.321399787168,456.321399787168,456.321399787168,1390.02782273844
1997,"JPN","industry",1.0874961907078,34440.1784052743,0.501403355559239,125.583572291375,0.78272,0.465679407644587,1.0874961907078,1.0874961907078,1.0874961907078,1.0874961907078,34440.1784052743,34440.1784052743,34440.1784052743,34440.1784052743,0.501403355559239,0.501403355559239,0.501403355559239,0.501403355559239,125.583572291375,125.583572291375,125.583572291375,125.583572291375,0.78272,0.78272,0.78272,0.78272,0.465679407644587,0.465679407644587,0.465679407644587,0.465679407644587,470.35522143559,470.35522143559,470.35522143559,470.35522143559,470.35522143559,1390.02782273844
1997,"JPN","transport",0.625741592402005,34440.1784052743,0.501403355559239,125.583572291375,0.78272,0.465679407644587,0.625741592402005,0.625741592402005,0.625741592402005,0.625741592402005,34440.1784052743,34440.1784052743,34440.1784052743,34440.1784052743,0.501403355559239,0.501403355559239,0.501403355559239,0.501403355559239,125.583572291375,125.583572291375,125.583572291375,125.583572291375,0.78272,0.78272,0.78272,0.78272,0.465679407644587,0.465679407644587,0.465679407644587,0.465679407644587,270.640787315442,270.640787315442,270.640787315442,270.640787315442,270.640787315442,1390.02782273844
1997,"JPN","buildings",0.320307566600011,34440.1784052743,0.501403355559239,125.583572291375,0.78272,0.465679407644587,0.320307566600011,0.320307566600011,0.320307566600011,0.320307566600011,34440.1784052743,34440.1784052743,34440.1784052743,34440.1784052743,0.501403355559239,0.501403355559239,0.501403355559239,0.501403355559239,125.583572291375,125.583572291375,125.583572291375,125.583572291375,0.78272,0.78272,0.78272,0.78272,0.465679407644587,0.465679407644587,0.465679407644587,0.465679407644587,138.53688656839,138.53688656839,138.53688656839,138.53688656839,138.53688656839,1390.02782273844
1997,"JPN","agriculture",0.125253217678828,34440.1784052743,0.501403355559239,125.583572291375,0.78272,0.465679407644587,0.125253217678828,0.125253217678828,0.125253217678828,0.125253217678828,34440.1784052743,34440.1784052743,34440.1784052743,34440.1784052743,0.501403355559239,0.501403355559239,0.501403355559239,0.501403355559239,125.583572291375,125.583572291375,125.583572291375,125.583572291375,0.78272,0.78272,0.78272,0.78272,0.465679407644587,0.465679407644587,0.465679407644587,0.465679407644587,54.173527631854,54.173527631854,54.173527631854,54.173527631854,54.173527631854,1390.02782273844
1998,"JPN","agriculture",0.119988736567717,33946.6903129694,0.505834696072131,125.791102551084,0.78398,0.46578631452581,0.119988736567717,0.119988736567717,0.119988736567717,0.119988736567717,33946.6903129694,33946.6903129694,33946.6903129694,33946.6903129694,0.505834696072131,0.505834696072131,0.505834696072131,0.505834696072131,125.791102551084,125.791102551084,125.791102551084,125.791102551084,0.78398,0.78398,0.78398,0.78398,0.46578631452581,0.46578631452581,0.46578631452581,0.46578631452581,51.2374895277485,51.2374895277485,51.2374895277485,51.2374895277485,51.2374895277485,1327.83294970536
1998,"JPN","industry",1.0021468882857,33946.6903129694,0.505834696072131,125.791102551084,0.78398,0.46578631452581,1.0021468882857,1.0021468882857,1.0021468882857,1.0021468882857,33946.6903129694,33946.6903129694,33946.6903129694,33946.6903129694,0.505834696072131,0.505834696072131,0.505834696072131,0.505834696072131,125.791102551084,125.791102551084,125.791102551084,125.791102551084,0.78398,0.78398,0.78398,0.78398,0.46578631452581,0.46578631452581,0.46578631452581,0.46578631452581,427.935922675758,427.935922675758,427.935922675758,427.935922675758,427.935922675758,1327.83294970536
1998,"JPN","buildings",0.333687757283888,33946.6903129694,0.505834696072131,125.791102551084,0.78398,0.46578631452581,0.333687757283888,0.333687757283888,0.333687757283888,0.333687757283888,33946.6903129694,33946.6903129694,33946.6903129694,33946.6903129694,0.505834696072131,0.505834696072131,0.505834696072131,0.505834696072131,125.791102551084,125.791102551084,125.791102551084,125.791102551084,0.78398,0.78398,0.78398,0.78398,0.46578631452581,0.46578631452581,0.46578631452581,0.46578631452581,142.49106589869,142.49106589869,142.49106589869,142.49106589869,142.49106589869,1327.83294970536
1998,"JPN","transport",0.628891285442216,33946.6903129694,0.505834696072131,125.791102551084,0.78398,0.46578631452581,0.628891285442216,0.628891285442216,0.628891285442216,0.628891285442216,33946.6903129694,33946.6903129694,33946.6903129694,33946.6903129694,0.505834696072131,0.505834696072131,0.505834696072131,0.505834696072131,125.791102551084,125.791102551084,125.791102551084,125.791102551084,0.78398,0.78398,0.78398,0.78398,0.46578631452581,0.46578631452581,0.46578631452581,0.46578631452581,268.548628593589,268.548628593589,268.548628593589,268.548628593589,268.548628593589,1327.83294970536
1998,"JPN","energy",1.02482484102278,33946.6903129694,0.505834696072131,125.791102551084,0.78398,0.46578631452581,1.02482484102278,1.02482484102278,1.02482484102278,1.02482484102278,33946.6903129694,33946.6903129694,33946.6903129694,33946.6903129694,0.505834696072131,0.505834696072131,0.505834696072131,0.505834696072131,125.791102551084,125.791102551084,125.791102551084,125.791102551084,0.78398,0.78398,0.78398,0.78398,0.46578631452581,0.46578631452581,0.46578631452581,0.46578631452581,437.619843009572,437.619843009572,437.619843009572,437.619843009572,437.619843009572,1327.83294970536
1999,"JPN","industry",0.990988605073565,33781.4886992423,0.510249993648535,125.984061873862,0.78523,0.465893178635727,0.990988605073565,0.990988605073565,0.990988605073565,0.990988605073565,33781.4886992423,33781.4886992423,33781.4886992423,33781.4886992423,0.510249993648535,0.510249993648535,0.510249993648535,0.510249993648535,125.984061873862,125.984061873862,125.984061873862,125.984061873862,0.78523,0.78523,0.78523,0.78523,0.465893178635727,0.465893178635727,0.465893178635727,0.465893178635727,421.75773040145,421.75773040145,421.75773040145,421.75773040145,421.75773040145,1353.59894624099
1999,"JPN","agriculture",0.11798853152129,33781.4886992423,0.510249993648535,125.984061873862,0.78523,0.465893178635727,0.11798853152129,0.11798853152129,0.11798853152129,0.11798853152129,33781.4886992423,33781.4886992423,33781.4886992423,33781.4886992423,0.510249993648535,0.510249993648535,0.510249993648535,0.510249993648535,125.984061873862,125.984061873862,125.984061873862,125.984061873862,0.78523,0.78523,0.78523,0.78523,0.465893178635727,0.465893178635727,0.465893178635727,0.465893178635727,50.2150832139238,50.2150832139238,50.2150832139238,50.2150832139238,50.2150832139238,1353.59894624099
1999,"JPN","buildings",0.353136563934714,33781.4886992423,0.510249993648535,125.984061873862,0.78523,0.465893178635727,0.353136563934714,0.353136563934714,0.353136563934714,0.353136563934714,33781.4886992423,33781.4886992423,33781.4886992423,33781.4886992423,0.510249993648535,0.510249993648535,0.510249993648535,0.510249993648535,125.984061873862,125.984061873862,125.984061873862,125.984061873862,0.78523,0.78523,0.78523,0.78523,0.465893178635727,0.465893178635727,0.465893178635727,0.465893178635727,150.29242007865,150.29242007865,150.29242007865,150.29242007865,150.29242007865,1353.59894624099
1999,"JPN","transport",0.639209092430248,33781.4886992423,0.510249993648535,125.984061873862,0.78523,0.465893178635727,0.639209092430248,0.639209092430248,0.639209092430248,0.639209092430248,33781.4886992423,33781.4886992423,33781.4886992423,33781.4886992423,0.510249993648535,0.510249993648535,0.510249993648535,0.510249993648535,125.984061873862,125.984061873862,125.984061873862,125.984061873862,0.78523,0.78523,0.78523,0.78523,0.465893178635727,0.465893178635727,0.465893178635727,0.465893178635727,272.042861739404,272.042861739404,272.042861739404,272.042861739404,272.042861739404,1353.59894624099
1999,"JPN","energy",1.07917879568349,33781.4886992423,0.510249993648535,125.984061873862,0.78523,0.465893178635727,1.07917879568349,1.07917879568349,1.07917879568349,1.07917879568349,33781.4886992423,33781.4886992423,33781.4886992423,33781.4886992423,0.510249993648535,0.510249993648535,0.510249993648535,0.510249993648535,125.984061873862,125.984061873862,125.984061873862,125.984061873862,0.78523,0.78523,0.78523,0.78523,0.465893178635727,0.465893178635727,0.465893178635727,0.465893178635727,459.290850807566,459.290850807566,459.290850807566,459.290850807566,459.290850807566,1353.59894624099
2000,"JPN","agriculture",0.112712560524476,34660.8423472514,0.514649335252236,126.1829,0.78649,0.466,0.112712560524476,0.112712560524476,0.112712560524476,0.112712560524476,34660.8423472514,34660.8423472514,34660.8423472514,34660.8423472514,0.514649335252236,0.514649335252236,0.514649335252236,0.514649335252236,126.1829,126.1829,126.1829,126.1829,0.78649,0.78649,0.78649,0.78649,0.466,0.466,0.466,0.466,49.2960286330635,49.2960286330635,49.2960286330635,49.2960286330635,49.2960286330635,1369.85631535242
2000,"JPN","transport",0.622447052944948,34660.8423472514,0.514649335252236,126.1829,0.78649,0.466,0.622447052944948,0.622447052944948,0.622447052944948,0.622447052944948,34660.8423472514,34660.8423472514,34660.8423472514,34660.8423472514,0.514649335252236,0.514649335252236,0.514649335252236,0.514649335252236,126.1829,126.1829,126.1829,126.1829,0.78649,0.78649,0.78649,0.78649,0.466,0.466,0.466,0.466,272.233791884064,272.233791884064,272.233791884064,272.233791884064,272.233791884064,1369.85631535242
2000,"JPN","industry",0.978208717733354,34660.8423472514,0.514649335252236,126.1829,0.78649,0.466,0.978208717733354,0.978208717733354,0.978208717733354,0.978208717733354,34660.8423472514,34660.8423472514,34660.8423472514,34660.8423472514,0.514649335252236,0.514649335252236,0.514649335252236,0.514649335252236,126.1829,126.1829,126.1829,126.1829,0.78649,0.78649,0.78649,0.78649,0.466,0.466,0.466,0.466,427.829912958319,427.829912958319,427.829912958319,427.829912958319,427.829912958319,1369.85631535242
2000,"JPN","buildings",0.349685856404051,34660.8423472514,0.514649335252236,126.1829,0.78649,0.466,0.349685856404051,0.349685856404051,0.349685856404051,0.349685856404051,34660.8423472514,34660.8423472514,34660.8423472514,34660.8423472514,0.514649335252236,0.514649335252236,0.514649335252236,0.514649335252236,126.1829,126.1829,126.1829,126.1829,0.78649,0.78649,0.78649,0.78649,0.466,0.466,0.466,0.466,152.9388021145,152.9388021145,152.9388021145,152.9388021145,152.9388021145,1369.85631535242
2000,"JPN","energy",1.06904422144103,34660.8423472514,0.514649335252236,126.1829,0.78649,0.466,1.06904422144103,1.06904422144103,1.06904422144103,1.06904422144103,34660.8423472514,34660.8423472514,34660.8423472514,34660.8423472514,0.514649335252236,0.514649335252236,0.514649335252236,0.514649335252236,126.1829,126.1829,126.1829,126.1829,0.78649,0.78649,0.78649,0.78649,0.466,0.466,0.466,0.466,467.557779762478,467.557779762478,467.557779762478,467.557779762478,467.557779762478,1369.85631535242
2001,"JPN","buildings",0.347076880935641,34734.3727974444,0.519223663428397,126.401813761058,0.7999,0.4656,0.347076880935641,0.347076880935641,0.347076880935641,0.347076880935641,34734.3727974444,34734.3727974444,34734.3727974444,34734.3727974444,0.519223663428397,0.519223663428397,0.519223663428397,0.519223663428397,126.401813761058,126.401813761058,126.401813761058,126.401813761058,0.7999,0.7999,0.7999,0.7999,0.4656,0.4656,0.4656,0.4656,152.3836784147,152.3836784147,152.3836784147,152.3836784147,152.3836784147,1350.33136094713
2001,"JPN","agriculture",0.109993912825682,34734.3727974444,0.519223663428397,126.401813761058,0.7999,0.4656,0.109993912825682,0.109993912825682,0.109993912825682,0.109993912825682,34734.3727974444,34734.3727974444,34734.3727974444,34734.3727974444,0.519223663428397,0.519223663428397,0.519223663428397,0.519223663428397,126.401813761058,126.401813761058,126.401813761058,126.401813761058,0.7999,0.7999,0.7999,0.7999,0.4656,0.4656,0.4656,0.4656,48.2926923695371,48.2926923695371,48.2926923695371,48.2926923695371,48.2926923695371,1350.33136094713
2001,"JPN","industry",0.941952244112185,34734.3727974444,0.519223663428397,126.401813761058,0.7999,0.4656,0.941952244112185,0.941952244112185,0.941952244112185,0.941952244112185,34734.3727974444,34734.3727974444,34734.3727974444,34734.3727974444,0.519223663428397,0.519223663428397,0.519223663428397,0.519223663428397,126.401813761058,126.401813761058,126.401813761058,126.401813761058,0.7999,0.7999,0.7999,0.7999,0.4656,0.4656,0.4656,0.4656,413.562976196657,413.562976196657,413.562976196657,413.562976196657,413.562976196657,1350.33136094713
2001,"JPN","energy",1.04574564662969,34734.3727974444,0.519223663428397,126.401813761058,0.7999,0.4656,1.04574564662969,1.04574564662969,1.04574564662969,1.04574564662969,34734.3727974444,34734.3727974444,34734.3727974444,34734.3727974444,0.519223663428397,0.519223663428397,0.519223663428397,0.519223663428397,126.401813761058,126.401813761058,126.401813761058,126.401813761058,0.7999,0.7999,0.7999,0.7999,0.4656,0.4656,0.4656,0.4656,459.133342128714,459.133342128714,459.133342128714,459.133342128714,459.133342128714,1350.33136094713
2001,"JPN","transport",0.630815274768774,34734.3727974444,0.519223663428397,126.401813761058,0.7999,0.4656,0.630815274768774,0.630815274768774,0.630815274768774,0.630815274768774,34734.3727974444,34734.3727974444,34734.3727974444,34734.3727974444,0.519223663428397,0.519223663428397,0.519223663428397,0.519223663428397,126.401813761058,126.401813761058,126.401813761058,126.401813761058,0.7999,0.7999,0.7999,0.7999,0.4656,0.4656,0.4656,0.4656,276.958671837524,276.958671837524,276.958671837524,276.958671837524,276.958671837524,1350.33136094713
2002,"JPN","transport",0.620889677220922,34686.3470762154,0.523783304858123,126.629988353677,0.81647,0.4652,0.620889677220922,0.620889677220922,0.620889677220922,0.620889677220922,34686.3470762154,34686.3470762154,34686.3470762154,34686.3470762154,0.523783304858123,0.523783304858123,0.523783304858123,0.523783304858123,126.629988353677,126.629988353677,126.629988353677,126.629988353677,0.81647,0.81647,0.81647,0.81647,0.4652,0.4652,0.4652,0.4652,272.715342778511,272.715342778511,272.715342778511,272.715342778511,272.715342778511,1385.27149788694
2002,"JPN","buildings",0.36412710485449,34686.3470762154,0.523783304858123,126.629988353677,0.81647,0.4652,0.36412710485449,0.36412710485449,0.36412710485449,0.36412710485449,34686.3470762154,34686.3470762154,34686.3470762154,34686.3470762154,0.523783304858123,0.523783304858123,0.523783304858123,0.523783304858123,126.629988353677,126.629988353677,126.629988353677,126.629988353677,0.81647,0.81647,0.81647,0.81647,0.4652,0.4652,0.4652,0.4652,159.93670350555,159.93670350555,159.93670350555,159.93670350555,159.93670350555,1385.27149788694
2002,"JPN","agriculture",0.110438251541116,34686.3470762154,0.523783304858123,126.629988353677,0.81647,0.4652,0.110438251541116,0.110438251541116,0.110438251541116,0.110438251541116,34686.3470762154,34686.3470762154,34686.3470762154,34686.3470762154,0.523783304858123,0.523783304858123,0.523783304858123,0.523783304858123,126.629988353677,126.629988353677,126.629988353677,126.629988353677,0.81647,0.81647,0.81647,0.81647,0.4652,0.4652,0.4652,0.4652,48.5081436040344,48.5081436040344,48.5081436040344,48.5081436040344,48.5081436040344,1385.27149788694
2002,"JPN","industry",0.937788480783826,34686.3470762154,0.523783304858123,126.629988353677,0.81647,0.4652,0.937788480783826,0.937788480783826,0.937788480783826,0.937788480783826,34686.3470762154,34686.3470762154,34686.3470762154,34686.3470762154,0.523783304858123,0.523783304858123,0.523783304858123,0.523783304858123,126.629988353677,126.629988353677,126.629988353677,126.629988353677,0.81647,0.81647,0.81647,0.81647,0.4652,0.4652,0.4652,0.4652,411.907809669867,411.907809669867,411.907809669867,411.907809669867,411.907809669867,1385.27149788694
2002,"JPN","energy",1.12059727953292,34686.3470762154,0.523783304858123,126.629988353677,0.81647,0.4652,1.12059727953292,1.12059727953292,1.12059727953292,1.12059727953292,34686.3470762154,34686.3470762154,34686.3470762154,34686.3470762154,0.523783304858123,0.523783304858123,0.523783304858123,0.523783304858123,126.629988353677,126.629988353677,126.629988353677,126.629988353677,0.81647,0.81647,0.81647,0.81647,0.4652,0.4652,0.4652,0.4652,492.203498328977,492.203498328977,492.203498328977,492.203498328977,492.203498328977,1385.27149788694
2003,"JPN","agriculture",0.107805279559247,35157.5995260048,0.528328330159916,126.850356065766,0.83196,0.4648,0.107805279559247,0.107805279559247,0.107805279559247,0.107805279559247,35157.5995260048,35157.5995260048,35157.5995260048,35157.5995260048,0.528328330159916,0.528328330159916,0.528328330159916,0.528328330159916,126.850356065766,126.850356065766,126.850356065766,126.850356065766,0.83196,0.83196,0.83196,0.83196,0.4648,0.4648,0.4648,0.4648,48.0785028707373,48.0785028707373,48.0785028707373,48.0785028707373,48.0785028707373,1391.88322585985
2003,"JPN","energy",1.14987698233055,35157.5995260048,0.528328330159916,126.850356065766,0.83196,0.4648,1.14987698233055,1.14987698233055,1.14987698233055,1.14987698233055,35157.5995260048,35157.5995260048,35157.5995260048,35157.5995260048,0.528328330159916,0.528328330159916,0.528328330159916,0.528328330159916,126.850356065766,126.850356065766,126.850356065766,126.850356065766,0.83196,0.83196,0.83196,0.83196,0.4648,0.4648,0.4648,0.4648,512.816849248936,512.816849248936,512.816849248936,512.816849248936,512.816849248936,1391.88322585985
2003,"JPN","buildings",0.346230061509893,35157.5995260048,0.528328330159916,126.850356065766,0.83196,0.4648,0.346230061509893,0.346230061509893,0.346230061509893,0.346230061509893,35157.5995260048,35157.5995260048,35157.5995260048,35157.5995260048,0.528328330159916,0.528328330159916,0.528328330159916,0.528328330159916,126.850356065766,126.850356065766,126.850356065766,126.850356065766,0.83196,0.83196,0.83196,0.83196,0.4648,0.4648,0.4648,0.4648,154.4100908072,154.4100908072,154.4100908072,154.4100908072,154.4100908072,1391.88322585985
2003,"JPN","industry",0.914180699825658,35157.5995260048,0.528328330159916,126.850356065766,0.83196,0.4648,0.914180699825658,0.914180699825658,0.914180699825658,0.914180699825658,35157.5995260048,35157.5995260048,35157.5995260048,35157.5995260048,0.528328330159916,0.528328330159916,0.528328330159916,0.528328330159916,126.850356065766,126.850356065766,126.850356065766,126.850356065766,0.83196,0.83196,0.83196,0.83196,0.4648,0.4648,0.4648,0.4648,407.702104949186,407.702104949186,407.702104949186,407.702104949186,407.702104949186,1391.88322585985
2003,"JPN","transport",0.602893515832966,35157.5995260048,0.528328330159916,126.850356065766,0.83196,0.4648,0.602893515832966,0.602893515832966,0.602893515832966,0.602893515832966,35157.5995260048,35157.5995260048,35157.5995260048,35157.5995260048,0.528328330159916,0.528328330159916,0.528328330159916,0.528328330159916,126.850356065766,126.850356065766,126.850356065766,126.850356065766,0.83196,0.83196,0.83196,0.83196,0.4648,0.4648,0.4648,0.4648,268.875677983786,268.875677983786,268.875677983786,268.875677983786,268.875677983786,1391.88322585985
2004,"JPN","agriculture",0.106238155196386,35870.862923562,0.532858809500262,127.045849185237,0.8464,0.4644,0.106238155196386,0.106238155196386,0.106238155196386,0.106238155196386,35870.862923562,35870.862923562,35870.862923562,35870.862923562,0.532858809500262,0.532858809500262,0.532858809500262,0.532858809500262,127.045849185237,127.045849185237,127.045849185237,127.045849185237,0.8464,0.8464,0.8464,0.8464,0.4644,0.4644,0.4644,0.4644,48.4153220957131,48.4153220957131,48.4153220957131,48.4153220957131,48.4153220957131,1384.48545304506
2004,"JPN","energy",1.11847138391054,35870.862923562,0.532858809500262,127.045849185237,0.8464,0.4644,1.11847138391054,1.11847138391054,1.11847138391054,1.11847138391054,35870.862923562,35870.862923562,35870.862923562,35870.862923562,0.532858809500262,0.532858809500262,0.532858809500262,0.532858809500262,127.045849185237,127.045849185237,127.045849185237,127.045849185237,0.8464,0.8464,0.8464,0.8464,0.4644,0.4644,0.4644,0.4644,509.714727319631,509.714727319631,509.714727319631,509.714727319631,509.714727319631,1384.48545304506
2004,"JPN","industry",0.896913611699804,35870.862923562,0.532858809500262,127.045849185237,0.8464,0.4644,0.896913611699804,0.896913611699804,0.896913611699804,0.896913611699804,35870.862923562,35870.862923562,35870.862923562,35870.862923562,0.532858809500262,0.532858809500262,0.532858809500262,0.532858809500262,127.045849185237,127.045849185237,127.045849185237,127.045849185237,0.8464,0.8464,0.8464,0.8464,0.4644,0.4644,0.4644,0.4644,408.74543917111,408.74543917111,408.74543917111,408.74543917111,408.74543917111,1384.48545304506
2004,"JPN","buildings",0.33765692962685,35870.862923562,0.532858809500262,127.045849185237,0.8464,0.4644,0.33765692962685,0.33765692962685,0.33765692962685,0.33765692962685,35870.862923562,35870.862923562,35870.862923562,35870.862923562,0.532858809500262,0.532858809500262,0.532858809500262,0.532858809500262,127.045849185237,127.045849185237,127.045849185237,127.045849185237,0.8464,0.8464,0.8464,0.8464,0.4644,0.4644,0.4644,0.4644,153.878509802,153.878509802,153.878509802,153.878509802,153.878509802,1384.48545304506
2004,"JPN","transport",0.578708185697635,35870.862923562,0.532858809500262,127.045849185237,0.8464,0.4644,0.578708185697635,0.578708185697635,0.578708185697635,0.578708185697635,35870.862923562,35870.862923562,35870.862923562,35870.862923562,0.532858809500262,0.532858809500262,0.532858809500262,0.532858809500262,127.045849185237,127.045849185237,127.045849185237,127.045849185237,0.8464,0.8464,0.8464,0.8464,0.4644,0.4644,0.4644,0.4644,263.731454656602,263.731454656602,263.731454656602,263.731454656602,263.731454656602,1384.48545304506
2005,"JPN","agriculture",0.103539627738557,36473.890028107,0.537374812597239,127.1994,0.85978,0.464,0.103539627738557,0.103539627738557,0.103539627738557,0.103539627738557,36473.890028107,36473.890028107,36473.890028107,36473.890028107,0.537374812597239,0.537374812597239,0.537374812597239,0.537374812597239,127.1994,127.1994,127.1994,127.1994,0.85978,0.85978,0.85978,0.85978,0.464,0.464,0.464,0.464,48.0367643155622,48.0367643155622,48.0367643155622,48.0367643155622,48.0367643155622,1388.53341240581
2005,"JPN","energy",1.10761888851491,36473.890028107,0.537374812597239,127.1994,0.85978,0.464,1.10761888851491,1.10761888851491,1.10761888851491,1.10761888851491,36473.890028107,36473.890028107,36473.890028107,36473.890028107,0.537374812597239,0.537374812597239,0.537374812597239,0.537374812597239,127.1994,127.1994,127.1994,127.1994,0.85978,0.85978,0.85978,0.85978,0.464,0.464,0.464,0.464,513.875012506369,513.875012506369,513.875012506369,513.875012506369,513.875012506369,1388.53341240581
2005,"JPN","buildings",0.332457696051656,36473.890028107,0.537374812597239,127.1994,0.85978,0.464,0.332457696051656,0.332457696051656,0.332457696051656,0.332457696051656,36473.890028107,36473.890028107,36473.890028107,36473.890028107,0.537374812597239,0.537374812597239,0.537374812597239,0.537374812597239,127.1994,127.1994,127.1994,127.1994,0.85978,0.85978,0.85978,0.85978,0.464,0.464,0.464,0.464,154.24231609615,154.24231609615,154.24231609615,154.24231609615,154.24231609615,1388.53341240581
2005,"JPN","industry",0.893869081251959,36473.890028107,0.537374812597239,127.1994,0.85978,0.464,0.893869081251959,0.893869081251959,0.893869081251959,0.893869081251959,36473.890028107,36473.890028107,36473.890028107,36473.890028107,0.537374812597239,0.537374812597239,0.537374812597239,0.537374812597239,127.1994,127.1994,127.1994,127.1994,0.85978,0.85978,0.85978,0.85978,0.464,0.464,0.464,0.464,414.706710106112,414.706710106112,414.706710106112,414.706710106112,414.706710106112,1388.53341240581
2005,"JPN","transport",0.55539390368873,36473.890028107,0.537374812597239,127.1994,0.85978,0.464,0.55539390368873,0.55539390368873,0.55539390368873,0.55539390368873,36473.890028107,36473.890028107,36473.890028107,36473.890028107,0.537374812597239,0.537374812597239,0.537374812597239,0.537374812597239,127.1994,127.1994,127.1994,127.1994,0.85978,0.85978,0.85978,0.85978,0.464,0.464,0.464,0.464,257.672609381621,257.672609381621,257.672609381621,257.672609381621,257.672609381621,1388.53341240581
2006,"JPN","energy",1.06401631482741,36944.9331192203,0.542909404051769,127.300549201324,0.87118,0.4636,1.06401631482741,1.06401631482741,1.06401631482741,1.06401631482741,36944.9331192203,36944.9331192203,36944.9331192203,36944.9331192203,0.542909404051769,0.542909404051769,0.542909404051769,0.542909404051769,127.300549201324,127.300549201324,127.300549201324,127.300549201324,0.87118,0.87118,0.87118,0.87118,0.4636,0.4636,0.4636,0.4636,500.418606439748,500.418606439748,500.418606439748,500.418606439748,500.418606439748,1360.0181932532
2006,"JPN","transport",0.538950240191682,36944.9331192203,0.542909404051769,127.300549201324,0.87118,0.4636,0.538950240191682,0.538950240191682,0.538950240191682,0.538950240191682,36944.9331192203,36944.9331192203,36944.9331192203,36944.9331192203,0.542909404051769,0.542909404051769,0.542909404051769,0.542909404051769,127.300549201324,127.300549201324,127.300549201324,127.300549201324,0.87118,0.87118,0.87118,0.87118,0.4636,0.4636,0.4636,0.4636,253.474241305066,253.474241305066,253.474241305066,253.474241305066,253.474241305066,1360.0181932532
2006,"JPN","industry",0.869214141754172,36944.9331192203,0.542909404051769,127.300549201324,0.87118,0.4636,0.869214141754172,0.869214141754172,0.869214141754172,0.869214141754172,36944.9331192203,36944.9331192203,36944.9331192203,36944.9331192203,0.542909404051769,0.542909404051769,0.542909404051769,0.542909404051769,127.300549201324,127.300549201324,127.300549201324,127.300549201324,0.87118,0.87118,0.87118,0.87118,0.4636,0.4636,0.4636,0.4636,408.80099623745,408.80099623745,408.80099623745,408.80099623745,408.80099623745,1360.0181932532
2006,"JPN","agriculture",0.104735741712864,36944.9331192203,0.542909404051769,127.300549201324,0.87118,0.4636,0.104735741712864,0.104735741712864,0.104735741712864,0.104735741712864,36944.9331192203,36944.9331192203,36944.9331192203,36944.9331192203,0.542909404051769,0.542909404051769,0.542909404051769,0.542909404051769,127.300549201324,127.300549201324,127.300549201324,127.300549201324,0.87118,0.87118,0.87118,0.87118,0.4636,0.4636,0.4636,0.4636,49.2583743143885,49.2583743143885,49.2583743143885,49.2583743143885,49.2583743143885,1360.0181932532
2006,"JPN","buildings",0.314825649960249,36944.9331192203,0.542909404051769,127.300549201324,0.87118,0.4636,0.314825649960249,0.314825649960249,0.314825649960249,0.314825649960249,36944.9331192203,36944.9331192203,36944.9331192203,36944.9331192203,0.542909404051769,0.542909404051769,0.542909404051769,0.542909404051769,127.300549201324,127.300549201324,127.300549201324,127.300549201324,0.87118,0.87118,0.87118,0.87118,0.4636,0.4636,0.4636,0.4636,148.06597495655,148.06597495655,148.06597495655,148.06597495655,148.06597495655,1360.0181932532
2007,"JPN","agriculture",0.106519092293617,37474.1433970919,0.548437606746329,127.365271093918,0.88146,0.4632,0.106519092293617,0.106519092293617,0.106519092293617,0.106519092293617,37474.1433970919,37474.1433970919,37474.1433970919,37474.1433970919,0.548437606746329,0.548437606746329,0.548437606746329,0.548437606746329,127.365271093918,127.365271093918,127.365271093918,127.365271093918,0.88146,0.88146,0.88146,0.88146,0.4632,0.4632,0.4632,0.4632,50.8405447784222,50.8405447784222,50.8405447784222,50.8405447784222,50.8405447784222,1400.40636560074
2007,"JPN","transport",0.52432260210403,37474.1433970919,0.548437606746329,127.365271093918,0.88146,0.4632,0.52432260210403,0.52432260210403,0.52432260210403,0.52432260210403,37474.1433970919,37474.1433970919,37474.1433970919,37474.1433970919,0.548437606746329,0.548437606746329,0.548437606746329,0.548437606746329,127.365271093918,127.365271093918,127.365271093918,127.365271093918,0.88146,0.88146,0.88146,0.88146,0.4632,0.4632,0.4632,0.4632,250.254167179063,250.254167179063,250.254167179063,250.254167179063,250.254167179063,1400.40636560074
2007,"JPN","buildings",0.300042893814236,37474.1433970919,0.548437606746329,127.365271093918,0.88146,0.4632,0.300042893814236,0.300042893814236,0.300042893814236,0.300042893814236,37474.1433970919,37474.1433970919,37474.1433970919,37474.1433970919,0.548437606746329,0.548437606746329,0.548437606746329,0.548437606746329,127.365271093918,127.365271093918,127.365271093918,127.365271093918,0.88146,0.88146,0.88146,0.88146,0.4632,0.4632,0.4632,0.4632,143.2076057911,143.2076057911,143.2076057911,143.2076057911,143.2076057911,1400.40636560074
2007,"JPN","energy",1.15776855745217,37474.1433970919,0.548437606746329,127.365271093918,0.88146,0.4632,1.15776855745217,1.15776855745217,1.15776855745217,1.15776855745217,37474.1433970919,37474.1433970919,37474.1433970919,37474.1433970919,0.548437606746329,0.548437606746329,0.548437606746329,0.548437606746329,127.365271093918,127.365271093918,127.365271093918,127.365271093918,0.88146,0.88146,0.88146,0.88146,0.4632,0.4632,0.4632,0.4632,552.591868000019,552.591868000019,552.591868000019,552.591868000019,552.591868000019,1400.40636560074
2007,"JPN","industry",0.845422709662039,37474.1433970919,0.548437606746329,127.365271093918,0.88146,0.4632,0.845422709662039,0.845422709662039,0.845422709662039,0.845422709662039,37474.1433970919,37474.1433970919,37474.1433970919,37474.1433970919,0.548437606746329,0.548437606746329,0.548437606746329,0.548437606746329,127.365271093918,127.365271093918,127.365271093918,127.365271093918,0.88146,0.88146,0.88146,0.88146,0.4632,0.4632,0.4632,0.4632,403.512179852134,403.512179852134,403.512179852134,403.512179852134,403.512179852134,1400.40636560074
2008,"JPN","transport",0.509079738760682,37000.6796018429,0.553959431736669,127.41614838585,0.89103,0.4628,0.509079738760682,0.509079738760682,0.509079738760682,0.509079738760682,37000.6796018429,37000.6796018429,37000.6796018429,37000.6796018429,0.553959431736669,0.553959431736669,0.553959431736669,0.553959431736669,127.41614838585,127.41614838585,127.41614838585,127.41614838585,0.89103,0.89103,0.89103,0.89103,0.4628,0.4628,0.4628,0.4628,240.004832512358,240.004832512358,240.004832512358,240.004832512358,240.004832512358,1327.8622652065
2008,"JPN","agriculture",0.109699027318603,37000.6796018429,0.553959431736669,127.41614838585,0.89103,0.4628,0.109699027318603,0.109699027318603,0.109699027318603,0.109699027318603,37000.6796018429,37000.6796018429,37000.6796018429,37000.6796018429,0.553959431736669,0.553959431736669,0.553959431736669,0.553959431736669,127.41614838585,127.41614838585,127.41614838585,127.41614838585,0.89103,0.89103,0.89103,0.89103,0.4628,0.4628,0.4628,0.4628,51.7174318162105,51.7174318162105,51.7174318162105,51.7174318162105,51.7174318162105,1327.8622652065
2008,"JPN","buildings",0.283444948984556,37000.6796018429,0.553959431736669,127.41614838585,0.89103,0.4628,0.283444948984556,0.283444948984556,0.283444948984556,0.283444948984556,37000.6796018429,37000.6796018429,37000.6796018429,37000.6796018429,0.553959431736669,0.553959431736669,0.553959431736669,0.553959431736669,127.41614838585,127.41614838585,127.41614838585,127.41614838585,0.89103,0.89103,0.89103,0.89103,0.4628,0.4628,0.4628,0.4628,133.629670026,133.629670026,133.629670026,133.629670026,133.629670026,1327.8622652065
2008,"JPN","energy",1.1223064110886,37000.6796018429,0.553959431736669,127.41614838585,0.89103,0.4628,1.1223064110886,1.1223064110886,1.1223064110886,1.1223064110886,37000.6796018429,37000.6796018429,37000.6796018429,37000.6796018429,0.553959431736669,0.553959431736669,0.553959431736669,0.553959431736669,127.41614838585,127.41614838585,127.41614838585,127.41614838585,0.89103,0.89103,0.89103,0.89103,0.4628,0.4628,0.4628,0.4628,529.109571079379,529.109571079379,529.109571079379,529.109571079379,529.109571079379,1327.8622652065
2008,"JPN","industry",0.792028890619377,37000.6796018429,0.553959431736669,127.41614838585,0.89103,0.4628,0.792028890619377,0.792028890619377,0.792028890619377,0.792028890619377,37000.6796018429,37000.6796018429,37000.6796018429,37000.6796018429,0.553959431736669,0.553959431736669,0.553959431736669,0.553959431736669,127.41614838585,127.41614838585,127.41614838585,127.41614838585,0.89103,0.89103,0.89103,0.89103,0.4628,0.4628,0.4628,0.4628,373.400759772555,373.400759772555,373.400759772555,373.400759772555,373.400759772555,1327.8622652065
2009,"JPN","agriculture",0.119225503417628,34877.9122531849,0.559474890053046,127.475763785188,0.89989,0.4624,0.119225503417628,0.119225503417628,0.119225503417628,0.119225503417628,34877.9122531849,34877.9122531849,34877.9122531849,34877.9122531849,0.559474890053046,0.559474890053046,0.559474890053046,0.559474890053046,127.475763785188,127.475763785188,127.475763785188,127.475763785188,0.89989,0.89989,0.89989,0.89989,0.4624,0.4624,0.4624,0.4624,53.0087140093856,53.0087140093856,53.0087140093856,53.0087140093856,53.0087140093856,1260.78332131552
2009,"JPN","transport",0.537900682661281,34877.9122531849,0.559474890053046,127.475763785188,0.89989,0.4624,0.537900682661281,0.537900682661281,0.537900682661281,0.537900682661281,34877.9122531849,34877.9122531849,34877.9122531849,34877.9122531849,0.559474890053046,0.559474890053046,0.559474890053046,0.559474890053046,127.475763785188,127.475763785188,127.475763785188,127.475763785188,0.89989,0.89989,0.89989,0.89989,0.4624,0.4624,0.4624,0.4624,239.155404131675,239.155404131675,239.155404131675,239.155404131675,239.155404131675,1260.78332131552
2009,"JPN","buildings",0.280325677308872,34877.9122531849,0.559474890053046,127.475763785188,0.89989,0.4624,0.280325677308872,0.280325677308872,0.280325677308872,0.280325677308872,34877.9122531849,34877.9122531849,34877.9122531849,34877.9122531849,0.559474890053046,0.559474890053046,0.559474890053046,0.559474890053046,127.475763785188,127.475763785188,127.475763785188,127.475763785188,0.89989,0.89989,0.89989,0.89989,0.4624,0.4624,0.4624,0.4624,124.6352771177,124.6352771177,124.6352771177,124.6352771177,124.6352771177,1260.78332131552
2009,"JPN","energy",1.12243507873712,34877.9122531849,0.559474890053046,127.475763785188,0.89989,0.4624,1.12243507873712,1.12243507873712,1.12243507873712,1.12243507873712,34877.9122531849,34877.9122531849,34877.9122531849,34877.9122531849,0.559474890053046,0.559474890053046,0.559474890053046,0.559474890053046,127.475763785188,127.475763785188,127.475763785188,127.475763785188,0.89989,0.89989,0.89989,0.89989,0.4624,0.4624,0.4624,0.4624,499.044569973117,499.044569973117,499.044569973117,499.044569973117,499.044569973117,1260.78332131552
2009,"JPN","industry",0.775826562597673,34877.9122531849,0.559474890053046,127.475763785188,0.89989,0.4624,0.775826562597673,0.775826562597673,0.775826562597673,0.775826562597673,34877.9122531849,34877.9122531849,34877.9122531849,34877.9122531849,0.559474890053046,0.559474890053046,0.559474890053046,0.559474890053046,127.475763785188,127.475763785188,127.475763785188,127.475763785188,0.89989,0.89989,0.89989,0.89989,0.4624,0.4624,0.4624,0.4624,344.939356083644,344.939356083644,344.939356083644,344.939356083644,344.939356083644,1260.78332131552
2010,"JPN","buildings",0.272363924746279,36281.3274200043,0.564983992700295,127.5667,0.901792639362322,0.462,0.272363924746279,0.272363924746279,0.272363924746279,0.272363924746279,36281.3274200043,36281.3274200043,36281.3274200043,36281.3274200043,0.564983992700295,0.564983992700295,0.564983992700295,0.564983992700295,127.5667,127.5667,127.5667,127.5667,0.901792639362322,0.901792639362322,0.901792639362322,0.901792639362322,0.462,0.462,0.462,0.462,126.0579014257,126.0579014257,126.0579014257,126.0579014257,126.0579014257,1325.45828838519
2010,"JPN","energy",1.16793040674363,36281.3274200043,0.564983992700295,127.5667,0.901792639362322,0.462,1.16793040674363,1.16793040674363,1.16793040674363,1.16793040674363,36281.3274200043,36281.3274200043,36281.3274200043,36281.3274200043,0.564983992700295,0.564983992700295,0.564983992700295,0.564983992700295,127.5667,127.5667,127.5667,127.5667,0.901792639362322,0.901792639362322,0.901792639362322,0.901792639362322,0.462,0.462,0.462,0.462,540.551970025089,540.551970025089,540.551970025089,540.551970025089,540.551970025089,1325.45828838519
2010,"JPN","agriculture",0.118189698370863,36281.3274200043,0.564983992700295,127.5667,0.901792639362322,0.462,0.118189698370863,0.118189698370863,0.118189698370863,0.118189698370863,36281.3274200043,36281.3274200043,36281.3274200043,36281.3274200043,0.564983992700295,0.564983992700295,0.564983992700295,0.564983992700295,127.5667,127.5667,127.5667,127.5667,0.901792639362322,0.901792639362322,0.901792639362322,0.901792639362322,0.462,0.462,0.462,0.462,54.701610577269,54.701610577269,54.701610577269,54.701610577269,54.701610577269,1325.45828838519
2010,"JPN","industry",0.790831471228657,36281.3274200043,0.564983992700295,127.5667,0.901792639362322,0.462,0.790831471228657,0.790831471228657,0.790831471228657,0.790831471228657,36281.3274200043,36281.3274200043,36281.3274200043,36281.3274200043,0.564983992700295,0.564983992700295,0.564983992700295,0.564983992700295,127.5667,127.5667,127.5667,127.5667,0.901792639362322,0.901792639362322,0.901792639362322,0.901792639362322,0.462,0.462,0.462,0.462,366.019676568218,366.019676568218,366.019676568218,366.019676568218,366.019676568218,1325.45828838519
2010,"JPN","transport",0.514503564824945,36281.3274200043,0.564983992700295,127.5667,0.901792639362322,0.462,0.514503564824945,0.514503564824945,0.514503564824945,0.514503564824945,36281.3274200043,36281.3274200043,36281.3274200043,36281.3274200043,0.564983992700295,0.564983992700295,0.564983992700295,0.564983992700295,127.5667,127.5667,127.5667,127.5667,0.901792639362322,0.901792639362322,0.901792639362322,0.901792639362322,0.462,0.462,0.462,0.462,238.127129788911,238.127129788911,238.127129788911,238.127129788911,238.127129788911,1325.45828838519
2011,"JPN","transport",0.502353059113208,36251.8505720888,0.571379552660091,127.701067033645,0.903678607733673,0.4604,0.502353059113208,0.502353059113208,0.502353059113208,0.502353059113208,36251.8505720888,36251.8505720888,36251.8505720888,36251.8505720888,0.571379552660091,0.571379552660091,0.571379552660091,0.571379552660091,127.701067033645,127.701067033645,127.701067033645,127.701067033645,0.903678607733673,0.903678607733673,0.903678607733673,0.903678607733673,0.4604,0.4604,0.4604,0.4604,232.559325185869,232.559325185869,232.559325185869,232.559325185869,232.559325185869,1374.84694423852
2011,"JPN","buildings",0.26983499785415,36251.8505720888,0.571379552660091,127.701067033645,0.903678607733673,0.4604,0.26983499785415,0.26983499785415,0.26983499785415,0.26983499785415,36251.8505720888,36251.8505720888,36251.8505720888,36251.8505720888,0.571379552660091,0.571379552660091,0.571379552660091,0.571379552660091,127.701067033645,127.701067033645,127.701067033645,127.701067033645,0.903678607733673,0.903678607733673,0.903678607733673,0.903678607733673,0.4604,0.4604,0.4604,0.4604,124.9174139066,124.9174139066,124.9174139066,124.9174139066,124.9174139066,1374.84694423852
2011,"JPN","agriculture",0.112494359960333,36251.8505720888,0.571379552660091,127.701067033645,0.903678607733673,0.4604,0.112494359960333,0.112494359960333,0.112494359960333,0.112494359960333,36251.8505720888,36251.8505720888,36251.8505720888,36251.8505720888,0.571379552660091,0.571379552660091,0.571379552660091,0.571379552660091,127.701067033645,127.701067033645,127.701067033645,127.701067033645,0.903678607733673,0.903678607733673,0.903678607733673,0.903678607733673,0.4604,0.4604,0.4604,0.4604,52.0781390000364,52.0781390000364,52.0781390000364,52.0781390000364,52.0781390000364,1374.84694423852
2011,"JPN","energy",1.29277398060345,36251.8505720888,0.571379552660091,127.701067033645,0.903678607733673,0.4604,1.29277398060345,1.29277398060345,1.29277398060345,1.29277398060345,36251.8505720888,36251.8505720888,36251.8505720888,36251.8505720888,0.571379552660091,0.571379552660091,0.571379552660091,0.571379552660091,127.701067033645,127.701067033645,127.701067033645,127.701067033645,0.903678607733673,0.903678607733673,0.903678607733673,0.903678607733673,0.4604,0.4604,0.4604,0.4604,598.476786580561,598.476786580561,598.476786580561,598.476786580561,598.476786580561,1374.84694423852
2011,"JPN","industry",0.79236030493251,36251.8505720888,0.571379552660091,127.701067033645,0.903678607733673,0.4604,0.79236030493251,0.79236030493251,0.79236030493251,0.79236030493251,36251.8505720888,36251.8505720888,36251.8505720888,36251.8505720888,0.571379552660091,0.571379552660091,0.571379552660091,0.571379552660091,127.701067033645,127.701067033645,127.701067033645,127.701067033645,0.903678607733673,0.903678607733673,0.903678607733673,0.903678607733673,0.4604,0.4604,0.4604,0.4604,366.815279565456,366.815279565456,366.815279565456,366.815279565456,366.815279565456,1374.84694423852
2012,"JPN","agriculture",0.110536208486314,36707.7659109907,0.577766991051367,127.84908407065,0.905522883204582,0.4588,0.110536208486314,0.110536208486314,0.110536208486314,0.110536208486314,36707.7659109907,36707.7659109907,36707.7659109907,36707.7659109907,0.577766991051367,0.577766991051367,0.577766991051367,0.577766991051367,127.84908407065,127.84908407065,127.84908407065,127.84908407065,0.905522883204582,0.905522883204582,0.905522883204582,0.905522883204582,0.4588,0.4588,0.4588,0.4588,51.8752423015583,51.8752423015583,51.8752423015583,51.8752423015583,51.8752423015583,1415.16113008517
2012,"JPN","buildings",0.259471227746835,36707.7659109907,0.577766991051367,127.84908407065,0.905522883204582,0.4588,0.259471227746835,0.259471227746835,0.259471227746835,0.259471227746835,36707.7659109907,36707.7659109907,36707.7659109907,36707.7659109907,0.577766991051367,0.577766991051367,0.577766991051367,0.577766991051367,127.84908407065,127.84908407065,127.84908407065,127.84908407065,0.905522883204582,0.905522883204582,0.905522883204582,0.905522883204582,0.4588,0.4588,0.4588,0.4588,121.771254813,121.771254813,121.771254813,121.771254813,121.771254813,1415.16113008517
2012,"JPN","industry",0.76753806303079,36707.7659109907,0.577766991051367,127.84908407065,0.905522883204582,0.4588,0.76753806303079,0.76753806303079,0.76753806303079,0.76753806303079,36707.7659109907,36707.7659109907,36707.7659109907,36707.7659109907,0.577766991051367,0.577766991051367,0.577766991051367,0.577766991051367,127.84908407065,127.84908407065,127.84908407065,127.84908407065,0.905522883204582,0.905522883204582,0.905522883204582,0.905522883204582,0.4588,0.4588,0.4588,0.4588,360.209776874342,360.209776874342,360.209776874342,360.209776874342,360.209776874342,1415.16113008517
2012,"JPN","energy",1.38109607528604,36707.7659109907,0.577766991051367,127.84908407065,0.905522883204582,0.4588,1.38109607528604,1.38109607528604,1.38109607528604,1.38109607528604,36707.7659109907,36707.7659109907,36707.7659109907,36707.7659109907,0.577766991051367,0.577766991051367,0.577766991051367,0.577766991051367,127.84908407065,127.84908407065,127.84908407065,127.84908407065,0.905522883204582,0.905522883204582,0.905522883204582,0.905522883204582,0.4588,0.4588,0.4588,0.4588,648.155880577946,648.155880577946,648.155880577946,648.155880577946,648.155880577946,1415.16113008517
2012,"JPN","transport",0.496795824421439,36707.7659109907,0.577766991051367,127.84908407065,0.905522883204582,0.4588,0.496795824421439,0.496795824421439,0.496795824421439,0.496795824421439,36707.7659109907,36707.7659109907,36707.7659109907,36707.7659109907,0.577766991051367,0.577766991051367,0.577766991051367,0.577766991051367,127.84908407065,127.84908407065,127.84908407065,127.84908407065,0.905522883204582,0.905522883204582,0.905522883204582,0.905522883204582,0.4588,0.4588,0.4588,0.4588,233.148975518329,233.148975518329,233.148975518329,233.148975518329,233.148975518329,1415.16113008517
2013,"JPN","agriculture",0.11036435993369,37408.2314114205,0.584146323334384,127.970497590833,0.907116877718174,0.4572,0.11036435993369,0.11036435993369,0.11036435993369,0.11036435993369,37408.2314114205,37408.2314114205,37408.2314114205,37408.2314114205,0.584146323334384,0.584146323334384,0.584146323334384,0.584146323334384,127.970497590833,127.970497590833,127.970497590833,127.970497590833,0.907116877718174,0.907116877718174,0.907116877718174,0.907116877718174,0.4572,0.4572,0.4572,0.4572,52.833074430046,52.833074430046,52.833074430046,52.833074430046,52.833074430046,1428.35049190426
2013,"JPN","industry",0.767034695081611,37408.2314114205,0.584146323334384,127.970497590833,0.907116877718174,0.4572,0.767034695081611,0.767034695081611,0.767034695081611,0.767034695081611,37408.2314114205,37408.2314114205,37408.2314114205,37408.2314114205,0.584146323334384,0.584146323334384,0.584146323334384,0.584146323334384,127.970497590833,127.970497590833,127.970497590833,127.970497590833,0.907116877718174,0.907116877718174,0.907116877718174,0.907116877718174,0.4572,0.4572,0.4572,0.4572,367.1910131135,367.1910131135,367.1910131135,367.1910131135,367.1910131135,1428.35049190426
2013,"JPN","buildings",0.262738975919369,37408.2314114205,0.584146323334384,127.970497590833,0.907116877718174,0.4572,0.262738975919369,0.262738975919369,0.262738975919369,0.262738975919369,37408.2314114205,37408.2314114205,37408.2314114205,37408.2314114205,0.584146323334384,0.584146323334384,0.584146323334384,0.584146323334384,127.970497590833,127.970497590833,127.970497590833,127.970497590833,0.907116877718174,0.907116877718174,0.907116877718174,0.907116877718174,0.4572,0.4572,0.4572,0.4572,125.7770885344,125.7770885344,125.7770885344,125.7770885344,125.7770885344,1428.35049190426
2013,"JPN","energy",1.36354003454761,37408.2314114205,0.584146323334384,127.970497590833,0.907116877718174,0.4572,1.36354003454761,1.36354003454761,1.36354003454761,1.36354003454761,37408.2314114205,37408.2314114205,37408.2314114205,37408.2314114205,0.584146323334384,0.584146323334384,0.584146323334384,0.584146323334384,127.970497590833,127.970497590833,127.970497590833,127.970497590833,0.907116877718174,0.907116877718174,0.907116877718174,0.907116877718174,0.4572,0.4572,0.4572,0.4572,652.747065963011,652.747065963011,652.747065963011,652.747065963011,652.747065963011,1428.35049190426
2013,"JPN","transport",0.480039794978532,37408.2314114205,0.584146323334384,127.970497590833,0.907116877718174,0.4572,0.480039794978532,0.480039794978532,0.480039794978532,0.480039794978532,37408.2314114205,37408.2314114205,37408.2314114205,37408.2314114205,0.584146323334384,0.584146323334384,0.584146323334384,0.584146323334384,127.970497590833,127.970497590833,127.970497590833,127.970497590833,0.907116877718174,0.907116877718174,0.907116877718174,0.907116877718174,0.4572,0.4572,0.4572,0.4572,229.802249863299,229.802249863299,229.802249863299,229.802249863299,229.802249863299,1428.35049190426
2014,"JPN","buildings",0.248826251327291,37502.9714801021,0.590517564930191,128.02505407401,0.908675268476452,0.4556,0.248826251327291,0.248826251327291,0.248826251327291,0.248826251327291,37502.9714801021,37502.9714801021,37502.9714801021,37502.9714801021,0.590517564930191,0.590517564930191,0.590517564930191,0.590517564930191,128.02505407401,128.02505407401,128.02505407401,128.02505407401,0.908675268476452,0.908675268476452,0.908675268476452,0.908675268476452,0.4556,0.4556,0.4556,0.4556,119.46944449985,119.46944449985,119.46944449985,119.46944449985,119.46944449985,1386.06091117649
2014,"JPN","agriculture",0.107881859900303,37502.9714801021,0.590517564930191,128.02505407401,0.908675268476452,0.4556,0.107881859900303,0.107881859900303,0.107881859900303,0.107881859900303,37502.9714801021,37502.9714801021,37502.9714801021,37502.9714801021,0.590517564930191,0.590517564930191,0.590517564930191,0.590517564930191,128.02505407401,128.02505407401,128.02505407401,128.02505407401,0.908675268476452,0.908675268476452,0.908675268476452,0.908675268476452,0.4556,0.4556,0.4556,0.4556,51.7975326363253,51.7975326363253,51.7975326363253,51.7975326363253,51.7975326363253,1386.06091117649
2014,"JPN","energy",1.3147417048543,37502.9714801021,0.590517564930191,128.02505407401,0.908675268476452,0.4556,1.3147417048543,1.3147417048543,1.3147417048543,1.3147417048543,37502.9714801021,37502.9714801021,37502.9714801021,37502.9714801021,0.590517564930191,0.590517564930191,0.590517564930191,0.590517564930191,128.02505407401,128.02505407401,128.02505407401,128.02505407401,0.908675268476452,0.908675268476452,0.908675268476452,0.908675268476452,0.4556,0.4556,0.4556,0.4556,631.249557881765,631.249557881765,631.249557881765,631.249557881765,631.249557881765,1386.06091117649
2014,"JPN","industry",0.747444268429889,37502.9714801021,0.590517564930191,128.02505407401,0.908675268476452,0.4556,0.747444268429889,0.747444268429889,0.747444268429889,0.747444268429889,37502.9714801021,37502.9714801021,37502.9714801021,37502.9714801021,0.590517564930191,0.590517564930191,0.590517564930191,0.590517564930191,128.02505407401,128.02505407401,128.02505407401,128.02505407401,0.908675268476452,0.908675268476452,0.908675268476452,0.908675268476452,0.4556,0.4556,0.4556,0.4556,358.871907877839,358.871907877839,358.871907877839,358.871907877839,358.871907877839,1386.06091117649
2014,"JPN","transport",0.467938963747406,37502.9714801021,0.590517564930191,128.02505407401,0.908675268476452,0.4556,0.467938963747406,0.467938963747406,0.467938963747406,0.467938963747406,37502.9714801021,37502.9714801021,37502.9714801021,37502.9714801021,0.590517564930191,0.590517564930191,0.590517564930191,0.590517564930191,128.02505407401,128.02505407401,128.02505407401,128.02505407401,0.908675268476452,0.908675268476452,0.908675268476452,0.908675268476452,0.4556,0.4556,0.4556,0.4556,224.672468280707,224.672468280707,224.672468280707,224.672468280707,224.672468280707,1386.06091117649
2015,"JPN","buildings",0.235328873249478,38104.0345083654,0.596880731220741,127.9725,0.910218549605376,0.454,0.235328873249478,0.235328873249478,0.235328873249478,0.235328873249478,38104.0345083654,38104.0345083654,38104.0345083654,38104.0345083654,0.596880731220741,0.596880731220741,0.596880731220741,0.596880731220741,127.9725,127.9725,127.9725,127.9725,0.910218549605376,0.910218549605376,0.910218549605376,0.910218549605376,0.454,0.454,0.454,0.454,114.7526784974,114.7526784974,114.7526784974,114.7526784974,114.7526784974,1343.17026293515
2015,"JPN","transport",0.460594930527014,38104.0345083654,0.596880731220741,127.9725,0.910218549605376,0.454,0.460594930527014,0.460594930527014,0.460594930527014,0.460594930527014,38104.0345083654,38104.0345083654,38104.0345083654,38104.0345083654,0.596880731220741,0.596880731220741,0.596880731220741,0.596880731220741,127.9725,127.9725,127.9725,127.9725,0.910218549605376,0.910218549605376,0.910218549605376,0.910218549605376,0.454,0.454,0.454,0.454,224.598457683798,224.598457683798,224.598457683798,224.598457683798,224.598457683798,1343.17026293515
2015,"JPN","energy",1.24300322113527,38104.0345083654,0.596880731220741,127.9725,0.910218549605376,0.454,1.24300322113527,1.24300322113527,1.24300322113527,1.24300322113527,38104.0345083654,38104.0345083654,38104.0345083654,38104.0345083654,0.596880731220741,0.596880731220741,0.596880731220741,0.596880731220741,127.9725,127.9725,127.9725,127.9725,0.910218549605376,0.910218549605376,0.910218549605376,0.910218549605376,0.454,0.454,0.454,0.454,606.121752238001,606.121752238001,606.121752238001,606.121752238001,606.121752238001,1343.17026293515
2015,"JPN","agriculture",0.102513908540582,38104.0345083654,0.596880731220741,127.9725,0.910218549605376,0.454,0.102513908540582,0.102513908540582,0.102513908540582,0.102513908540582,38104.0345083654,38104.0345083654,38104.0345083654,38104.0345083654,0.596880731220741,0.596880731220741,0.596880731220741,0.596880731220741,127.9725,127.9725,127.9725,127.9725,0.910218549605376,0.910218549605376,0.910218549605376,0.910218549605376,0.454,0.454,0.454,0.454,49.9885348781583,49.9885348781583,49.9885348781583,49.9885348781583,49.9885348781583,1343.17026293515
2015,"JPN","industry",0.713063350871571,38104.0345083654,0.596880731220741,127.9725,0.910218549605376,0.454,0.713063350871571,0.713063350871571,0.713063350871571,0.713063350871571,38104.0345083654,38104.0345083654,38104.0345083654,38104.0345083654,0.596880731220741,0.596880731220741,0.596880731220741,0.596880731220741,127.9725,127.9725,127.9725,127.9725,0.910218549605376,0.910218549605376,0.910218549605376,0.910218549605376,0.454,0.454,0.454,0.454,347.708839637788,347.708839637788,347.708839637788,347.708839637788,347.708839637788,1343.17026293515
2016,"JPN","agriculture",0.100962407631319,38447.8994505196,0.601293240586884,127.784240264095,0.91172009867934,0.452,0.100962407631319,0.100962407631319,0.100962407631319,0.100962407631319,38447.8994505196,38447.8994505196,38447.8994505196,38447.8994505196,0.601293240586884,0.601293240586884,0.601293240586884,0.601293240586884,127.784240264095,127.784240264095,127.784240264095,127.784240264095,0.91172009867934,0.91172009867934,0.91172009867934,0.91172009867934,0.452,0.452,0.452,0.452,49.6031905078122,49.6031905078122,49.6031905078122,49.6031905078122,49.6031905078122,1333.25768798724
2016,"JPN","buildings",0.229193441192636,38447.8994505196,0.601293240586884,127.784240264095,0.91172009867934,0.452,0.229193441192636,0.229193441192636,0.229193441192636,0.229193441192636,38447.8994505196,38447.8994505196,38447.8994505196,38447.8994505196,0.601293240586884,0.601293240586884,0.601293240586884,0.601293240586884,127.784240264095,127.784240264095,127.784240264095,127.784240264095,0.91172009867934,0.91172009867934,0.91172009867934,0.91172009867934,0.452,0.452,0.452,0.452,112.6035540687,112.6035540687,112.6035540687,112.6035540687,112.6035540687,1333.25768798724
2016,"JPN","energy",1.22627683025664,38447.8994505196,0.601293240586884,127.784240264095,0.91172009867934,0.452,1.22627683025664,1.22627683025664,1.22627683025664,1.22627683025664,38447.8994505196,38447.8994505196,38447.8994505196,38447.8994505196,0.601293240586884,0.601293240586884,0.601293240586884,0.601293240586884,127.784240264095,127.784240264095,127.784240264095,127.784240264095,0.91172009867934,0.91172009867934,0.91172009867934,0.91172009867934,0.452,0.452,0.452,0.452,602.474174830069,602.474174830069,602.474174830069,602.474174830069,602.474174830069,1333.25768798724
2016,"JPN","transport",0.454816707325181,38447.8994505196,0.601293240586884,127.784240264095,0.91172009867934,0.452,0.454816707325181,0.454816707325181,0.454816707325181,0.454816707325181,38447.8994505196,38447.8994505196,38447.8994505196,38447.8994505196,0.601293240586884,0.601293240586884,0.601293240586884,0.601293240586884,127.784240264095,127.784240264095,127.784240264095,127.784240264095,0.91172009867934,0.91172009867934,0.91172009867934,0.91172009867934,0.452,0.452,0.452,0.452,223.453068413044,223.453068413044,223.453068413044,223.453068413044,223.453068413044,1333.25768798724
2016,"JPN","industry",0.702465291906246,38447.8994505196,0.601293240586884,127.784240264095,0.91172009867934,0.452,0.702465291906246,0.702465291906246,0.702465291906246,0.702465291906246,38447.8994505196,38447.8994505196,38447.8994505196,38447.8994505196,0.601293240586884,0.601293240586884,0.601293240586884,0.601293240586884,127.784240264095,127.784240264095,127.784240264095,127.784240264095,0.91172009867934,0.91172009867934,0.91172009867934,0.91172009867934,0.452,0.452,0.452,0.452,345.12370016761,345.12370016761,345.12370016761,345.12370016761,345.12370016761,1333.25768798724
2017,"JPN","agriculture",0.0992162767103976,39185.71585657,0.605731007700642,127.478313423481,0.913170794147182,0.45,0.0992162767103976,0.0992162767103976,0.0992162767103976,0.0992162767103976,39185.71585657,39185.71585657,39185.71585657,39185.71585657,0.605731007700642,0.605731007700642,0.605731007700642,0.605731007700642,127.478313423481,127.478313423481,127.478313423481,127.478313423481,0.913170794147182,0.913170794147182,0.913170794147182,0.913170794147182,0.45,0.45,0.45,0.45,49.5617941117526,49.5617941117526,49.5617941117526,49.5617941117526,49.5617941117526,1319.77547591671
2017,"JPN","energy",1.1727931328821,39185.71585657,0.605731007700642,127.478313423481,0.913170794147182,0.45,1.1727931328821,1.1727931328821,1.1727931328821,1.1727931328821,39185.71585657,39185.71585657,39185.71585657,39185.71585657,0.605731007700642,0.605731007700642,0.605731007700642,0.605731007700642,127.478313423481,127.478313423481,127.478313423481,127.478313423481,0.913170794147182,0.913170794147182,0.913170794147182,0.913170794147182,0.45,0.45,0.45,0.45,585.84875097907,585.84875097907,585.84875097907,585.84875097907,585.84875097907,1319.77547591671
2017,"JPN","industry",0.694149347271002,39185.71585657,0.605731007700642,127.478313423481,0.913170794147182,0.45,0.694149347271002,0.694149347271002,0.694149347271002,0.694149347271002,39185.71585657,39185.71585657,39185.71585657,39185.71585657,0.605731007700642,0.605731007700642,0.605731007700642,0.605731007700642,127.478313423481,127.478313423481,127.478313423481,127.478313423481,0.913170794147182,0.913170794147182,0.913170794147182,0.913170794147182,0.45,0.45,0.45,0.45,346.750434232406,346.750434232406,346.750434232406,346.750434232406,346.750434232406,1319.77547591671
2017,"JPN","buildings",0.23303141709923,39185.71585657,0.605731007700642,127.478313423481,0.913170794147182,0.45,0.23303141709923,0.23303141709923,0.23303141709923,0.23303141709923,39185.71585657,39185.71585657,39185.71585657,39185.71585657,0.605731007700642,0.605731007700642,0.605731007700642,0.605731007700642,127.478313423481,127.478313423481,127.478313423481,127.478313423481,0.913170794147182,0.913170794147182,0.913170794147182,0.913170794147182,0.45,0.45,0.45,0.45,116.4068588217,116.4068588217,116.4068588217,116.4068588217,116.4068588217,1319.77547591671
2017,"JPN","transport",0.442828969228418,39185.71585657,0.605731007700642,127.478313423481,0.913170794147182,0.45,0.442828969228418,0.442828969228418,0.442828969228418,0.442828969228418,39185.71585657,39185.71585657,39185.71585657,39185.71585657,0.605731007700642,0.605731007700642,0.605731007700642,0.605731007700642,127.478313423481,127.478313423481,127.478313423481,127.478313423481,0.913170794147182,0.913170794147182,0.913170794147182,0.913170794147182,0.45,0.45,0.45,0.45,221.207637771782,221.207637771782,221.207637771782,221.207637771782,221.207637771782,1319.77547591671
2018,"JPN","agriculture",0.0988912368700874,39536.7255024774,0.610194250052175,127.08441645082,0.914576022078822,0.448,0.0988912368700874,0.0988912368700874,0.0988912368700874,0.0988912368700874,39536.7255024774,39536.7255024774,39536.7255024774,39536.7255024774,0.610194250052175,0.610194250052175,0.610194250052175,0.610194250052175,127.08441645082,127.08441645082,127.08441645082,127.08441645082,0.914576022078822,0.914576022078822,0.914576022078822,0.914576022078822,0.448,0.448,0.448,0.448,49.6879186667068,49.6879186667068,49.6879186667068,49.6879186667068,49.6879186667068,1272.79134810589
2018,"JPN","energy",1.12887756130242,39536.7255024774,0.610194250052175,127.08441645082,0.914576022078822,0.448,1.12887756130242,1.12887756130242,1.12887756130242,1.12887756130242,39536.7255024774,39536.7255024774,39536.7255024774,39536.7255024774,0.610194250052175,0.610194250052175,0.610194250052175,0.610194250052175,127.08441645082,127.08441645082,127.08441645082,127.08441645082,0.914576022078822,0.914576022078822,0.914576022078822,0.914576022078822,0.448,0.448,0.448,0.448,567.204721327856,567.204721327856,567.204721327856,567.204721327856,567.204721327856,1272.79134810589
2018,"JPN","buildings",0.219249623215473,39536.7255024774,0.610194250052175,127.08441645082,0.914576022078822,0.448,0.219249623215473,0.219249623215473,0.219249623215473,0.219249623215473,39536.7255024774,39536.7255024774,39536.7255024774,39536.7255024774,0.610194250052175,0.610194250052175,0.610194250052175,0.610194250052175,127.08441645082,127.08441645082,127.08441645082,127.08441645082,0.914576022078822,0.914576022078822,0.914576022078822,0.914576022078822,0.448,0.448,0.448,0.448,110.162010212775,110.162010212775,110.162010212775,110.162010212775,110.162010212775,1272.79134810589
2018,"JPN","industry",0.671672558523747,39536.7255024774,0.610194250052175,127.08441645082,0.914576022078822,0.448,0.671672558523747,0.671672558523747,0.671672558523747,0.671672558523747,39536.7255024774,39536.7255024774,39536.7255024774,39536.7255024774,0.610194250052175,0.610194250052175,0.610194250052175,0.610194250052175,127.08441645082,127.08441645082,127.08441645082,127.08441645082,0.914576022078822,0.914576022078822,0.914576022078822,0.914576022078822,0.448,0.448,0.448,0.448,337.481990466253,337.481990466253,337.481990466253,337.481990466253,337.481990466253,1272.79134810589
2018,"JPN","transport",0.414478331043426,39536.7255024774,0.610194250052175,127.08441645082,0.914576022078822,0.448,0.414478331043426,0.414478331043426,0.414478331043426,0.414478331043426,39536.7255024774,39536.7255024774,39536.7255024774,39536.7255024774,0.610194250052175,0.610194250052175,0.610194250052175,0.610194250052175,127.08441645082,127.08441645082,127.08441645082,127.08441645082,0.914576022078822,0.914576022078822,0.914576022078822,0.914576022078822,0.448,0.448,0.448,0.448,208.254707432298,208.254707432298,208.254707432298,208.254707432298,208.254707432298,1272.79134810589
2019,"JPN","buildings",0.230068516689774,39582.6736891853,0.614683187617748,126.63224632053,0.915955806973045,0.446000000002871,0.218369696598502,0.223393026921381,0.236444199960274,0.24086513323588,39582.6736881584,39582.6736885901,39582.6736897074,39582.673690026,0.61468318759376,0.614683187604511,0.614683187628575,0.61468318763645,126.632246317358,126.632246318656,126.63224632316,126.632246325681,0.915955806952713,0.915955806961216,0.915955806986702,0.915955806998343,0.44599999999453,0.445999999997941,0.446000000009093,0.446000000015404,115.320529944904,109.456563192134,111.974478827109,118.516304772847,120.732272324965,1333.68458932465
2019,"JPN","energy",1.21411831407281,39582.6736901493,0.614683187635386,126.632246320276,0.915955806972208,0.446000000001838,1.152703988221,1.17722818031146,1.25267423761258,1.28125568022724,39582.6736894321,39582.6736897481,39582.6736904838,39582.6736906725,0.614683187626547,0.614683187630364,0.614683187641148,0.614683187646242,126.632246318073,126.632246318997,126.632246321757,126.632246323112,0.915955806961075,0.91595580696564,0.91595580698106,0.915955806988609,0.445999999996326,0.445999999998672,0.446000000005618,0.446000000008878,608.569870465008,577.786290397809,590.078901610544,627.895806919116,642.22209179243,1333.68458932465
2019,"JPN","transport",0.443616242364209,39582.6736905795,0.61468318763465,126.63224631952,0.915955806971674,0.446000000000995,0.421967204264999,0.43053609817843,0.457788238185951,0.468606230106415,39582.6736900193,39582.6736902632,39582.6736908285,39582.6736909654,0.61468318762636,0.614683187630088,0.614683187639457,0.614683187643885,126.632246317997,126.632246318625,126.63224632064,126.632246321786,0.915955806961345,0.91595580696558,0.915955806979254,0.915955806986089,0.445999999996174,0.445999999998205,0.446000000004224,0.446000000007112,222.360107760303,211.508651064392,215.803760195991,229.46373972598,234.88619638595,1333.68458932465
2019,"JPN","industry",0.675765350649988,39582.6736891379,0.614683187632282,126.632246320816,0.915955806972109,0.446000000001798,0.658522203594735,0.665550677657033,0.686204160780776,0.693600894307448,39582.6736881673,39582.6736885776,39582.6736896153,39582.6736899017,0.61468318761919,0.614683187625091,0.614683187639847,0.614683187646367,126.632246318195,126.632246319259,126.632246322801,126.632246324605,0.915955806958572,0.915955806964164,0.915955806982308,0.915955806991198,0.445999999993929,0.445999999997533,0.446000000006409,0.446000000010266,338.723522355869,330.080493379988,333.603475862866,343.955916300081,347.663486747747,1333.68458932465
2019,"JPN","agriculture",0.0971792794818835,39582.6736901084,0.614683187633631,126.632246320304,0.91595580697046,0.446000000000177,0.0929980286693225,0.0947827929019337,0.099713076139645,0.101538191379105,39582.6736894082,39582.6736896989,39582.6736904417,39582.6736906318,0.614683187624409,0.614683187628582,0.614683187638977,0.614683187644004,126.632246318333,126.632246319105,126.632246322082,126.632246323723,0.915955806959456,0.915955806964147,0.915955806978071,0.915955806985167,0.445999999993889,0.445999999996736,0.446000000003946,0.446000000007349,48.7105587985606,46.6147307103285,47.5093335877584,49.9806099010947,50.8954384920861,1333.68458932465
2020,"JPN","agriculture",0.0950926456577754,37946.3042769426,0.619198042987579,126.151500000447,0.917591956547628,0.444000000000776,0.0877383156845303,0.0907771538949537,0.0996188771113068,0.103106033680622,37946.3042763844,37946.3042765849,37946.3042773903,37946.304277725,0.619198042979237,0.619198042982938,0.619198042993117,0.619198042998296,126.151499998621,126.151499999382,126.151500001831,126.151500003177,0.917591956537571,0.917591956541735,0.917591956554988,0.917591956561898,0.443999999995338,0.443999999997616,0.444000000004547,0.444000000008189,45.5206897588664,42.0001843523828,43.454871100068,47.6873891525755,49.3566851463334,1269.97093664725
2020,"JPN","buildings",0.226101081239518,37946.3042778257,0.619198042990526,126.151500000759,0.917591956552133,0.444000000000617,0.204580822018985,0.213967120285782,0.237667932516158,0.246073236292624,37946.3042769716,37946.3042772961,37946.3042784351,37946.3042788662,0.619198042973097,0.619198042980337,0.619198043003987,0.619198043015771,126.151499998136,126.151499999236,126.151500002879,126.151500005097,0.917591956536967,0.917591956543011,0.917591956564647,0.917591956575846,0.443999999992971,0.44399999999639,0.444000000005792,0.4440000000107,108.234207831114,97.9324958895592,102.425701112765,113.771240110738,117.794844917188,1269.97093664725
2020,"JPN","transport",0.44113972462859,37946.3042764841,0.619198042987837,126.151500000397,0.917591956549765,0.444000000001321,0.40430352547424,0.419205271632336,0.464689648501598,0.482852172217179,37946.3042760677,37946.3042762122,37946.3042768409,37946.3042771161,0.61919804298059,0.619198042983673,0.619198042993053,0.619198042997749,126.151499998959,126.151499999571,126.151500001519,126.151500002689,0.917591956540597,0.917591956544078,0.917591956557768,0.917591956564645,0.443999999996967,0.443999999998785,0.444000000004597,0.444000000007877,211.172845237961,193.539418575164,200.67285943479,222.446154242845,231.140523839505,1269.97093664725
2020,"JPN","energy",1.2334043234442,37946.304277064,0.61919804298772,126.15150000063,0.917591956548083,0.444000000000708,1.13455467764879,1.17283708367023,1.29562943970249,1.34088574930875,37946.3042764857,37946.3042767025,37946.3042775111,37946.3042778403,0.619198042980138,0.619198042983537,0.619198042992646,0.619198042997277,126.15149999896,126.151499999635,126.151500001848,126.15150000303,0.917591956539137,0.917591956542754,0.917591956555185,0.917591956561635,0.443999999996126,0.443999999998088,0.444000000003946,0.444000000006876,590.428578015591,543.109418596519,561.43514205662,620.215636647827,641.879756051871,1269.97093664725
2020,"JPN","industry",0.657229412300645,37946.3042780172,0.619198042987307,126.151500000629,0.917591956549429,0.444000000000487,0.629751393732136,0.640941547583747,0.673828058992441,0.68528783799068,37946.3042772304,37946.3042775108,37946.3042786316,37946.3042790709,0.61919804297683,0.619198042981376,0.619198042994133,0.619198043000225,126.151499998537,126.151499999405,126.151500002186,126.151500003832,0.917591956537905,0.917591956542532,0.917591956558081,0.917591956565736,0.443999999994236,0.443999999996991,0.444000000004592,0.444000000008117,314.614615803714,301.460934461058,306.817642312408,322.560360085196,328.046137049653,1269.97093664725
2021,"JPN","buildings",0.221307753496502,38710.3975974125,0.622604153696654,125.665983910533,0.919153643802311,0.441200000001849,0.191370356994834,0.204457497590684,0.237455404259053,0.249750778861426,38710.3975969378,38710.3975971504,38710.3975976934,38710.397597938,0.622604153678895,0.622604153685335,0.622604153714015,0.622604153728192,125.665983907644,125.665983908903,125.665983912942,125.66598391565,0.91915364378719,0.919153643792756,0.919153643816149,0.91915364382907,0.441199999994548,0.441199999997767,0.441200000006844,0.441200000012356,107.656931613625,93.0936449809986,99.459989485018,115.512085831209,121.493269419711,1284.21751975801
2021,"JPN","energy",1.24823505984053,38710.3975972909,0.622604153685393,125.665983910444,0.91915364379774,0.441200000001006,1.12221168340174,1.1719812474997,1.32594383837301,1.38361417912976,38710.3975970512,38710.3975971496,38710.3975974606,38710.3975975963,0.622604153678016,0.62260415368129,0.622604153690597,0.622604153695661,125.665983908788,125.665983909458,125.665983911737,125.66598391306,0.919153643788858,0.919153643792208,0.919153643805063,0.919153643812177,0.441199999996706,0.441199999998524,0.441200000004178,0.44120000000733,607.21395590375,545.908873705533,570.119677333186,645.016014458178,673.07021424481,1284.21751975801
2021,"JPN","industry",0.642233248241405,38710.397597383,0.622604153685822,125.665983910369,0.919153643798907,0.441200000001337,0.608319415227005,0.621918786668986,0.663526734823216,0.678462848976938,38710.3975970804,38710.3975972129,38710.3975975648,38710.3975977123,0.62260415367659,0.622604153680507,0.622604153692529,0.622604153699376,125.665983908356,125.66598390919,125.665983911929,125.665983913688,0.91915364378868,0.919153643792595,0.919153643807231,0.919153643815025,0.441199999996322,0.441199999998452,0.441200000005219,0.441200000009081,312.419514427055,295.921858357099,302.537381664221,322.777901754488,330.043694270667,1284.21751975801
2021,"JPN","agriculture",0.0934520223986658,38710.3975972789,0.6226041536857,125.66598391018,0.919153643797792,0.441200000002199,0.0835149334803062,0.087603374143304,0.0997003352794629,0.104521039498108,38710.3975970181,38710.3975971252,38710.3975974542,38710.3975975945,0.622604153677819,0.622604153681219,0.622604153691144,0.622604153696253,125.665983908271,125.665983909124,125.665983911541,125.66598391296,0.919153643789072,0.919153643792393,0.919153643805181,0.919153643812623,0.441199999997532,0.441199999999413,0.44120000000599,0.441200000009822,45.4604857955035,40.6265091943028,42.6153639459224,48.500027709752,50.8450979395729,1284.21751975801
2021,"JPN","transport",0.434706846745432,38710.3975972075,0.622604153685771,125.665983910299,0.919153643800375,0.441200000001694,0.387456852251928,0.406286667624853,0.465778228594674,0.489992639059257,38710.3975969829,38710.3975970769,38710.3975973652,38710.3975974987,0.622604153678232,0.622604153681505,0.622604153691461,0.622604153696771,125.665983908789,125.665983909442,125.665983911504,125.665983912792,0.919153643790795,0.919153643794053,0.919153643809478,0.919153643817411,0.441199999997437,0.441199999999194,0.441200000005178,0.441200000008881,211.466632018078,188.481493244287,197.641407947371,226.58155491076,238.360849092298,1284.21751975801
2022,"JPN","buildings",0.216337454476348,39791.5196086812,0.626037799675068,125.175942236081,0.920712883563994,0.43840000000241,0.179861527724088,0.195675559777573,0.236583871962339,0.25261488468089,39791.5196080729,39791.519608365,39791.5196089568,39791.519609181,0.626037799654838,0.626037799661392,0.626037799696185,0.626037799713386,125.175942232827,125.175942234269,125.175942238896,125.175942242138,0.920712883547334,0.920712883553392,0.920712883579807,0.920712883594536,0.438399999994489,0.438399999997895,0.438400000008098,0.438400000014603,107.756408817891,89.5879650576124,97.4648410572935,117.841029834331,125.825982621984,1306.70878931155
2022,"JPN","energy",1.2578709598708,39791.5196087588,0.62603779965931,125.175942235984,0.920712883559085,0.438400000001246,1.11144144855086,1.16890601190482,1.35012184742211,1.42003596223215,39791.5196084901,39791.519608612,39791.5196089175,39791.5196090471,0.626037799651771,0.626037799654913,0.626037799665209,0.626037799671223,125.175942234257,125.175942234953,125.175942237398,125.175942238955,0.920712883549816,0.920712883553277,0.920712883566957,0.920712883574647,0.43839999999685,0.438399999998691,0.438400000004686,0.438400000008334,626.538098645067,553.602423577168,582.225183309692,672.487721088874,707.311528913384,1306.70878931155
2022,"JPN","industry",0.628372582908288,39791.5196087099,0.62603779966019,125.175942235932,0.920712883560422,0.438400000001639,0.588998508292071,0.604729625611163,0.652923000895733,0.670758447534966,39791.5196083671,39791.5196085311,39791.5196088826,39791.5196090259,0.62603779965051,0.626037799654527,0.626037799668033,0.626037799676479,125.175942233826,125.17594223467,125.175942237672,125.17594223969,0.920712883549584,0.920712883553684,0.920712883569467,0.920712883578009,0.438399999996439,0.4383999999986,0.438400000005948,0.438400000010552,312.988673642431,293.376679536996,301.212256193869,325.21709189363,334.100822556449,1306.70878931155
2022,"JPN","transport",0.429040072441296,39791.5196087639,0.626037799659852,125.175942235828,0.920712883562026,0.43840000000209,0.373445956525764,0.395364069761334,0.465806988279077,0.495672906580435,39791.5196085008,39791.519608621,39791.5196089157,39791.5196090493,0.626037799652062,0.626037799655343,0.626037799666277,0.626037799672574,125.175942234243,125.175942234917,125.175942237168,125.175942238608,0.920712883551664,0.920712883555245,0.920712883571966,0.92071288358033,0.438399999997584,0.43839999999942,0.43840000000599,0.438400000010088,213.702327032305,186.011226122109,196.928508921821,232.01571073671,246.891748318386,1306.70878931155
2022,"JPN","agriculture",0.0917964728749272,39791.5196087435,0.626037799659676,125.175942235654,0.920712883559274,0.438400000002603,0.0798799484874026,0.0846783197620318,0.0995216490241365,0.105646191505947,39791.5196084512,39791.5196085831,39791.5196089039,39791.5196090327,0.626037799651519,0.626037799654924,0.62603779966596,0.626037799672118,125.175942233677,125.175942234542,125.175942237145,125.175942238733,0.920712883549964,0.920712883553527,0.920712883567268,0.920712883575414,0.438399999997798,0.438399999999667,0.438400000006803,0.438400000011251,45.7232811738576,39.7877307303516,42.1777711323896,49.5711458031682,52.6217442545465,1306.70878931155
2023,"JPN","buildings",0.21189943043583,40876.0373821659,0.629499316174332,124.675728606882,0.922239996214772,0.435600000002554,0.169282470367619,0.187963217592064,0.235545369895549,0.254924322260616,40876.0373813693,40876.0373817474,40876.0373824957,40876.0373827226,0.629499316153134,0.62949931616028,0.629499316196959,0.629499316215588,124.675728603779,124.675728605065,124.675728609859,124.675728613454,0.922239996198264,0.922239996204212,0.922239996231136,0.922239996246689,0.435599999994878,0.435599999998236,0.435600000008817,0.435600000015705,107.989241793675,86.2705746114767,95.790749937334,120.039803083221,129.915801181692,1328.93078714926
2023,"JPN","energy",1.26663914016893,40876.0373825365,0.629499316160647,124.675728606739,0.922239996209744,0.435600000001358,1.10134320542204,1.16703103273715,1.37113385900079,1.45128782411736,40876.0373821545,40876.0373823244,40876.037382727,40876.0373828649,0.629499316153117,0.629499316156102,0.629499316167254,0.62949931617445,124.675728605004,124.675728605662,124.675728608286,124.675728610046,0.922239996200197,0.922239996203795,0.922239996218269,0.922239996226516,0.435599999996938,0.435599999998781,0.435600000005009,0.435600000009059,645.510939278282,561.272002776119,594.748160093168,698.764057680913,739.61252009727,1328.93078714926
2023,"JPN","industry",0.614920653047885,40876.0373822267,0.629499316161793,124.675728606792,0.922239996211112,0.435600000001498,0.571893176777357,0.589426917317644,0.642471434305125,0.662361380336271,40876.0373817233,40876.0373819556,40876.0373824686,40876.0373826276,0.629499316152112,0.62949931615605,0.62949931617048,0.629499316180701,124.675728604735,124.675728605524,124.675728608778,124.675728611147,0.922239996200242,0.922239996204182,0.922239996220785,0.922239996230073,0.43559999999642,0.435599999998553,0.435600000005903,0.435600000010919,313.378922022997,291.451045527794,300.386677609198,327.419488211118,337.555901444431,1328.93078714926
2023,"JPN","agriculture",0.0901705033684431,40876.0373825195,0.629499316160693,124.67572860643,0.922239996209408,0.435600000002258,0.0766885299759267,0.0820887532496652,0.0990964224156842,0.10640644736608,40876.0373821201,40876.0373823034,40876.0373827138,40876.037382844,0.629499316152533,0.629499316155941,0.629499316167522,0.629499316174766,124.675728604584,124.67572860534,124.675728608114,124.675728609947,0.922239996200157,0.92223999620359,0.922239996217922,0.922239996226736,0.435599999997476,0.435599999999362,0.435600000006594,0.435600000011391,45.9531404638647,39.0823901197824,41.8344787672712,50.5020117288986,54.2273830062921,1328.93078714926
2023,"JPN","transport",0.424034445871124,40876.0373826833,0.629499316160734,124.675728606464,0.922239996212297,0.435600000002218,0.362119835195706,0.386599214583626,0.465778798166195,0.500132517782253,40876.0373823269,40876.0373824888,40876.0373828546,40876.0373829947,0.629499316152671,0.62949931615598,0.62949931616778,0.629499316174771,124.675728604847,124.675728605508,124.675728607931,124.675728609547,0.922239996201351,0.922239996205174,0.922239996222753,0.9222399962318,0.435599999997619,0.435599999999472,0.435600000006374,0.435600000010812,216.098543590437,184.545311712908,197.020614807605,237.372508056479,254.88002153135,1328.93078714926
2024,"JPN","industry",0.601637086619557,41375.5249668207,0.632989043906251,124.159696651999,0.923744299145066,0.432800000001811,0.554992491531181,0.574280579329119,0.631471021347914,0.653200503242355,41375.5249663273,41375.5249665719,41375.5249670211,41375.5249671733,0.63298904389612,0.632989043900047,0.632989043916042,0.632989043927845,124.15969664983,124.159696650646,124.159696654179,124.159696656843,0.923744299133921,0.923744299137804,0.923744299155483,0.923744299165643,0.432799999996816,0.432799999998853,0.432800000006592,0.432800000012072,309.071357377668,285.109223661703,295.017847332594,324.39756467805,335.560374628861,1330.989385362
2024,"JPN","transport",0.41943675435753,41375.5249669015,0.632989043904845,124.159696651588,0.923744299146133,0.432800000002579,0.35129599408978,0.37846795174633,0.465039749008387,0.504349764726456,41375.5249665355,41375.5249667078,41375.5249670758,41375.5249672274,0.632989043896315,0.632989043899756,0.632989043912767,0.632989043920484,124.159696649886,124.159696650579,124.159696653176,124.159696654997,0.923744299134259,0.923744299138458,0.923744299157352,0.923744299167398,0.432799999997723,0.432799999999619,0.432800000007105,0.43280000001198,215.471901394449,180.466816543152,194.425520256072,238.898946984687,259.09318066345,1330.989385362
2024,"JPN","buildings",0.207683047866378,41375.5249666354,0.632989043920209,124.159696652083,0.92374429914902,0.432800000003003,0.159740129404473,0.180518432267135,0.234336002928047,0.25699624564424,41375.5249656671,41375.5249661369,41375.5249669862,41375.5249672161,0.632989043896945,0.632989043904393,0.632989043945683,0.63298904396648,124.159696648742,124.159696650145,124.159696655361,124.159696659416,0.92374429913167,0.923744299137653,0.923744299166659,0.923744299184024,0.432799999994934,0.432799999998488,0.432800000009931,0.432800000017684,106.690366893133,82.0612620471086,92.7354349253086,120.382450013647,132.023407881121,1330.989385362
2024,"JPN","agriculture",0.0885083454552699,41375.5249668448,0.632989043904809,124.159696651588,0.923744299142934,0.432800000002402,0.0737048613318983,0.0796655471345575,0.0985405300924598,0.106948648588072,41375.5249664378,41375.5249666365,41375.5249670242,41375.5249671611,0.63298904389635,0.632989043899897,0.632989043912422,0.632989043920564,124.159696649674,124.159696650439,124.159696653418,124.15969665556,0.923744299133409,0.923744299136882,0.923744299152119,0.923744299161829,0.432799999997502,0.432799999999409,0.432800000007123,0.432800000012306,45.4682649680173,37.8634596239935,40.9255668217414,50.6219714002946,54.9413670198227,1330.989385362
2024,"JPN","energy",1.27363345953787,41375.5249668853,0.632989043904793,124.1596966519,0.923744299143424,0.432800000001639,1.09215812559829,1.16502194046526,1.38929742341965,1.48280253944397,41375.524966511,41375.5249666944,41375.5249670658,41375.5249672034,0.632989043896976,0.632989043900049,0.632989043912126,0.632989043920218,124.159696650084,124.159696650772,124.159696653592,124.159696655568,0.923744299133536,0.923744299137177,0.923744299152623,0.923744299161638,0.432799999997174,0.432799999999049,0.43280000000559,0.432800000010053,654.287494728734,561.060482903395,598.491882441527,713.706069667662,761.741261932736,1330.989385362
2025,"JPN","agriculture",0.086953578143832,41840.9072529807,0.636507329182983,123.622200000836,0.925204784563629,0.430000000002431,0.0710145327798109,0.0774630788260025,0.0981063042273751,0.107658525048921,41840.9072525218,41840.9072527462,41840.9072531765,41840.9072533218,0.636507329173874,0.636507329177636,0.636507329191359,0.636507329200422,123.622199998805,123.622199999595,123.622200002828,123.622200005197,0.925204784553296,0.92520478455708,0.92520478457364,0.925204784584441,0.429999999997138,0.429999999999228,0.430000000007494,0.430000000013212,44.9764339981754,36.7320185618221,40.0675064372273,50.7451425350168,55.6859953273751,1331.76232473523
2025,"JPN","buildings",0.203389639636781,41840.907252698,0.636507329198986,123.622200001359,0.92520478457035,0.430000000003102,0.150786979524703,0.173496930658793,0.233102312983156,0.258690892961863,41840.9072515909,41840.9072521238,41840.9072530965,41840.9072533417,0.636507329173499,0.636507329181601,0.636507329227415,0.636507329250072,123.622199997776,123.622199999249,123.622200004969,123.622200009432,0.925204784551453,0.925204784558002,0.925204784589737,0.925204784608761,0.429999999994352,0.429999999998192,0.430000000010661,0.430000000019155,105.202579333953,77.9940374757295,89.7406802251784,120.57135564074,133.806959087628,1331.76232473523
2025,"JPN","industry",0.589089593688812,41840.9072529315,0.636507329183975,123.622200001285,0.925204784566001,0.430000000001795,0.538777739154146,0.559867000510696,0.621123016549896,0.644609138202174,41840.9072523695,41840.9072526498,41840.9072531499,41840.907253315,0.636507329172978,0.636507329177182,0.636507329194924,0.636507329208248,123.622199998932,123.622199999825,123.622200003712,123.622200006634,0.925204784553834,0.925204784558142,0.92520478457761,0.925204784588938,0.42999999999639,0.429999999998606,0.430000000006951,0.430000000012962,304.704530798113,278.680900112988,289.589246744855,321.273706675195,333.421820910878,1331.76232473523
2025,"JPN","energy",1.28086375891553,41840.907253023,0.636507329183076,123.622200001143,0.92520478456424,0.430000000001727,1.08409355613354,1.16310797820126,1.40886126622768,1.51196083362999,41840.9072526018,41840.9072528064,41840.9072532188,41840.9072533652,0.636507329174535,0.636507329177855,0.636507329191252,0.6365073292002,123.622199999189,123.622199999934,123.622200003012,123.622200005197,0.925204784553502,0.925204784557451,0.925204784574391,0.925204784584317,0.429999999996881,0.429999999998926,0.430000000006008,0.43000000001088,662.522296882495,560.743598099436,601.613531396348,728.72855960298,782.056450041345,1331.76232473523
2025,"JPN","transport",0.414418432092562,41840.9072530488,0.636507329183505,123.622200000783,0.925204784567066,0.430000000002786,0.340261052272224,0.370598851501619,0.464122230723574,0.50789945431714,41840.9072526337,41840.907252829,41840.9072532353,41840.9072533968,0.63650732917425,0.636507329177949,0.636507329192203,0.636507329200862,123.622199998968,123.622199999697,123.622200002534,123.622200004505,0.925204784554222,0.925204784558828,0.925204784579315,0.925204784590266,0.429999999997579,0.429999999999593,0.430000000007689,0.430000000012923,214.35648372249,175.998838531207,191.690959018945,240.065599627995,262.70921533467,1331.76232473523
2026,"JPN","agriculture",0.0855463373901776,42223.6111040611,0.638831363717747,123.059103296935,0.926562075673442,0.427085417086149,0.0685488626649702,0.0753418285054333,0.0977910483141772,0.108322885208457,42223.6111035492,42223.611103802,42223.6111042718,42223.6111044246,0.638831363707979,0.638831363712005,0.638831363727033,0.638831363737272,123.059103294774,123.059103295606,123.059103299085,123.059103301723,0.926562075662319,0.926562075666351,0.926562075684408,0.926562075696223,0.427085417080536,0.427085417082726,0.427085417091593,0.427085417097803,44.4498745161437,35.6179871250506,39.1476119846775,50.8122259696492,56.2845681263989,1329.70778522038
2026,"JPN","industry",0.576785760653477,42223.6111040475,0.638831363719794,123.059103297448,0.926562075676118,0.427085417085596,0.523505711367001,0.545753341389808,0.610938085039126,0.636139563624119,42223.6111034209,42223.6111037381,42223.6111042822,42223.6111044617,0.638831363707954,0.638831363712417,0.638831363732008,0.638831363746818,123.059103294919,123.059103295862,123.059103300071,123.059103303267,0.926562075662988,0.92656207566755,0.926562075688794,0.926562075701286,0.42708541707974,0.427085417082151,0.427085417091185,0.427085417097702,299.697865105795,272.013552990441,283.57342092515,317.443411908745,330.538099470555,1329.70778522038
2026,"JPN","buildings",0.199061846266848,42223.6111037962,0.638831363737341,123.059103297511,0.926562075680995,0.42708541708706,0.142414669371403,0.166744222779483,0.231887784480332,0.260183908980408,42223.611102545,42223.6111031495,42223.6111042291,42223.6111044992,0.638831363708893,0.638831363717537,0.638831363769044,0.638831363794665,123.059103293528,123.0591032952,123.059103301479,123.059103306422,0.926562075659963,0.926562075667413,0.926562075702472,0.926562075723336,0.427085417077437,0.427085417081668,0.427085417095207,0.427085417104549,103.432529755008,73.9986582214688,86.6402934950447,120.488886332165,135.191551835818,1329.70778522038
2026,"JPN","energy",1.28864973709985,42223.6111041061,0.638831363717862,123.059103297265,0.92656207567412,0.427085417085402,1.0763060035049,1.1610605799836,1.42860208450207,1.53956545927811,42223.611103636,42223.6111038658,42223.6111043165,42223.6111044761,0.638831363708654,0.638831363712234,0.638831363726902,0.638831363736927,123.059103295167,123.05910329597,123.059103299293,123.059103301658,0.926562075662527,0.926562075666797,0.926562075685196,0.926562075696064,0.427085417080181,0.427085417082394,0.427085417090036,0.427085417095293,669.582367380416,559.248569346378,603.287044899827,742.301603161429,799.958169588809,1329.70778522038
2026,"JPN","transport",0.409055350076298,42223.6111041094,0.63883136371786,123.059103296871,0.926562075677227,0.427085417086536,0.329771786131178,0.362508618618589,0.463020136360991,0.510935171179303,42223.6111036484,42223.6111038684,42223.6111043133,42223.6111044826,0.638831363707963,0.638831363711834,0.63883136372744,0.638831363737088,123.05910329492,123.0591032957,123.059103298783,123.059103300926,0.926562075663378,0.926562075668294,0.926562075690542,0.92656207570238,0.427085417080957,0.42708541708308,0.427085417091887,0.427085417097514,212.545148463016,171.349410852802,188.35946809872,240.585249906671,265.481900659311,1329.70778522038
2027,"JPN","agriculture",0.0842333319818738,42615.5453035659,0.641178320618936,122.472315235862,0.927906834142678,0.424169667870092,0.066200628422199,0.0733340873955498,0.097556107235349,0.109143709356481,42615.5453029995,42615.5453032798,42615.5453037927,42615.5453039587,0.64117832060844,0.641178320612652,0.641178320629131,0.641178320640566,122.472315233579,122.472315234435,122.472315238197,122.472315241068,0.927906834130626,0.927906834135026,0.927906834154638,0.927906834167583,0.424169667864021,0.424169667866437,0.42416966787598,0.424169667882623,43.9632669854926,34.5515941665499,38.2747065505003,50.916722485007,56.9645521741213,1327.60387535072
2027,"JPN","buildings",0.194686089777277,42615.545303229,0.641178320641284,122.472315236495,0.927906834150983,0.424169667871092,0.134037322294266,0.160116986755459,0.230475832915194,0.262427387834195,42615.5453018108,42615.5453024929,42615.5453037187,42615.5453040085,0.641178320609786,0.641178320619188,0.641178320676708,0.64117832070553,122.47231523213,122.472315233952,122.472315240836,122.472315246181,0.927906834127951,0.927906834136102,0.927906834174578,0.927906834197381,0.424169667860663,0.42416966786523,0.424169667879941,0.424169667890065,101.611040923155,69.9570876221423,83.5686499863559,120.290511345564,136.966745164482,1327.60387535072
2027,"JPN","industry",0.564725669286083,42615.5453035481,0.641178320621263,122.472315236416,0.927906834145682,0.424169667869534,0.507969190402981,0.531881904974668,0.601002128242172,0.627896801798587,42615.5453028525,42615.5453032057,42615.5453038019,42615.5453039977,0.641178320608446,0.641178320613193,0.641178320634755,0.641178320651269,122.472315233704,122.472315234709,122.472315239278,122.472315242759,0.927906834131324,0.927906834136326,0.927906834159621,0.927906834173087,0.424169667863242,0.424169667865796,0.42416966787555,0.424169667882539,294.743004797892,265.120524295682,277.601106864411,313.676503124814,327.713437048348,1327.60387535072
2027,"JPN","energy",1.29642993839835,42615.5453036144,0.641178320619017,122.472315236221,0.927906834143411,0.424169667869317,1.06794348733919,1.1592300805116,1.45001882782467,1.56953379142627,42615.5453030935,42615.5453033511,42615.5453038437,42615.5453040148,0.641178320609051,0.641178320612931,0.641178320629017,0.641178320640298,122.472315233968,122.472315234817,122.472315238423,122.472315240974,0.927906834130862,0.92790683413547,0.927906834155511,0.927906834167255,0.424169667863718,0.424169667866097,0.424169667874303,0.424169667880008,676.635889495473,557.383681289904,605.028203554708,756.797378933433,819.174921556742,1327.60387535072
2027,"JPN","transport",0.403605311891294,42615.5453036137,0.641178320619061,122.472315235774,0.927906834146833,0.42416966787054,0.319265315949009,0.353973753559124,0.461375625877323,0.513195955497314,42615.5453031004,42615.5453033456,42615.5453038335,42615.5453040151,0.641178320608386,0.641178320612526,0.641178320629597,0.64117832064028,122.472315233692,122.472315234517,122.47231523785,122.472315240164,0.927906834131845,0.92790683413713,0.927906834161298,0.927906834174101,0.424169667864525,0.42416966786681,0.424169667876303,0.424169667882358,210.650673148709,166.631735853302,184.746848636137,240.802296955304,267.848490337995,1327.60387535072
2028,"JPN","energy",1.30372667412531,43016.901429676,0.643548540699274,121.865255527179,0.929256032558553,0.421252751653339,1.05923639059752,1.15727111214539,1.47075206881777,1.60162776157845,43016.9014291033,43016.9014293864,43016.9014299225,43016.9014301035,0.643548540688626,0.643548540692701,0.643548540710185,0.643548540722619,121.865255524769,121.865255525666,121.865255529553,121.865255532275,0.929256032544971,0.929256032549988,0.929256032571714,0.929256032584446,0.42125275164736,0.421252751649904,0.421252751658677,0.42125275166477,683.448160603786,555.279858246929,606.672263913398,771.007310105028,839.615825491969,1325.32570772081
2028,"JPN","buildings",0.190271148371446,43016.901429216,0.643548540724359,121.865255527483,0.929256032566823,0.421252751655276,0.126688815982182,0.153766077107894,0.229160253295489,0.264514463814002,43016.9014276194,43016.9014283839,43016.9014297607,43016.9014300745,0.643548540689707,0.643548540699774,0.64354854076347,0.643548540795278,121.865255522735,121.865255524712,121.865255532201,121.865255538025,0.929256032541803,0.929256032550594,0.929256032592755,0.92925603261775,0.421252751643996,0.421252751648894,0.421252751664784,0.421252751675622,99.7451911881925,66.4136432658527,80.6082629468187,120.131893216942,138.665509675821,1325.32570772081
2028,"JPN","transport",0.398030070786688,43016.9014296701,0.643548540699378,121.865255526685,0.929256032562244,0.421252751654644,0.308863262000395,0.345480688794703,0.459619713952338,0.516357733972363,43016.9014291049,43016.9014293742,43016.9014299068,43016.9014300994,0.643548540687885,0.643548540692295,0.643548540710932,0.643548540722605,121.86525552446,121.865255525338,121.865255528924,121.865255531441,0.929256032546052,0.929256032551774,0.929256032577864,0.929256032591812,0.4212527516482,0.421252751650666,0.421252751660788,0.421252751667287,208.657938156923,161.914327961106,181.110155957998,240.944865451023,270.688442981833,1325.32570772081
2028,"JPN","industry",0.553137286922983,43016.9014296,0.643548540701792,121.865255527399,0.929256032561189,0.421252751653563,0.493477115905917,0.518442726831939,0.591296752784483,0.619842157091445,43016.9014288255,43016.9014292211,43016.9014298749,43016.9014300865,0.643548540687981,0.643548540693012,0.643548540716545,0.643548540734782,121.865255524479,121.865255525559,121.865255530506,121.865255534279,0.929256032545622,0.929256032551031,0.929256032576292,0.929256032590896,0.421252751646796,0.421252751649576,0.42125275165997,0.421252751667602,289.969261821408,258.6938150857,271.781451645917,309.973467656789,324.937726983746,1325.32570772081
2028,"JPN","agriculture",0.0829892236801352,43016.9014296225,0.643548540699209,121.865255526772,0.929256032557748,0.421252751654132,0.0639158966056695,0.0714364836814498,0.0973745620177698,0.109991558084845,43016.9014289944,43016.9014293084,43016.9014298676,43016.9014300481,0.64354854068802,0.643548540692416,0.643548540710399,0.643548540722855,121.865255524339,121.865255525264,121.86525552931,121.865255532445,0.929256032544735,0.929256032549503,0.92925603257068,0.929256032584899,0.421252751647665,0.421252751650263,0.421252751660426,0.421252751667515,43.505155950503,33.506411148008,37.4489027039554,51.0463325027039,57.6604970592775,1325.32570772081
2029,"JPN","agriculture",0.0818222090721414,43427.8766704505,0.645942371560372,121.241343878888,0.930722820960712,0.41833466773752,0.0618069722240359,0.0696413930245078,0.0972987770777786,0.110864860826752,43427.8766697623,43427.8766701097,43427.8766707138,43427.876670911,0.645942371548344,0.645942371553029,0.645942371572519,0.645942371586075,121.241343876311,121.24134387728,121.241343881616,121.241343885002,0.930722820946781,0.930722820951861,0.930722820974677,0.930722820990154,0.418334667730659,0.418334667733432,0.418334667744221,0.418334667751868,43.0814724181759,32.5429415719266,36.6679632191746,51.2302787787647,58.3731666263349,1323.16267584609
2029,"JPN","energy",1.31109052504048,43427.8766705109,0.645942371560428,121.241343879325,0.930722820961619,0.418334667736711,1.05243814897691,1.15547309028906,1.49176313997025,1.63647455187141,43427.8766698811,43427.8766701936,43427.8766707755,43427.8766709699,0.645942371548993,0.645942371553315,0.64594237157227,0.645942371585703,121.241343876756,121.241343877707,121.241343881869,121.241343884812,0.930722820947073,0.93072282095238,0.930722820975784,0.930722820989596,0.41833466773036,0.41833466773304,0.418334667742425,0.418334667748982,690.32248009263,554.135430968912,608.385946001639,785.451203279585,861.645439184026,1323.16267584609
2029,"JPN","buildings",0.186143623237042,43427.8766699744,0.64594237158843,121.241343879659,0.930722820970591,0.418334667738809,0.11932167242683,0.147369267079887,0.227875376030579,0.265911454003196,43427.8766681862,43427.876669043,43427.8766705783,43427.8766709142,0.645942371550455,0.645942371561366,0.645942371631037,0.645942371665857,121.241343874553,121.241343876664,121.241343884756,121.241343891078,0.93072282094338,0.930722820952861,0.930722820998741,0.930722821025639,0.418334667726649,0.418334667731945,0.418334667749052,0.418334667760547,98.0093480897715,62.8258928483991,77.5936642010133,119.982176460709,140.009138125775,1323.16267584609
2029,"JPN","transport",0.392354382776731,43427.8766704991,0.645942371560598,121.241343878779,0.930722820965614,0.418334667738103,0.298239410249434,0.336951641780121,0.45794593747567,0.518119799157392,43427.8766698791,43427.8766701755,43427.8766707534,43427.8766709587,0.645942371548294,0.645942371552908,0.645942371573099,0.645942371585832,121.241343876419,121.241343877344,121.241343881204,121.241343883921,0.930722820948206,0.930722820954426,0.930722820982454,0.930722820997669,0.418334667731244,0.418334667733854,0.418334667744649,0.418334667751563,206.584553412505,157.030628632853,177.413602331554,241.120173828867,272.803241198812,1323.16267584609
2029,"JPN","industry",0.54159745157093,43427.876670426,0.645942371563229,121.241343879567,0.930722820964462,0.418334667736957,0.478859174923015,0.505195184745614,0.58179937413648,0.611680072681928,43427.8766695732,43427.876670011,43427.8766707247,43427.8766709483,0.645942371548382,0.64594237155371,0.645942371579338,0.645942371599223,121.241343876442,121.241343877609,121.241343882908,121.241343887004,0.930722820947604,0.930722820953487,0.930722820980781,0.930722820996644,0.418334667729707,0.418334667732677,0.418334667743834,0.418334667751962,285.164821833008,252.131524817513,265.99810326293,306.332155710738,322.06510286712,1323.16267584609
2030,"JPN","energy",1.31922842950248,43848.6739838862,0.64836016776357,120.604000001842,0.932165181671899,0.415415415417386,1.04340418255378,1.15212626979733,1.5140603692644,1.67274273610561,43848.6739831944,43848.6739835389,43848.6739841701,43848.6739843758,0.648360167751169,0.648360167755822,0.648360167776489,0.648360167791152,120.603999999114,120.604000000122,120.604000004576,120.604000007732,0.932165181656228,0.932165181661981,0.932165181687175,0.932165181701909,0.415415415410605,0.41541541541342,0.415415415423502,0.415415415430476,697.650931394877,551.786092167109,609.281870582369,800.684402502655,884.600802812807,1321.71104800577
2030,"JPN","industry",0.53045527197599,43848.6739837904,0.648360167765985,120.604000002106,0.932165181675067,0.415415415416876,0.46477520536501,0.492242084051759,0.572752120127439,0.604443861322079,43848.6739828578,43848.6739833321,43848.6739841149,43848.6739843548,0.648360167750043,0.648360167755753,0.648360167783646,0.648360167805011,120.603999998749,120.604000000021,120.604000005689,120.604000010095,0.932165181656834,0.932165181663199,0.932165181692735,0.932165181710077,0.415415415409102,0.415415415412258,0.41541541542432,0.415415415432961,280.522012934899,245.78825597223,260.313635408865,302.889962894394,319.649587156915,1321.71104800577
2030,"JPN","buildings",0.181994985916595,43848.6739832723,0.648360167793798,120.604000002202,0.93216518168176,0.415415415418913,0.111871094549647,0.141303628052215,0.226400504600158,0.268337521371836,43848.673981285,43848.6739822366,43848.673983937,43848.6739843033,0.64836016775242,0.648360167764355,0.648360167840253,0.648360167878355,120.603999996721,120.603999998987,120.604000007695,120.604000014514,0.932165181652158,0.932165181662475,0.932165181712059,0.932165181741268,0.415415415405889,0.415415415411554,0.415415415429979,0.415415415442212,96.2448720735917,59.1610759465729,74.7259576239573,119.727955651333,141.905615075494,1321.71104800577
2030,"JPN","agriculture",0.080700942493175,43848.6739838202,0.648360167763449,120.604000001374,0.932165181671017,0.415415415418177,0.0597039393138924,0.0679341284548418,0.0972390044873661,0.111869330593559,43848.6739830595,43848.6739834461,43848.673984104,43848.6739843185,0.648360167750508,0.648360167755504,0.648360167776602,0.648360167791429,120.603999998642,120.60399999966,120.604000004302,120.604000007975,0.93216518165602,0.932165181661493,0.93216518168608,0.932165181702753,0.415415415410818,0.415415415413807,0.415415415425315,0.415415415433429,42.6772850221565,31.5733863379962,35.925778228151,51.4231504815242,59.1601431104141,1321.71104800577
2030,"JPN","transport",0.386920108196927,43848.6739838686,0.648360167764023,120.604000001246,0.93216518167627,0.415415415419251,0.288193015081916,0.328610596298436,0.456275232604493,0.520235421487908,43848.6739831831,43848.6739835166,43848.6739841431,43848.6739843619,0.64836016775077,0.648360167755792,0.64836016777753,0.648360167791415,120.603999998721,120.60399999971,120.60400000383,120.604000006744,0.932165181657668,0.932165181664202,0.932165181694298,0.932165181710705,0.415415415411942,0.415415415414702,0.415415415426173,0.415415415433606,204.61594658024,152.405846399615,173.779978848679,241.29319372376,275.117423352681,1321.71104800577
2031,"JPN","energy",1.32723815675453,44279.5022619412,0.649903800402188,119.956163708002,0.933586857178358,0.411446868123823,1.03354943346465,1.14992963082249,1.53887016103756,1.71181920514099,44279.5022611811,44279.5022615622,44279.5022622461,44279.5022624685,0.649903800388896,0.649903800393937,0.649903800416258,0.649903800432008,119.956163705106,119.95616370616,119.956163710934,119.956163714269,0.93358685716162,0.933586857167737,0.933586857194753,0.933586857210464,0.411446868116671,0.411446868119654,0.411446868130338,0.41144686813773,704.97571611661,548.980036711257,610.79653326844,817.386155038579,909.249755894214,1320.04829471643
2031,"JPN","agriculture",0.0796177884843097,44279.5022618785,0.649903800402107,119.956163707493,0.93358685717742,0.411446868124762,0.0576054102513589,0.0662811963298085,0.097133628717632,0.112849423661778,44279.5022610465,44279.5022614723,44279.5022621822,44279.5022624072,0.649903800388357,0.649903800393613,0.649903800416388,0.649903800432533,119.956163704637,119.956163705674,119.956163710625,119.956163714541,0.933586857161363,0.93358685716718,0.933586857193625,0.933586857211429,0.411446868117028,0.411446868120145,0.411446868132312,0.411446868141081,42.2897783391625,30.5976852283649,35.2059150873655,51.5934906743454,59.9410910941394,1320.04829471643
2031,"JPN","industry",0.519425188159476,44279.502261843,0.649903800405493,119.956163708289,0.93358685718177,0.411446868124098,0.450705466084702,0.479356583460266,0.564027260436556,0.597018256952544,44279.5022608177,44279.5022613447,44279.5022621921,44279.5022624485,0.649903800388502,0.649903800394517,0.649903800424728,0.649903800447915,119.956163704724,119.956163706065,119.956163712122,119.956163716854,0.933586857162111,0.933586857169073,0.933586857200773,0.933586857219281,0.411446868115882,0.411446868119252,0.411446868131966,0.411446868141261,275.897842541418,239.396680307355,254.615005573332,299.58867578873,317.11217093736,1320.04829471643
2031,"JPN","transport",0.381265463288792,44279.5022619232,0.649903800402384,119.956163707363,0.933586857183088,0.41144686812543,0.277975175722493,0.320253069803937,0.454531274417224,0.523507923698635,44279.5022611778,44279.5022615369,44279.5022622182,44279.5022624512,0.649903800388274,0.649903800393506,0.649903800417054,0.649903800432076,119.956163704667,119.956163705731,119.95616371013,119.956163713204,0.933586857163192,0.933586857170141,0.933586857202484,0.933586857220047,0.411446868117678,0.411446868120594,0.411446868132844,0.411446868140824,202.512933825778,147.64927271464,170.105595649371,241.428796365534,278.066428040296,1320.04829471643
2031,"JPN","buildings",0.177671582406923,44279.5022612761,0.649903800436468,119.956163708381,0.933586857188887,0.411446868126287,0.105131743443294,0.135138388000908,0.224805216990205,0.270799024503215,44279.5022591088,44279.5022601478,44279.502262004,44279.5022623892,0.649903800391618,0.649903800404301,0.649903800487015,0.649903800528494,119.956163702454,119.956163704921,119.956163714296,119.956163721659,0.933586857156964,0.933586857168121,0.933586857221657,0.933586857253327,0.411446868112363,0.41144686811843,0.411446868138104,0.41144686815118,94.3720238934645,55.841768671636,71.7800956612082,119.407521563439,143.837588793787,1320.04829471643
2032,"JPN","energy",1.33572077640513,44720.5765015838,0.651464663598631,119.298855227445,0.934988293607684,0.407481496302471,1.02408399665484,1.14725261105516,1.56319119258339,1.7521446200452,44720.5765007523,44720.5765011724,44720.5765019111,44720.576502149,0.651464663584551,0.651464663589776,0.651464663613775,0.651464663630866,119.298855224352,119.298855225492,119.298855230552,119.298855234135,0.934988293589673,0.93498829359629,0.93498829362522,0.934988293642278,0.407481496294932,0.407481496298064,0.407481496309411,0.40748149631733,712.622205549836,546.36044392749,612.072298699445,833.980256236845,934.789055969612,1318.80987385141
2032,"JPN","agriculture",0.0785625255965219,44720.5765015146,0.651464663598537,119.29885522689,0.934988293606711,0.407481496303458,0.0556455147375259,0.0646729281660487,0.097194715533328,0.114071590049118,44720.5765006029,44720.5765010703,44720.5765018388,44720.5765020795,0.651464663583925,0.651464663589455,0.651464663613947,0.651464663631445,119.298855223857,119.298855224963,119.298855230222,119.298855234386,0.93498829358945,0.934988293595731,0.934988293624065,0.934988293643122,0.407481496295332,0.407481496298608,0.407481496311571,0.40748149632082,41.913999734003,29.6875141434648,34.5037417427594,51.8544846912502,60.8584889360362,1318.80987385141
2032,"JPN","industry",0.508666294130549,44720.5765014754,0.651464663602258,119.298855227744,0.93498829361138,0.40748149630276,0.437185249213793,0.466578032724295,0.555056983536412,0.590150630546206,44720.5765003535,44720.5765009281,44720.5765018543,44720.576502126,0.651464663584098,0.651464663590406,0.651464663623037,0.651464663648243,119.298855223948,119.298855225379,119.298855231847,119.298855236847,0.934988293590326,0.934988293597715,0.934988293631754,0.934988293651615,0.407481496294073,0.407481496297639,0.407481496311149,0.407481496321146,271.379245433745,233.243296083676,248.924679930887,296.129205153171,314.852064437476,1318.80987385141
2032,"JPN","buildings",0.173384481410886,44720.5765008277,0.651464663636447,119.298855227838,0.934988293619084,0.407481496305163,0.0986369384552005,0.129448029580246,0.223334048844938,0.273311110677884,44720.5764984205,44720.5764995636,44720.5765016298,44720.5765020411,0.651464663587595,0.651464663601368,0.651464663691178,0.651464663736383,119.298855221482,119.29885522413,119.298855234143,119.298855242061,0.934988293584627,0.934988293596637,0.934988293654404,0.934988293688613,0.407481496290313,0.407481496296804,0.407481496317825,0.407481496331866,92.5025901659607,52.6239269997927,69.0619940699499,119.151251716908,145.814581874429,1318.80987385141
2032,"JPN","transport",0.375609309719071,44720.5765015596,0.651464663598883,119.298855226747,0.934988293612742,0.407481496304163,0.267781260174716,0.311601714814453,0.452929100293237,0.526068497893723,44720.5765007416,44720.5765011387,44720.5765018791,44720.5765021272,0.651464663583839,0.651464663589348,0.651464663614659,0.651464663630901,119.298855223912,119.298855225011,119.298855229695,119.298855232971,0.934988293591333,0.934988293598905,0.934988293633454,0.934988293652219,0.407481496295987,0.407481496299065,0.407481496312082,0.407481496320617,200.391832967867,142.864343809423,166.243054080245,241.642819455907,280.663518799232,1318.80987385141
2033,"JPN","transport",0.369798736822274,45172.1179806836,0.653043047473147,118.632614893128,0.936364150858138,0.403519296146047,0.257958475154803,0.303221076583622,0.451020678000234,0.528191049045518,45172.1179797935,45172.117980227,45172.1179810262,45172.117981286,0.653043047457123,0.653043047462948,0.653043047490112,0.653043047507566,118.632614890116,118.632614891297,118.632614896247,118.632614899733,0.936364150835266,0.936364150843378,0.936364150880195,0.936364150900398,0.403519296137442,0.40351929614063,0.40351929615446,0.403519296163523,198.170944981912,138.237018411713,162.492732658145,241.696861183487,283.051586967192,1317.29604076507
2033,"JPN","industry",0.498084230854029,45172.1179805954,0.653043047476789,118.632614894195,0.936364150856849,0.403519296144544,0.423717775971165,0.454056361568167,0.546589349385017,0.583773660670834,45172.1179793758,45172.1179799961,45172.1179810029,45172.1179812918,0.653043047457478,0.653043047464194,0.653043047499115,0.653043047526243,118.632614890161,118.632614891682,118.632614898544,118.632614903841,0.93636415083425,0.93636415084224,0.936364150878634,0.936364150899977,0.403519296135365,0.403519296139136,0.403519296153547,0.403519296164115,266.917684878558,227.065545934123,243.323649545936,292.911027238131,312.83767753831,1317.29604076507
2033,"JPN","agriculture",0.0775260931419468,45172.1179806361,0.653043047472728,118.632614893284,0.936364150851704,0.403519296145282,0.0537508636834305,0.0630847430315498,0.0972919563399425,0.115483155481735,45172.1179796326,45172.117980153,45172.1179809842,45172.1179812394,0.653043047457216,0.653043047463071,0.653043047489402,0.653043047508137,118.632614890053,118.632614891239,118.632614896825,118.632614901214,0.936364150833362,0.93636415084001,0.936364150870212,0.936364150890541,0.403519296136757,0.403519296140194,0.403519296153846,0.403519296163674,41.5453532095564,28.8044776479738,33.8063976290887,52.137654908258,61.8861120152307,1317.29604076507
2033,"JPN","buildings",0.169133072543539,45172.1179798585,0.65304304751407,118.6326148943,0.936364150865048,0.40351929614715,0.0927024425422991,0.123588230055156,0.221757110816192,0.274957249997521,45172.1179772234,45172.1179784538,45172.1179807381,45172.1179811776,0.653043047461455,0.653043047476209,0.65304304757304,0.653043047621766,118.632614887469,118.632614890329,118.632614900988,118.632614909484,0.936364150828164,0.936364150840912,0.936364150902782,0.936364150939661,0.403519296131459,0.403519296138302,0.403519296160662,0.40351929617562,90.6364935111362,49.6781865644286,66.2295294766191,118.837118217264,147.346468855518,1317.29604076507
2033,"JPN","energy",1.34361040743638,45172.1179807148,0.65304304747285,118.632614893873,0.936364150852754,0.403519296144235,1.01277329746524,1.14377046657919,1.58787379276951,1.79207709314754,45172.117979811,45172.117980264,45172.1179810639,45172.1179813162,0.653043047457808,0.65304304746337,0.653043047489115,0.653043047507644,118.632614890599,118.632614891809,118.632614897182,118.632614900967,0.936364150833601,0.936364150840613,0.936364150871523,0.936364150889758,0.403519296136263,0.40351929613959,0.403519296151602,0.403519296160093,720.025564183904,542.733712737671,612.933608534212,850.923539437511,960.353769891922,1317.29604076507
2034,"JPN","agriculture",0.0765418707493769,45634.3544403045,0.654639248693992,117.957983040378,0.937820733512257,0.399560263846506,0.0518553218392336,0.0614740820297958,0.0973829126454071,0.117093888010677,45634.3544392194,45634.3544397822,45634.35444068,45634.3544409493,0.654639248677548,0.654639248683704,0.654639248711902,0.654639248732141,117.957983036972,117.957983038214,117.957983044128,117.957983048749,0.937820733492688,0.937820733499829,0.937820733531847,0.937820733553494,0.399560263837603,0.39956026384117,0.399560263855601,0.399560263866015,41.2020022718943,27.9133899853605,33.0911074262338,52.4206025906859,63.0308952821553,1315.93124969496
2034,"JPN","buildings",0.165053661775681,45634.3544394391,0.654639248738765,117.957983041459,0.937820733526366,0.399560263848531,0.0869577099995326,0.117970750881301,0.220312007533463,0.277302732837533,45634.3544365669,45634.3544379018,45634.3544403975,45634.3544408719,0.6546392486823,0.654639248698183,0.654639248802173,0.65463924885466,117.957983034178,117.957983037235,117.957983048568,117.957983057626,0.937820733486769,0.937820733500554,0.937820733566804,0.937820733606141,0.399560263832029,0.399560263839203,0.399560263862867,0.399560263878819,88.8473365131739,46.8087823029279,63.5029049792923,118.592552626182,149.270297625356,1315.93124969496
2034,"JPN","energy",1.35134411180953,45634.3544403959,0.654639248694113,117.957983041001,0.93782073351334,0.399560263845438,1.0032596944951,1.14028574894942,1.61338011364591,1.83456427931178,45634.3544394154,45634.3544399074,45634.3544407681,45634.3544410358,0.654639248678139,0.654639248683998,0.654639248711528,0.654639248731212,117.957983037535,117.95798303882,117.957983044507,117.957983048523,0.937820733492846,0.93782073350045,0.937820733533351,0.937820733552609,0.39956026383704,0.399560263840543,0.399560263853211,0.39956026386218,727.419941810031,540.048313524326,613.808567265663,868.472255255931,987.534285040799,1315.93124969496
2034,"JPN","industry",0.487607951619647,45634.3544402632,0.6546392486984,117.957983041342,0.937820733517684,0.399560263845781,0.410529586537209,0.442140294916225,0.537940897102505,0.577133602210204,45634.3544389417,45634.3544396169,45634.3544407013,45634.3544410047,0.654639248677814,0.654639248684957,0.654639248722305,0.654639248751514,117.957983037079,117.95798303869,117.957983045926,117.957983051559,0.937820733493557,0.937820733502119,0.937820733540966,0.937820733563637,0.399560263836121,0.399560263840032,0.399560263855353,0.399560263866499,262.47625952096,220.985465761514,238.001309062278,289.570163986169,310.66734791724,1315.93124969496
2034,"JPN","transport",0.3640869866477,45634.3544403576,0.654639248694468,117.957983040207,0.937820733519091,0.399560263847338,0.248216225096828,0.294670820427154,0.449344342062127,0.531651950210131,45634.354439392,45634.3544398636,45634.3544407231,45634.3544409971,0.65463924867742,0.654639248683628,0.654639248712663,0.654639248731256,117.95798303702,117.957983038272,117.957983043515,117.957983047211,0.93782073349487,0.937820733503347,0.937820733542636,0.937820733563907,0.399560263838277,0.399560263841625,0.399560263856187,0.399560263865903,195.985709578901,133.613215487919,158.619428745355,241.879201818241,286.18486387439,1315.93124969496
2035,"JPN","agriculture",0.0756220631967387,46107.5202731376,0.656253570667324,117.27550000189,0.939260379948004,0.395604395609139,0.049980297527445,0.0599873636786779,0.0974983276113736,0.118437643603092,46107.520271966,46107.5202725692,46107.5202735401,46107.5202738247,0.656253570649961,0.656253570656346,0.656253570686427,0.656253570708158,117.27549999828,117.275499999605,117.275500005845,117.275500010683,0.939260379927157,0.939260379934785,0.939260379968927,0.93926037999207,0.395604395599791,0.395604395603528,0.395604395618709,0.395604395629753,40.8909858479858,27.0257587869153,32.4368621472147,52.7201000048798,64.0425796875759,1315.31011479866
2035,"JPN","buildings",0.161086366486442,46107.5202721823,0.656253570715313,117.275500003026,0.939260379963018,0.395604395610979,0.0815715903307237,0.11247657671616,0.218745984075288,0.280044083243776,46107.5202690461,46107.5202705048,46107.5202732221,46107.520273731,0.656253570654908,0.656253570671889,0.656253570783493,0.656253570839514,117.2754999953,117.275499998557,117.275500010545,117.275500020129,0.939260379920622,0.939260379935464,0.939260380006046,0.939260380047857,0.395604395593785,0.395604395601153,0.395604395626224,0.395604395643128,87.1039489463936,44.108063241361,60.819262422745,118.282133035004,151.427746873003,1315.31011479866
2035,"JPN","energy",1.36003787518656,46107.5202732409,0.656253570667466,117.275500002548,0.939260379949174,0.395604395608055,0.991280977688505,1.13608041838891,1.64051213837203,1.87748589147642,46107.5202721746,46107.5202727123,46107.5202736373,46107.5202739198,0.656253570650417,0.656253570656708,0.656253570686025,0.656253570706962,117.275499998859,117.275500000251,117.275500006245,117.275500010468,0.939260379927338,0.939260379935489,0.939260379970409,0.939260379990694,0.395604395599212,0.395604395602873,0.395604395616258,0.395604395625795,735.410899352555,536.013627724722,614.310775828676,887.071256671887,1015.20965935118,1315.31011479866
2035,"JPN","industry",0.477301716265748,46107.5202730948,0.656253570671919,117.275500002912,0.93926037995388,0.395604395608042,0.397894098381541,0.430358610085437,0.529731066848365,0.570791043933104,46107.5202716658,46107.5202723942,46107.5202735634,46107.5202738852,0.656253570650082,0.656253570657572,0.656253570697536,0.656253570728723,117.275499998398,117.275500000102,117.275500007761,117.275500013722,0.939260379928024,0.939260379937268,0.939260379978782,0.93926038000284,0.395604395597915,0.395604395601952,0.395604395618221,0.395604395629994,258.090521472913,215.152579264731,232.707057830137,286.440552428983,308.642841979201,1315.31011479866
2035,"JPN","transport",0.358430985243358,46107.5202731956,0.656253570667942,117.2755000017,0.939260379955339,0.395604395610243,0.238874339784909,0.286207024892982,0.44781729118121,0.534566597934763,46107.5202721507,46107.5202726617,46107.5202735867,46107.5202738781,0.656253570649751,0.65625357065633,0.656253570687224,0.656253570707179,117.275499998337,117.275499999667,117.275500005183,117.275500009063,0.939260379929555,0.939260379938597,0.939260379980336,0.939260380002888,0.395604395600697,0.395604395604228,0.395604395619581,0.395604395629803,193.813759178812,129.166103576326,154.76022353707,242.147459888056,289.055260677112,1315.31011479866
2036,"JPN","agriculture",0.0747122920076507,46591.8567181017,0.657726139201367,116.585892281891,0.940678139643839,0.391130643233606,0.0481912254117803,0.0584897919992762,0.097632583354215,0.119823133066099,46591.8567168374,46591.8567174934,46591.8567185318,46591.8567188336,0.657726139183006,0.65772613918972,0.65772613922163,0.657726139244991,116.585892278105,116.58589227949,116.585892286052,116.585892291143,0.940678139621759,0.940678139629932,0.940678139665997,0.940678139690339,0.391130643223902,0.391130643227738,0.391130643243765,0.391130643255369,40.5833672799051,26.177248053351,31.77138121596,53.033562245584,65.0873649709493,1314.68147988107
2036,"JPN","buildings",0.157054477655591,46591.8567170529,0.657726139253094,116.585892283089,0.940678139659678,0.391130643235943,0.0764201864583639,0.107215640060089,0.217654594888908,0.282788981156399,46591.8567136576,46591.8567152304,46591.856718173,46591.8567187174,0.657726139188586,0.657726139206519,0.657726139325825,0.657726139385524,116.585892274924,116.585892278373,116.585892291021,116.585892301155,0.940678139614563,0.940678139630432,0.940678139705607,0.940678139750188,0.391130643217979,0.391130643225658,0.391130643251952,0.391130643269776,85.3112570875054,41.5110875504017,58.239033790385,118.228957079789,153.609650783109,1314.68147988107
2036,"JPN","energy",1.36862303286127,46591.8567182123,0.657726139201531,116.585892282595,0.940678139645093,0.391130643232434,0.982188037649699,1.13198498846591,1.66563703489093,1.92251382754209,46591.8567170591,46591.8567176399,46591.8567186354,46591.8567189327,0.657726139183486,0.657726139190077,0.657726139221243,0.657726139243547,116.585892278728,116.585892280187,116.585892286483,116.585892290919,0.940678139621762,0.940678139630564,0.940678139667512,0.940678139689087,0.391130643223196,0.39113064322707,0.391130643241071,0.391130643251252,743.429624763929,533.51994429939,614.888946751313,904.766240292919,1044.30051153586,1314.68147988107
2036,"JPN","industry",0.467240409931543,46591.8567180562,0.657726139206383,116.585892282972,0.940678139650132,0.391130643232823,0.385765142586343,0.418508786745134,0.521848428184997,0.564837190923005,46591.8567165135,46591.8567173011,46591.8567185574,46591.856718896,0.657726139183218,0.657726139191244,0.657726139233689,0.657726139266885,116.585892278237,116.585892280024,116.585892288079,116.585892294405,0.940678139622693,0.940678139632496,0.940678139676281,0.940678139701916,0.391130643222297,0.391130643226472,0.391130643243587,0.391130643255915,253.802803463622,209.545819636972,227.332013860523,283.465623346836,306.816918018081,1314.68147988107
2036,"JPN","transport",0.352643737221494,46591.856718161,0.657726139201985,116.585892281697,0.940678139651605,0.391130643234544,0.229734141537599,0.277845988025385,0.446386591304465,0.538023267401368,46591.8567170373,46591.8567175852,46591.8567185758,46591.8567188855,0.657726139182757,0.657726139189663,0.657726139222551,0.657726139243737,116.585892278155,116.58589227956,116.585892285347,116.585892289466,0.940678139624213,0.940678139633922,0.940678139678032,0.940678139701989,0.391130643224534,0.391130643228204,0.391130643244442,0.391130643255214,191.554427286105,124.790510263549,150.924640066695,242.475106797187,292.251720348272,1314.68147988107
2037,"JPN","energy",1.37694307734934,47087.6120620401,0.659216438519844,115.890631066735,0.94205802056901,0.386658677855628,0.970994469952501,1.12785688468529,1.69248356073898,1.96791426896821,47087.6120607965,47087.6120614244,47087.6120624904,47087.6120628056,0.659216438500769,0.659216438507692,0.659216438540776,0.65921643856448,115.890631062665,115.890631064204,115.8906310708,115.890631075473,0.942058020544375,0.942058020553572,0.942058020592676,0.942058020615469,0.386658677846007,0.386658677850003,0.386658677864696,0.386658677875377,751.399637974304,529.872952073061,615.472976898145,923.590492416412,1073.89339005831,1314.06701568378
2037,"JPN","industry",0.457305309100456,47087.6120618699,0.659216438525106,115.890631067127,0.942058020574403,0.386658677856043,0.373493905866324,0.407049814121274,0.513852618777042,0.558483237001563,47087.6120602116,47087.6120610585,47087.6120624048,47087.6120627639,0.65921643850055,0.65921643850907,0.65921643855409,0.65921643858938,115.890631062153,115.890631064026,115.890631072501,115.890631079117,0.942058020545303,0.942058020555659,0.942058020602126,0.942058020629283,0.386658677845055,0.386658677849398,0.386658677867448,0.386658677880425,249.552105207507,203.816112871822,222.127615879337,280.41004604811,304.765032794025,1314.06701568378
2037,"JPN","transport",0.346903533242711,47087.6120619816,0.659216438520314,115.890631065781,0.942058020575821,0.386658677857833,0.220590234488338,0.269634690890498,0.444916369853738,0.539959638573481,47087.6120607739,47087.6120613634,47087.6120624234,47087.6120627461,0.659216438500006,0.659216438507355,0.659216438542116,0.659216438564711,115.890631062057,115.890631063539,115.890631069624,115.89063107393,0.942058020546926,0.942058020557147,0.942058020603643,0.942058020628993,0.386658677847418,0.386658677851216,0.386658677868212,0.386658677879618,189.305711740862,120.376379429668,147.140003424661,242.791444855532,294.656680890392,1314.06701568378
2037,"JPN","buildings",0.153128789360975,47087.6120607717,0.659216438574963,115.890631067255,0.942058020584434,0.386658677859379,0.0716111754398395,0.102104791073742,0.216316814921656,0.285821628049555,47087.6120571041,47087.6120587978,47087.6120619808,47087.6120625614,0.659216438506389,0.659216438525363,0.659216438652742,0.659216438715867,115.890631058612,115.890631062271,115.890631075585,115.890631086322,0.942058020536594,0.94205802055338,0.942058020633199,0.942058020680195,0.386658677840562,0.386658677848605,0.386658677876139,0.386658677895053,83.5625806194457,39.078312083304,55.7187180124125,118.044368785529,155.973236208529,1314.06701568378
2037,"JPN","agriculture",0.0737527646948012,47087.6120619181,0.659216438519702,115.890631065983,0.94205802056768,0.386658677856836,0.0465270855083656,0.0570007675353542,0.0980105102582393,0.121656228827111,47087.6120605593,47087.6120612628,47087.6120623747,47087.612062695,0.659216438500278,0.659216438507378,0.659216438541145,0.659216438566193,115.890631062014,115.890631063465,115.89063107034,115.8906310757,0.942058020544359,0.942058020552977,0.942058020591111,0.942058020616767,0.386658677846756,0.386658677850733,0.386658677867519,0.386658677879751,40.246980141664,25.3898914072134,31.1053933851908,53.4844636176862,66.3879631638332,1314.06701568378
2038,"JPN","agriculture",0.0728282824013235,47595.0418473918,0.660724790799172,115.191373710126,0.943419162725852,0.382188498408741,0.0448971075891571,0.0554989441323447,0.0982427744778487,0.123535535149579,47595.041845929,47595.0418466866,47595.0418478782,47595.0418482146,0.660724790778678,0.660724790786147,0.660724790821914,0.660724790848171,115.191373705967,115.191373707488,115.191373714681,115.19137372025,0.943419162701246,0.943419162710328,0.943419162750506,0.943419162777861,0.382188498398242,0.382188498402385,0.382188498419919,0.382188498432826,39.9283844131851,24.6150109770513,30.4275084174479,53.861976906118,67.7288296952988,1314.06570580762
2038,"JPN","industry",0.447715455217268,47595.0418473429,0.660724790804909,115.191373711331,0.943419162733003,0.382188498407936,0.361443001592176,0.395936634349486,0.506284749476616,0.552218695294862,47595.04184556,47595.0418464733,47595.0418479131,47595.0418482898,0.660724790778974,0.660724790787912,0.660724790835437,0.660724790873197,115.191373706103,115.191373708064,115.191373716979,115.191373723923,0.943419162702172,0.943419162713112,0.94341916276225,0.94341916279099,0.382188498396462,0.382188498401,0.382188498419913,0.382188498433605,245.461710930818,198.162508220086,217.073774379029,277.572550544096,302.756012065137,1314.06570580762
2038,"JPN","buildings",0.149302714939187,47595.0418461464,0.660724790857932,115.191373711467,0.94341916274339,0.382188498411476,0.0668722816156657,0.0973591612671497,0.214910853045988,0.288662638429328,47595.0418421901,47595.0418440235,47595.0418474412,47595.0418480642,0.66072479078529,0.660724790805219,0.660724790940289,0.66072479100707,115.191373702384,115.191373706212,115.191373720223,115.191373731497,0.943419162692702,0.943419162710661,0.943419162795163,0.943419162844538,0.382188498391915,0.382188498400179,0.382188498429037,0.3821884984488,81.8557845814543,36.6629841970571,53.3775325844184,117.825697263918,158.260395711885,1314.06570580762
2038,"JPN","transport",0.34133873723142,47595.041847461,0.660724790799773,115.191373709904,0.943419162734419,0.382188498409769,0.211423245405745,0.26145732108742,0.4430876259987,0.542749831441162,47595.0418461594,47595.0418467964,47595.04184793,47595.0418482729,0.660724790778346,0.660724790786132,0.660724790822931,0.660724790846596,115.191373706012,115.19137370756,115.191373713936,115.191373718432,0.943419162703974,0.943419162714707,0.943419162763709,0.943419162790574,0.38218849839891,0.382188498402874,0.382188498420654,0.382188498432572,187.14026837583,115.913603038391,143.344976422508,242.924485858631,297.564671225906,1314.06570580762
2038,"JPN","energy",1.38563475996232,47595.0418475277,0.660724790799244,115.191373710915,0.943419162727261,0.382188498407492,0.958649654845726,1.12323436507263,1.72157758848171,2.019482609323,47595.0418461877,47595.0418468687,47595.0418480057,47595.0418483383,0.66072479077911,0.660724790786435,0.660724790821482,0.660724790846582,115.191373706645,115.191373708261,115.191373715179,115.191373720036,0.943419162701177,0.943419162710927,0.943419162752069,0.943419162776406,0.382188498397484,0.382188498401594,0.382188498416983,0.382188498428248,759.67955750633,525.583340325734,615.81753727575,943.861498284047,1107.18906555898,1314.06570580762
2039,"JPN","industry",0.438129998339187,48114.4090887436,0.662251526075573,114.489777571539,0.944767110910607,0.377720103818863,0.349718725606061,0.385104019299559,0.498567344203224,0.546226330970706,48114.4090868296,48114.4090878118,48114.4090893503,48114.4090897459,0.662251526048208,0.662251526057586,0.662251526107842,0.662251526147591,114.489777566051,114.489777568111,114.48977757744,114.489777584666,0.944767110877913,0.944767110889522,0.944767110941338,0.944767110971488,0.377720103806903,0.377720103811604,0.377720103831456,0.377720103845776,241.348641149026,192.646336776795,212.138707947149,274.641205808302,300.894673372896,1313.88044745068
2039,"JPN","agriculture",0.0720821008152151,48114.4090887932,0.662251526069512,114.489777570268,0.944767110902994,0.377720103819674,0.0433309992222865,0.054107897692468,0.0985786423749868,0.125511225425271,48114.4090872228,48114.4090880391,48114.4090893089,48114.4090896619,0.662251526047922,0.662251526055738,0.662251526093521,0.662251526121335,114.48977756591,114.489777567518,114.489777575031,114.489777580848,0.944767110877152,0.944767110886678,0.944767110928957,0.944767110957811,0.377720103808799,0.377720103813056,0.377720103831329,0.377720103844903,39.7072036829125,23.8693488729119,29.8059197794182,54.3031097573793,69.1392139764649,1313.88044745068
2039,"JPN","buildings",0.14533548695142,48114.4090874472,0.662251526132,114.489777571694,0.944767110921402,0.377720103822582,0.0625477498258858,0.0926041960469957,0.213276328457864,0.29096557477939,48114.4090831827,48114.4090851665,48114.4090888309,48114.4090894957,0.662251526055006,0.662251526076059,0.662251526218802,0.662251526289334,114.489777562171,114.489777566175,114.48977758086,114.489777592631,0.944767110867746,0.944767110886821,0.944767110975689,0.944767111027893,0.377720103802307,0.377720103810847,0.377720103840962,0.377720103861705,80.0596225232138,34.4551034742976,51.0120214664279,117.485568795084,160.281529130635,1313.88044745068
2039,"JPN","transport",0.335692224120846,48114.409088866,0.662251526070126,114.489777570039,0.944767110912162,0.377720103820745,0.20302798326561,0.253464522683132,0.441442422649042,0.544937229200845,48114.4090874739,48114.4090881554,48114.4090893658,48114.4090897242,0.662251526047612,0.662251526055724,0.662251526094552,0.662251526119406,114.489777565968,114.489777567598,114.489777574254,114.489777578908,0.944767110879992,0.944767110891344,0.944767110942918,0.944767110971122,0.377720103809483,0.377720103813573,0.377720103832105,0.377720103844533,184.91968694403,111.840157172589,139.623669596487,243.173325850455,300.184557772759,1313.88044745068
2039,"JPN","energy",1.39390077115517,48114.4090889415,0.66225152606951,114.489777571108,0.944767110904509,0.377720103818372,0.947422687757678,1.11833222743929,1.7503154633871,2.06808803737777,48114.4090875027,48114.4090882407,48114.4090894483,48114.4090897986,0.662251526048377,0.662251526056057,0.662251526092944,0.662251526119551,114.489777566623,114.489777568321,114.489777575558,114.489777580677,0.944767110876924,0.944767110887298,0.944767110930662,0.944767110956119,0.377720103808041,0.377720103812236,0.377720103828337,0.377720103840141,767.845293151495,521.898019209003,616.045384869457,964.180175461875,1139.22862956041,1313.88044745068
2040,"JPN","agriculture",0.0711784860652434,48645.9844946095,0.66379698245397,113.787500002374,0.945955288547072,0.373253493020721,0.0417542778275933,0.0527094428857894,0.0990004818388784,0.127683378516223,48645.9844929223,48645.9844938068,48645.9844951585,48645.9844955309,0.663796982431252,0.66379698243943,0.663796982479353,0.663796982508662,113.787499997815,113.787499999517,113.787500007334,113.787500013383,0.945955288519841,0.945955288529922,0.945955288574174,0.945955288604535,0.373253493009453,0.373253493013864,0.373253493032884,0.373253493046999,39.399462706425,23.1122661204121,29.1762840672678,54.7997858240362,70.6766438506313,1314.18162004391
2040,"JPN","transport",0.330052367415425,48645.98449469,0.663796982454726,113.787500002139,0.945955288556574,0.3732534930219,0.195198519230666,0.245860751282644,0.439472728158383,0.547498227612662,48645.9844932005,48645.9844939301,48645.984495219,48645.9844955988,0.663796982431044,0.66379698243959,0.663796982480462,0.66379698250691,113.7874999979,113.787499999585,113.787500006542,113.787500011391,0.945955288522901,0.945955288534736,0.945955288588944,0.945955288618397,0.373253493010233,0.373253493014458,0.37325349303374,0.373253493046607,182.694050668238,108.048333182081,136.091423621187,243.261557233859,303.05696554325,1314.18162004391
2040,"JPN","industry",0.42871527315663,48645.9844945583,0.663796982460096,113.787500003721,0.945955288555123,0.373253493019768,0.338624979408498,0.3746523071827,0.49095708623283,0.540297315696012,48645.9844925182,48645.9844935628,48645.9844952029,48645.9844956226,0.663796982431285,0.66379698244118,0.663796982494193,0.663796982536098,113.78749999796,113.787500000134,113.787500009861,113.787500017396,0.945955288520669,0.94595528853292,0.945955288587331,0.945955288619181,0.373253493007342,0.373253493012264,0.373253493032878,0.373253493047857,237.306977833913,187.43925282695,207.381477481122,271.759719488342,299.07104118433,1314.18162004391
2040,"JPN","buildings",0.141438528652,48645.9844931589,0.663796982519857,113.78750000387,0.945955288566468,0.373253493023651,0.0584106784674445,0.0882346286153312,0.211420225547609,0.29280295723548,48645.984488569,48645.9844907176,48645.9844946459,48645.9844953482,0.663796982438338,0.663796982460867,0.66379698261132,0.663796982686053,113.787499993905,113.787499998072,113.78750001344,113.787500025725,0.945955288509799,0.945955288529948,0.94595528862368,0.945955288678158,0.373253493002598,0.373253493011506,0.373253493042917,0.373253493064525,78.2905389288573,32.3320918323457,48.8405577489896,117.027542329946,162.075366179925,1314.18162004391
2040,"JPN","energy",1.40279640476933,48645.9844947726,0.663796982453946,113.787500003247,0.945955288548526,0.373253493019387,0.937711831680774,1.11298724379642,1.77923746177058,2.11965939832219,48645.9844932288,48645.9844940237,48645.9844953093,48645.9844956779,0.663796982431682,0.663796982439783,0.663796982478745,0.663796982506673,113.787499998573,113.787500000353,113.787500007895,113.787500013218,0.945955288519644,0.945955288530514,0.945955288576006,0.945955288602816,0.373253493008688,0.373253493013008,0.373253493029773,0.373253493041979,776.490589906472,519.052095381051,616.072381275786,984.862194861931,1173.29611831785,1314.18162004391
2041,"JPN","buildings",0.137639707124328,49190.046696396,0.664983142146446,113.086100778379,0.947115371529464,0.368610223652667,0.0544601091281676,0.0839915587520693,0.209845241856453,0.29553236566909,49190.0466914952,49190.0466937935,49190.0466979749,49190.0466987195,0.66498314206039,0.664983142084273,0.664983142242961,0.664983142321371,113.086100767906,113.086100772329,113.086100788384,113.08610080113,0.947115371469843,0.947115371491104,0.94711537158959,0.947115371646465,0.368610223630855,0.368610223640019,0.368610223672632,0.368610223695316,76.5649854753647,30.294582512598,46.722073251121,116.730834675448,164.396101643035,1314.49414519536
2041,"JPN","agriculture",0.0704192094886997,49190.0466979381,0.664983142076362,113.086100776808,0.94711537150922,0.368610223649403,0.0403005635244647,0.0513589574342557,0.0993761714713821,0.129764994560052,49190.0466961363,49190.0466970855,49190.0466985223,49190.0466989117,0.664983142052483,0.66498314206112,0.664983142103122,0.664983142133928,113.086100772053,113.086100773842,113.086100781997,113.086100788299,0.947115371480596,0.947115371491267,0.947115371537653,0.947115371569318,0.3686102236378,0.368610223642301,0.368610223662014,0.368610223676748,39.1721681541548,22.4180371019676,28.5695015808618,55.2800880297571,72.1845107911719,1314.49414519536
2041,"JPN","industry",0.419676992778874,49190.0466978855,0.664983142083041,113.086100778218,0.947115371517698,0.368610223648565,0.327515311488917,0.364105362488202,0.483956150103167,0.534401754659827,49190.0466957116,49190.046696826,49190.0466985709,49190.0466990103,0.664983142052746,0.664983142063158,0.664983142118912,0.664983142162784,113.086100772217,113.08610077449,113.086100784628,113.0861007925,0.947115371481439,0.947115371494343,0.947115371551456,0.947115371584692,0.368610223635689,0.368610223640797,0.36861022366223,0.368610223677834,233.454164712833,182.18728877752,202.541275145399,269.210799557496,297.272229396273,1314.49414519536
2041,"JPN","energy",1.41072647233038,49190.0466981152,0.664983142076249,113.086100777733,0.947115371510768,0.368610223648015,0.92620648251316,1.1076984893496,1.81100269446009,2.17122882828188,49190.0466964654,49190.0466973154,49190.0466986833,49190.0466990707,0.664983142052948,0.66498314206144,0.66498314210233,0.664983142131786,113.086100772859,113.086100774717,113.086100782572,113.086100788074,0.94711537148043,0.947115371491751,0.947115371539485,0.947115371567366,0.368610223636943,0.368610223641407,0.368610223658841,0.368610223671531,784.746307028303,515.221859780872,616.180610411228,1007.40838456728,1207.79175709898,1314.49414519536
2041,"JPN","transport",0.324583703020235,49190.0466980268,0.664983142076998,113.086100776577,0.94711537151914,0.368610223650542,0.186996795474374,0.238490673563999,0.438200805724528,0.551231339459566,49190.0466964401,49190.0466972186,49190.0466985861,49190.0466989844,0.664983142052156,0.664983142061102,0.664983142104078,0.664983142131941,113.08610077217,113.086100773907,113.08610078116,113.08610078622,0.947115371483859,0.947115371496244,0.947115371553159,0.947115371583935,0.368610223638467,0.36861022364284,0.368610223662892,0.368610223676304,180.556519824699,104.020905219763,132.665459272576,243.758425725101,306.634040273906,1314.49414519536
2042,"JPN","transport",0.319193592595025,49746.8824948248,0.666183972901222,112.386749321384,0.948254174081352,0.363963244115817,0.178973824507254,0.231286900462598,0.436714085891845,0.554936462549618,49746.8824931381,49746.8824939646,49746.8824954198,49746.882495834,0.666183972875254,0.666183972884562,0.666183972929753,0.666183972958847,112.386749316782,112.386749318614,112.386749326145,112.386749331401,0.948254174044334,0.948254174057367,0.948254174116979,0.948254174149526,0.363963244103363,0.363963244107878,0.363963244128659,0.363963244142588,178.457639682382,100.062303947887,129.309971432913,244.162059577945,310.258894850122,1315.46502277932
2042,"JPN","buildings",0.134148776385609,49746.8824930736,0.666183972974702,112.386749323263,0.948254174092114,0.363963244118142,0.0507752240840411,0.0799740775304502,0.208080239481866,0.298693022042729,49746.8824878546,49746.8824902951,49746.8824947621,49746.8824955469,0.666183972884256,0.666183972909233,0.666183973076101,0.666183973158617,112.386749312314,112.386749316947,112.386749333696,112.386749347016,0.948254174029578,0.948254174051857,0.948254174154917,0.948254174214246,0.363963244095574,0.363963244105052,0.3639632441389,0.363963244162678,75.0011107724523,28.3878713518684,44.7126303362106,116.335381595243,166.995995316808,1315.46502277932
2042,"JPN","agriculture",0.0696176152656983,49746.8824947316,0.666183972900638,112.386749321623,0.948254174070979,0.363963244114666,0.0389083112699711,0.0500709145052933,0.0997149759428804,0.131724786725204,49746.8824928128,49746.8824938202,49746.88249535,49746.8824957569,0.666183972875609,0.666183972884589,0.666183972928714,0.666183972961172,112.386749316667,112.386749318531,112.386749327006,112.386749333514,0.948254174040983,0.948254174052159,0.94825417410077,0.948254174134037,0.363963244102715,0.363963244107328,0.363963244127836,0.363963244143161,38.9224457729552,21.7532104447349,27.9940995845809,55.7495503001825,73.6458847193965,1315.46502277932
2042,"JPN","industry",0.410765412572676,49746.8824946795,0.666183972907639,112.386749323094,0.948254174079912,0.363963244113792,0.316874283373287,0.353717166300418,0.476641146486132,0.528652795886789,49746.8824923557,49746.8824935514,49746.8824954041,49746.8824958691,0.666183972875823,0.666183972886741,0.666183972945443,0.666183972991237,112.386749316852,112.386749319214,112.386749329766,112.386749337948,0.948254174041822,0.948254174055328,0.948254174115341,0.9482541741502,0.36396324410054,0.363963244105771,0.363963244128002,0.363963244144277,229.654440708086,177.160939290419,197.759391392044,266.484841599644,295.563984802918,1315.46502277932
2042,"JPN","energy",1.41914673208892,49746.8824949206,0.666183972900427,112.386749322593,0.948254174072552,0.36396324411321,0.913683962760396,1.10251538242071,1.84229782024661,2.22580684688965,49746.8824931588,49746.882494069,49746.8824955235,49746.8824959294,0.666183972876016,0.666183972884919,0.666183972927932,0.66618397295904,112.386749317528,112.38674931946,112.386749327631,112.386749333332,0.94825417404065,0.948254174052565,0.948254174102551,0.948254174131769,0.363963244101817,0.363963244106409,0.363963244124464,0.363963244137824,793.429385843443,510.830690739041,616.404268131655,1030.00852200366,1244.42421602973,1315.46502277932
2043,"JPN","agriculture",0.0688229648606575,50316.7870902365,0.667399748815465,111.690517479265,0.949368147852967,0.359312549967993,0.0376400771483842,0.0487704315679653,0.100172858615241,0.133750492724197,50316.7870881924,50316.7870892664,50316.7870908908,50316.7870913167,0.667399748789305,0.667399748798652,0.667399748844883,0.667399748878864,111.69051747408,111.690517476051,111.690517484855,111.690517491561,0.949368147821323,0.949368147833108,0.949368147883933,0.949368147918751,0.359312549955697,0.359312549960378,0.359312549981595,0.35931254999744,38.6778729959742,21.1533770254853,27.4085337933101,56.2962248307631,75.1665462482574,1316.59208622815
2043,"JPN","energy",1.4270070534648,50316.7870904434,0.6673997488152,111.690517480279,0.949368147854475,0.359312549966488,0.901407725782567,1.09685969437949,1.87344521045292,2.28252765339574,50316.7870885743,50316.7870895383,50316.787091082,50316.7870915086,0.667399748789682,0.667399748798963,0.667399748843968,0.6673997488768,111.690517475017,111.69051747703,111.690517485507,111.690517491415,0.949368147821086,0.949368147833611,0.949368147885962,0.949368147916494,0.359312549954751,0.359312549959453,0.359312549978142,0.359312549992152,801.964833936358,506.582847880214,616.425055818425,1052.85897035681,1282.75953919047,1316.59208622815
2043,"JPN","buildings",0.130864581059915,50316.7870884593,0.6673997488934,111.690517480959,0.949368147874734,0.359312549971665,0.0475425492138259,0.0762563111726632,0.206643777016352,0.300551269694104,50316.787082902,50316.787085506,50316.7870902597,50316.7870910912,0.667399748798386,0.667399748824834,0.667399748999685,0.667399749086887,111.690517469507,111.690517474391,111.69051749186,111.690517505667,0.949368147809206,0.949368147832861,0.949368147940536,0.94936814800277,0.359312549948458,0.359312549958126,0.359312549993203,0.359312550017856,73.5446904451332,26.7184752081992,42.8553452278967,116.131901317767,168.907048145302,1316.59208622815
2043,"JPN","industry",0.40212680195304,50316.7870901869,0.66739974882276,111.690517480783,0.949368147862206,0.359312549967107,0.306503113180633,0.343865053070525,0.469526373109502,0.522874363301196,50316.7870877118,50316.7870889866,50316.7870909535,50316.787091441,0.667399748789336,0.667399748800887,0.667399748862371,0.667399748910392,111.690517474302,111.690517476769,111.690517487697,111.69051749621,0.949368147822283,0.949368147836416,0.949368147899477,0.949368147936,0.359312549953386,0.359312549958828,0.359312549981852,0.35931254999877,225.991562643237,172.251929407524,193.248995861677,263.869501484718,293.850581126438,1316.59208622815
2043,"JPN","transport",0.313907499166452,50316.7870903396,0.667399748816004,111.69051747902,0.949368147863698,0.359312549969157,0.171095921154036,0.223988628959995,0.435177906871241,0.557478184064763,50316.7870885448,50316.7870894268,50316.78709097,50316.7870914011,0.66739974878893,0.667399748798608,0.66739974884591,0.667399748876476,111.690517474221,111.690517476136,111.690517483944,111.690517489396,0.949368147824977,0.949368147838679,0.949368147901021,0.949368147935016,0.359312549956341,0.359312549960915,0.359312549982505,0.359312549996954,176.413126207448,96.1543334214489,125.879548512626,244.565979499715,313.297609976891,1316.59208622815
2044,"JPN","agriculture",0.0681075446647521,50900.0643538922,0.668630750569367,110.998477092187,0.950445752244927,0.354658136753627,0.0363981150958366,0.0476254679157216,0.100659574346385,0.135619293110336,50900.0643517131,50900.0643528598,50900.0643545801,50900.0643550268,0.66863075054199,0.668630750551833,0.668630750600209,0.668630750635727,110.998477086772,110.998477088831,110.998477097951,110.998477104886,0.950445752211925,0.950445752224246,0.950445752277292,0.950445752313573,0.354658136740979,0.354658136745755,0.354658136767712,0.354658136784145,38.4796023670599,20.5643149042077,26.9075779637741,56.8709445395608,76.6225900240524,1317.91371433536
2044,"JPN","energy",1.43460907571933,50900.0643541152,0.66863075056907,110.998477093234,0.950445752246448,0.354658136752085,0.889342800636976,1.09193272269253,1.90648558922991,2.34326363155643,50900.0643521346,50900.0643531577,50900.0643547862,50900.0643552345,0.668630750542368,0.668630750552116,0.668630750599189,0.66863075063349,110.998477087774,110.998477089859,110.998477098644,110.998477104818,0.950445752211496,0.950445752224722,0.950445752279304,0.950445752311441,0.354658136739999,0.354658136744804,0.354658136764124,0.354658136778702,810.529685949944,502.463530362762,616.923384764286,1077.13187656238,1323.90402900333,1317.91371433536
2044,"JPN","industry",0.393545091823077,50900.0643538426,0.668630750577041,110.998477093739,0.95044575225456,0.354658136752717,0.296180523170056,0.334261461257344,0.462142040475695,0.516938522579991,50900.0643512137,50900.0643525695,50900.0643546507,50900.0643551632,0.668630750542168,0.668630750554093,0.66863075061838,0.668630750668834,110.998477087036,110.998477089585,110.998477100922,110.998477109728,0.950445752212858,0.950445752227696,0.950445752293602,0.950445752331714,0.354658136738552,0.354658136744131,0.354658136767941,0.354658136785513,222.346271955964,167.336949478842,188.852030701514,261.102379219973,292.061458026491,1317.91371433536
2044,"JPN","buildings",0.127608811334168,50900.064351991,0.668630750651243,110.99847709393,0.950445752267651,0.354658136757494,0.0445993744983753,0.0726902106760981,0.205145179399319,0.303198377110312,50900.0643461075,50900.0643488489,50900.0643539069,50900.0643547716,0.668630750551574,0.668630750579325,0.668630750762728,0.668630750853858,110.998477082008,110.99847708709,110.998477105209,110.998477119539,0.950445752198847,0.950445752223915,0.950445752336371,0.950445752400775,0.354658136733547,0.35465813674348,0.354658136779835,0.35465813680516,72.0968042993265,25.1978867363676,41.0687305884111,115.903531248131,171.30191736797,1317.91371433536
2044,"JPN","transport",0.308790461442775,50900.0643540022,0.668630750569886,110.99847709193,0.950445752256182,0.354658136754818,0.164235591893728,0.217115296265653,0.433624543001841,0.561127903085557,50900.0643520946,50900.064353032,50900.0643546643,50900.0643551151,0.66863075054164,0.668630750551744,0.668630750601239,0.668630750633008,110.998477086936,110.998477088939,110.998477097001,110.998477102689,0.950445752215647,0.95044575223006,0.950445752294952,0.950445752330672,0.354658136741606,0.35465813674632,0.354658136768636,0.354658136783424,174.461349763063,92.7903113030709,122.66644333818,244.990479011477,317.027705161337,1317.91371433536
2045,"JPN","agriculture",0.0673909522981488,51497.0270829577,0.669877265987281,110.311700002813,0.951504701739508,0.350000000008722,0.0353095971107658,0.0465239632490035,0.100999793411332,0.137900042800232,51497.0270806561,51497.0270818615,51497.0270836868,51497.0270841555,0.669877265958638,0.669877265969017,0.66987726601952,0.669877266056965,110.311699997191,110.311699999341,110.311700008773,110.311700015969,0.951504701704873,0.951504701717827,0.951504701773138,0.9515047018111,0.349999999995732,0.350000000000615,0.350000000023244,0.35000000004036,38.2829440696148,20.0584097005472,26.4289822656811,57.3752011333219,78.3372165844295,1318.83419851314
2045,"JPN","energy",1.44139699527863,51497.0270832037,0.669877265986949,110.311700003899,0.951504701740954,0.350000000007108,0.877192519676067,1.08674000031939,1.93991030671077,2.40250163994172,51497.0270811076,51497.0270821924,51497.027083908,51497.027084377,0.669877265959242,0.669877265969285,0.669877266018502,0.669877266053954,110.311699998242,110.3117000004,110.311700009511,110.31170001592,0.951504701704411,0.951504701718306,0.9515047017751,0.9515047018087,0.349999999994728,0.349999999999641,0.35000000001958,0.350000000034627,818.817937365996,498.30891278852,617.347065667525,1102.00962067388,1364.79501738134,1318.83419851314
2045,"JPN","buildings",0.124284410314985,51497.027080934,0.669877266073164,110.311700004623,0.951504701762918,0.350000000012806,0.041928496920608,0.0692014845047794,0.2030972966013,0.303948222612477,51497.0270746956,51497.0270776033,51497.0270829711,51497.0270838815,0.669877265968887,0.669877265997948,0.669877266189692,0.669877266285316,110.31169999226,110.311699997541,110.311700016291,110.311700031104,0.951504701691082,0.951504701717402,0.951504701834532,0.951504701901251,0.349999999988199,0.34999999999837,0.350000000035914,0.350000000062082,70.6025507405472,23.8184243995675,39.311457556572,115.373980935778,172.664614594998,1318.83419851314
2045,"JPN","industry",0.384949532994048,51497.0270829157,0.669877265995414,110.311700004416,0.951504701749435,0.350000000007853,0.286373302843741,0.324705915611792,0.455058236968055,0.511379439133528,51497.0270801289,51497.0270815561,51497.0270837656,51497.02708431,0.66987726595901,0.669877265971482,0.669877266038572,0.669877266091266,110.311699997453,110.311700000122,110.311700011834,110.311700020965,0.951504701705849,0.951504701721403,0.951504701790279,0.951504701830097,0.349999999993249,0.349999999999005,0.350000000023566,0.350000000041613,218.679228288976,162.680786706677,184.45648835271,258.506052243853,290.500576179087,1318.83419851314
2045,"JPN","transport",0.303573135668537,51497.0270830786,0.669877265987769,110.311700002555,0.951504701751112,0.350000000009934,0.157592356134897,0.21043217542874,0.432109150360943,0.56413826404226,51497.0270810635,51497.027082055,51497.0270837802,51497.0270842495,0.669877265958234,0.669877265968798,0.669877266020474,0.669877266053793,110.311699997384,110.311699999457,110.311700007813,110.311700013653,0.951504701708725,0.951504701723954,0.951504701791314,0.951504701828711,0.349999999996376,0.350000000001166,0.350000000024223,0.350000000039376,172.451538048004,89.5238774639985,119.540723610614,245.469308148683,320.471411608928,1318.83419851314
2046,"JPN","energy",1.4489215558946,52107.9972755336,0.671321191218174,109.631026226716,0.952533436062175,0.345400000007381,0.866289220089246,1.0812731743092,1.97059525089164,2.4591981846816,52107.9972733157,52107.9972744689,52107.9972762787,52107.9972767609,0.671321191189251,0.671321191199758,0.671321191251096,0.671321191288439,109.631026220838,109.631026223076,109.631026232517,109.631026239134,0.952533436024181,0.952533436038617,0.952533436097947,0.952533436132678,0.345399999994663,0.345399999999692,0.345400000020216,0.345400000035836,827.718638572351,494.880989900557,617.693867675863,1125.73272982491,1404.85464190438,1320.57714198446
2046,"JPN","transport",0.29819174572736,52107.9972754034,0.671321191219078,109.631026225311,0.952533436072696,0.34540000001031,0.150973957858779,0.203850403146819,0.430566123352139,0.568725979745367,52107.9972732658,52107.9972743181,52107.9972761394,52107.9972766305,0.671321191188352,0.671321191199316,0.671321191253274,0.671321191287608,109.631026219965,109.631026222105,109.631026230777,109.631026236749,0.952533436028686,0.952533436044497,0.952533436114585,0.952533436153559,0.345399999996338,0.345400000001272,0.345400000025015,0.345400000040557,170.346603517208,86.2461865833019,116.452666109709,245.967494954595,324.89342969509,1320.57714198446
2046,"JPN","industry",0.376772839717216,52107.9972752264,0.671321191226879,109.63102622725,0.952533436070964,0.345400000008118,0.276735002483365,0.315424854550994,0.448216914782209,0.505534969870703,52107.9972722852,52107.9972737876,52107.9972761235,52107.9972766953,0.67132119118898,0.671321191201964,0.671321191271868,0.671321191326898,109.631026220046,109.631026222807,109.631026234892,109.631026244323,0.952533436025365,0.952533436041836,0.952533436113559,0.952533436155073,0.345399999993077,0.345399999999,0.345400000024261,0.34540000004299,215.237257450561,158.08911018232,180.191280964036,256.050779970391,288.794597134673,1320.57714198446
2046,"JPN","agriculture",0.0666451969533994,52107.9972752672,0.671321191218517,109.63102622556,0.952533436060735,0.345400000009,0.0341923236788082,0.0454750032664812,0.101514213290291,0.140277297902848,52107.9972728293,52107.9972741051,52107.9972760365,52107.9972765336,0.671321191188683,0.671321191199513,0.671321191252147,0.671321191291182,109.631026219739,109.631026221986,109.631026231737,109.63102623917,0.952533436024481,0.952533436038167,0.952533436095601,0.952533436135119,0.345399999995634,0.345400000000705,0.345400000024015,0.345400000041643,38.0720898716845,19.5328887826099,25.9782923645218,57.9915497036738,80.1355556973126,1320.57714198446
2046,"JPN","buildings",0.121139074902975,52107.9972731149,0.671321191308431,109.631026227464,0.952533436084911,0.3454000000132,0.0395652788526739,0.0659902499973301,0.20180677797275,0.30425195401655,52107.9972664918,52107.9972695911,52107.9972752629,52107.9972762341,0.671321191199275,0.671321191229587,0.671321191429879,0.671321191530466,109.631026214668,109.63102622013,109.631026239506,109.631026254842,0.952533436009724,0.952533436037599,0.952533436159196,0.952533436228395,0.345399999988095,0.345399999998387,0.345400000037025,0.345400000064042,69.2025525726524,22.6022717439135,37.6979413864587,115.285213923142,173.808590355871,1320.57714198446
2047,"JPN","agriculture",0.0659541151192731,52725.923204265,0.672782852752252,108.956368462727,0.953540949488677,0.340800000009297,0.0331036022088216,0.0444518819002586,0.10205945364995,0.142467475873143,52725.9232017015,52725.9232030327,52725.9232050752,52725.9232055924,0.672782852721232,0.672782852732517,0.672782852787196,0.672782852827879,108.956368456698,108.956368459026,108.95636846909,108.956368476736,0.95354094945097,0.953540949465343,0.953540949524734,0.953540949566016,0.340799999995655,0.340800000000822,0.340800000024827,0.340800000042938,37.8894857051595,19.0174405408761,25.5368287606765,58.6313712688446,81.8450733693735,1322.62495355265
2047,"JPN","transport",0.292828941249001,52725.9232044105,0.672782852752826,108.95636846248,0.953540949501079,0.340800000010688,0.144855290965637,0.197636341169837,0.428564481056082,0.57290851771338,52725.923202153,52725.923203271,52725.923205185,52725.923205692,0.672782852720838,0.672782852732231,0.672782852788261,0.672782852824015,108.956368456949,108.956368459178,108.956368468116,108.956368474266,0.953540949455285,0.953540949471821,0.953540949544588,0.953540949585353,0.34079999999634,0.340800000001405,0.340800000025819,0.340800000041932,168.225105648451,83.2168313751201,113.538621669906,246.202799486831,329.125924167966,1322.62495355265
2047,"JPN","buildings",0.118184458785072,52725.9232019941,0.672782852846111,108.956368464704,0.953540949513614,0.340800000013725,0.037439336667192,0.0634004342200049,0.200578692984154,0.306187478703988,52725.9231950151,52725.9231982667,52725.9232042529,52725.9232052809,0.672782852732432,0.672782852764027,0.672782852972559,0.672782853077231,108.956368451404,108.956368457135,108.956368477181,108.956368492897,0.953540949435253,0.95354094946454,0.953540949590392,0.953540949662127,0.340799999988039,0.34079999999859,0.340800000038416,0.340800000066303,67.8949047239557,21.5082441625562,36.4224406862522,115.22895130532,175.899351791675,1322.62495355265
2047,"JPN","energy",1.45664345224863,52725.9232045497,0.672782852751882,108.956368463933,0.953540949490173,0.340800000007648,0.855051920287865,1.07626152204564,2.00389459355095,2.51957365309446,52725.9232022106,52725.9232034282,52725.9232053332,52725.9232058362,0.672782852721514,0.67278285273264,0.672782852786023,0.672782852824817,108.956368457861,108.956368460173,108.9563684699,108.956368476702,0.953540949450465,0.953540949465599,0.953540949527343,0.953540949563174,0.34079999999464,0.340799999999759,0.340800000020845,0.340800000037039,836.816189009456,491.212374736189,618.293422401469,1151.20239911562,1447.4510004524,1322.62495355265
2047,"JPN","industry",0.368678356906092,52725.9232042269,0.672782852760962,108.956368464481,0.953540949499195,0.340800000008435,0.267572251499875,0.306580800022104,0.441263555349858,0.499651047889956,52725.9232011144,52725.9232027132,52725.9232051691,52725.9232057676,0.672782852721412,0.672782852734997,0.672782852807846,0.672782852864987,108.956368457022,108.956368459886,108.95636847234,108.956368482054,0.953540949451804,0.953540949469055,0.953540949543484,0.953540949586793,0.340799999993023,0.340799999999076,0.340800000025028,0.340800000044425,211.799268465624,153.715579101655,176.125308013832,253.498195550052,287.040788924623,1322.62495355265
2048,"JPN","transport",0.287735272853407,53350.9230954003,0.674262579401303,108.287407588316,0.954522747182146,0.33620000001105,0.138688697802985,0.191942394972846,0.426486441871165,0.576045004950942,53350.9230930271,53350.9230942026,53350.9230962123,53350.9230967423,0.674262579368093,0.674262579379948,0.674262579438181,0.6742625794754,108.287407582593,108.287407584907,108.287407594101,108.287407600422,0.954522747134737,0.954522747151695,0.954522747227157,0.954522747269443,0.336199999996387,0.336200000001532,0.336200000026544,0.336200000043126,166.231375806468,80.123694306575,110.889596797787,246.391161186291,332.79463010833,1324.4725594287
2048,"JPN","agriculture",0.0653447485475256,53350.9230952407,0.674262579400759,108.287407588543,0.954522747169287,0.336200000009631,0.0321926141225361,0.0435623527035602,0.1024595896432,0.144289059631785,53350.9230925302,53350.9230939377,53350.9230960899,53350.9230966314,0.674262579368499,0.674262579380206,0.674262579437093,0.674262579479695,108.287407582314,108.287407584728,108.287407595108,108.287407602977,0.954522747130157,0.954522747145043,0.954522747206739,0.954522747249125,0.336199999995638,0.336200000000921,0.336200000025513,0.336200000044243,37.7511847791309,18.5984237632701,25.1669868313931,59.1932938287101,83.3591539177012,1324.4725594287
2048,"JPN","buildings",0.115637246760192,53350.9230928473,0.6742625794987,108.287407590608,0.954522747194798,0.336200000014206,0.0353400897288028,0.0610023800893878,0.199385248062129,0.310239625799231,53350.9230855005,53350.9230889086,53350.9230952256,53350.9230963089,0.674262579380264,0.674262579413079,0.674262579629676,0.67426257973992,108.287407576842,108.287407582765,108.287407603489,108.28740761972,0.954522747113683,0.954522747143952,0.954522747274258,0.954522747348758,0.336199999988167,0.336199999998766,0.33620000003965,0.336200000068209,66.8063335853901,20.4167938041706,35.2424972764042,115.189506572398,179.232665190824,1324.4725594287
2048,"JPN","energy",1.46327430228237,53350.9230955483,0.674262579400316,108.287407589801,0.954522747170897,0.336200000007919,0.843986927938969,1.07076261148021,2.03286237528653,2.57961458017584,53350.9230930834,53350.9230943685,53350.9230963719,53350.9230968961,0.674262579368801,0.674262579380375,0.67426257943582,0.67426257947629,108.287407583554,108.287407585937,108.287407595971,108.287407602911,0.954522747129375,0.954522747145221,0.954522747209205,0.954522747246634,0.336199999994658,0.33619999999985,0.336200000021477,0.336200000038128,845.367681340766,487.590926215977,618.604525980381,1174.43199137879,1490.30348787861,1324.4725594287
2048,"JPN","industry",0.360580884221754,53350.9230952099,0.67426257940981,108.287407590369,0.954522747180121,0.336200000008754,0.259139872651634,0.297945833194962,0.434396889963183,0.493280230599537,53350.9230919329,53350.9230936147,53350.9230961995,53350.9230968234,0.674262579368685,0.674262579382732,0.674262579458401,0.67426257951796,108.287407582656,108.287407585637,108.28740759847,108.28740760845,0.954522747130697,0.95452274714885,0.954522747226148,0.954522747271398,0.336199999992944,0.336199999999151,0.336200000025841,0.336200000045748,208.315983916943,149.711146399955,172.130254586493,250.961211496364,284.979490331206,1324.4725594287
2049,"JPN","agriculture",0.0648682420791064,53983.1191472165,0.675760708154831,107.623824477273,0.95548915820018,0.331600000009937,0.0312678445540065,0.0427463908395863,0.102842575785797,0.146669997845002,53983.1191443482,53983.1191458355,53983.1191481057,53983.1191486751,0.675760708121237,0.675760708133463,0.67576070819253,0.675760708236544,107.623824470835,107.623824473352,107.623824484028,107.62382449206,0.95548915815972,0.95548915817502,0.955489158238733,0.955489158282616,0.331599999995647,0.331600000001008,0.331600000026227,0.331600000045537,37.6876036706859,18.1662103897758,24.8350962627012,59.7501969099893,85.2133582219105,1327.29346360127
2049,"JPN","transport",0.283063894903084,53983.1191473925,0.675760708155333,107.623824477056,0.955489158213494,0.331600000011404,0.133609072622002,0.186791876067107,0.424181223153789,0.577286959660321,53983.1191448948,53983.1191461312,53983.1191482448,53983.119148788,0.675760708120797,0.675760708133129,0.675760708193503,0.675760708232352,107.62382447115,107.623824473543,107.623824482986,107.623824489471,0.955489158164334,0.955489158181923,0.955489158259921,0.955489158303792,0.331599999996409,0.331600000001658,0.331600000027326,0.331600000044246,164.456435746011,77.6251308002695,108.523646841775,246.443765261614,335.396203829348,1327.29346360127
2049,"JPN","buildings",0.112995284937508,53983.1191446901,0.675760708256776,107.623824479425,0.955489158225986,0.331600000014692,0.0336819243893497,0.0587837058921767,0.197655741478615,0.309914493093864,53983.1191369561,53983.1191405356,53983.1191471934,53983.1191483225,0.675760708133353,0.675760708167633,0.675760708393435,0.675760708506762,107.623824465222,107.623824471295,107.623824492662,107.623824509345,0.955489158142175,0.955489158173429,0.955489158308219,0.955489158385803,0.331599999988257,0.331599999998983,0.33160000004072,0.331600000070161,65.6487886676694,19.5687593280415,34.1525674095827,114.83541113171,180.056283514862,1327.29346360127
2049,"JPN","energy",1.4708493726634,53983.1191475452,0.675760708154393,107.62382447858,0.955489158201642,0.331600000008194,0.832350072957963,1.06586532526088,2.06277044174238,2.63489191171313,53983.1191449559,53983.1191463082,53983.1191484117,53983.1191489574,0.675760708121666,0.675760708133626,0.675760708191257,0.675760708233264,107.623824472141,107.6238244746,107.623824484922,107.623824492105,0.955489158158583,0.955489158175027,0.955489158241552,0.95548915828033,0.331599999994648,0.331599999999925,0.331600000022136,0.331600000039169,854.544326229928,483.584550169068,619.25387010912,1198.44275702183,1530.83787864067,1327.29346360127
2049,"JPN","industry",0.352772641140067,53983.1191471822,0.6757607081642,107.623824479163,0.955489158211343,0.331600000009069,0.250613867941092,0.289835456876199,0.427291463425733,0.487198202262729,53983.119143733,53983.1191455115,53983.1191482219,53983.1191488766,0.675760708121494,0.675760708136008,0.675760708214558,0.675760708276074,107.623824471207,107.623824474301,107.623824487506,107.623824497712,0.955489158159948,0.955489158178888,0.955489158258995,0.955489158305855,0.33159999999294,0.331599999999228,0.331600000026522,0.331600000047065,204.95630928698,145.60339279463,168.390625050415,248.25077434449,283.055809266589,1327.29346360127
2050,"JPN","buildings",0.111069736494646,54609.1231790933,0.677277584545348,106.965300005392,0.95643537685579,0.327000000015268,0.0319121573260697,0.0567254150159095,0.196171804453753,0.310723880677546,54609.1231709549,54609.1231747275,54609.1231817175,54609.1231829052,0.677277584417093,0.677277584452781,0.677277584686886,0.677277584804781,106.965299990799,106.965299997012,106.965300018967,106.965300036194,0.956435376768589,0.956435376801487,0.956435376940873,0.956435377019463,0.326999999988244,0.326999999999313,0.327000000042001,0.327000000072177,64.8789568715835,18.640788603835,33.13491027934,114.589468170523,181.502557685847,1328.93270009152
2050,"JPN","energy",1.47617063090425,54609.1231820929,0.677277584438833,106.965300004505,0.956435376831021,0.3270000000085,0.823048691509272,1.06275880265732,2.08634101641725,2.67739351611724,54609.1231793698,54609.1231807975,54609.1231829996,54609.1231835702,0.677277584404894,0.677277584417363,0.677277584477106,0.677277584520703,106.96529999788,106.965300000409,106.965300011016,106.965300018401,0.956435376786442,0.956435376803432,0.956435376872069,0.956435376912802,0.326999999994675,0.327000000000032,0.327000000022818,0.327000000040236,862.272781938999,480.765888468854,620.787306098703,1218.69046481075,1563.94085291158,1328.93270009152
2050,"JPN","agriculture",0.0644116271761695,54609.1231817386,0.677277584439279,106.965300003144,0.956435376829573,0.327000000010294,0.0306233489990235,0.0420924263233196,0.103459353561826,0.148288356136157,54609.123178724,54609.1231802875,54609.1231826736,54609.1231832666,0.677277584404484,0.677277584417204,0.677277584478481,0.67727758452429,106.965299996538,106.965299999112,106.965300010083,106.965300018337,0.956435376787649,0.956435376803567,0.956435376869448,0.956435376914514,0.326999999995693,0.327000000001154,0.327000000026909,0.327000000046706,37.6246429751662,17.8879594156516,24.5873700398223,60.4335181474858,86.6193993392852,1328.93270009152
2050,"JPN","industry",0.344959008611645,54609.1231817205,0.677277584449075,106.965300005106,0.956435376841104,0.327000000009449,0.242134952179496,0.281927489735748,0.419807372862761,0.480729951964012,54609.1231780956,54609.1231799668,54609.123182813,54609.123183496,0.67727758440472,0.677277584419782,0.677277584501336,0.677277584564381,106.965299996922,106.965300000095,106.965300013699,106.965300024167,0.95643537678792,0.956435376807418,0.95643537689042,0.956435376939235,0.326999999993075,0.32699999999941,0.327000000027276,0.327000000048395,201.500258699399,141.437835482588,164.681775808744,245.221293328901,280.807885186293,1328.93270009152
2050,"JPN","transport",0.27845955845921,54609.1231819295,0.677277584439894,106.965300002932,0.956435376843296,0.327000000011766,0.128263651687844,0.181862940581916,0.420815784990098,0.576491994924983,54609.1231792979,54609.1231806072,54609.1231828224,54609.1231833888,0.677277584404076,0.677277584416819,0.677277584479178,0.677277584519798,106.96529999686,106.965299999329,106.96530000903,106.965300015718,0.956435376792368,0.956435376810688,0.956435376891293,0.956435376936546,0.326999999996431,0.32700000000182,0.327000000028065,0.327000000045581,162.656059606375,74.9224062920152,106.231258386581,245.810335196867,336.745187748844,1328.93270009152
