report_line,figure_path,is_ppt_cropped(_cap),matched_chart,chart_exists,generating_script,other_dependency_scripts,dependency_input_output_files,notes
55,doc/report2026/figures/20251208_05_plot_GHG_total_1p5CRM_cap.png,True,charts/20251208_05_plot_GHG_total_1p5CRM.png,True,scripts/20251208_05_plot_GHG_total_1p5CRM.py,scripts/20250506_05_import_GHG_data.py; scripts/20251205_02_extract_GHGI_ghg_toplevel.py; scripts/20251208_04_import_1p5CRM_balance_GHG.py; scripts/20251208_04_import_1p5CRM_steps_GHG.py; scripts/config.py,inputs/1p5CRM/20240123GHGpath_rev1.xlsx; inputs/GHGI/20250506_05_data_structure.xlsx; inputs/GHGI/L5-7gas_2025_gioweb_1.0_mod.xlsx; outputs/20250506_GHGI/20250506_05_ghg_data.json; outputs/20251201_31_GHGI/20251205_32_GHGI_ghg_toplevel.json; outputs/20251208_01_1p5CRM_GHG/20251208_04_1p5CRM_balance_GHG_data.json; outputs/20251208_01_1p5CRM_GHG/20251208_04_1p5CRM_steps_GHG_data.json,
109,doc/report2026/figures/20260224common_sectors.png,False,,False,,,,PowerPointで直接作成
120,doc/report2026/figures/20260122_06_plot_GHG_total_cap.png,True,charts/20260122_06_plot_GHG_total.png,True,scripts/20260122_06_plot_GHG_total.py,scripts/20250506_05_import_GHG_data.py; scripts/20251205_02_extract_GHGI_ghg_toplevel.py; scripts/config.py,inputs/GHGI/20250506_05_data_structure.xlsx; inputs/GHGI/L5-7gas_2025_gioweb_1.0_mod.xlsx; outputs/20250506_GHGI/20250506_05_ghg_data.json; outputs/20251201_31_GHGI/20251205_32_GHGI_ghg_toplevel.json,
134,doc/report2026/figures/20251208_01_plot_GHG_total_IPCC_cap.png,True,charts/20251208_01_plot_GHG_total_IPCC.png,True,scripts/20251208_01_plot_GHG_total_IPCC.py,scripts/20250506_05_import_GHG_data.py; scripts/20251205_02_extract_GHGI_ghg_toplevel.py; scripts/config.py,inputs/GHGI/20250506_05_data_structure.xlsx; inputs/GHGI/L5-7gas_2025_gioweb_1.0_mod.xlsx; inputs/IPCC/data_syr_spm5_all_panels.xlsx; outputs/20250506_GHGI/20250506_05_ghg_data.json; outputs/20251201_31_GHGI/20251205_32_GHGI_ghg_toplevel.json,
155,doc/report2026/figures/20260225_02_plot_CO2_net_IPCC_cap.png,True,charts/20260225_02_plot_CO2_net_IPCC.png,True,scripts/20260225_02_plot_CO2_net_IPCC.py,scripts/20250506_05_import_GHG_data.py; scripts/20251205_02_extract_GHGI_ghg_toplevel.py; scripts/config.py,inputs/GHGI/20250506_05_data_structure.xlsx; inputs/GHGI/L5-7gas_2025_gioweb_1.0_mod.xlsx; inputs/IPCC/data_syr_spm5_all_panels.xlsx; outputs/20250506_GHGI/20250506_05_ghg_data.json; outputs/20251201_31_GHGI/20251205_32_GHGI_ghg_toplevel.json,
158,doc/report2026/figures/20260225_03_plot_CO2_net_1p5CRM_cap.png,True,charts/20260225_03_plot_CO2_net_1p5CRM.png,True,scripts/20260225_03_plot_CO2_net_1p5CRM.py,scripts/20250506_05_import_GHG_data.py; scripts/20251205_02_extract_GHGI_ghg_toplevel.py; scripts/20251208_04_import_1p5CRM_balance_GHG.py; scripts/20251208_04_import_1p5CRM_steps_GHG.py; scripts/config.py,inputs/1p5CRM/20240123GHGpath_rev1.xlsx; inputs/GHGI/20250506_05_data_structure.xlsx; inputs/GHGI/L5-7gas_2025_gioweb_1.0_mod.xlsx; outputs/20250506_GHGI/20250506_05_ghg_data.json; outputs/20251201_31_GHGI/20251205_32_GHGI_ghg_toplevel.json; outputs/20251208_01_1p5CRM_GHG/20251208_04_1p5CRM_balance_GHG_data.json; outputs/20251208_01_1p5CRM_GHG/20251208_04_1p5CRM_steps_GHG_data.json,
170,doc/report2026/figures/20260225_05_plot_CH4_IPCC_cap.png,True,charts/20260225_05_plot_CH4_IPCC.png,True,scripts/20260225_05_plot_CH4_IPCC.py,scripts/20250506_05_import_GHG_data.py; scripts/20251205_02_extract_GHGI_ghg_toplevel.py; scripts/config.py,inputs/GHGI/20250506_05_data_structure.xlsx; inputs/GHGI/L5-7gas_2025_gioweb_1.0_mod.xlsx; inputs/IPCC/data_syr_spm5_all_panels.xlsx; outputs/20250506_GHGI/20250506_05_ghg_data.json; outputs/20251201_31_GHGI/20251205_32_GHGI_ghg_toplevel.json,
185,doc/report2026/figures/20260226_03_plot_GHG_total_diff_cap.png,True,charts/20260226_03_plot_GHG_total_diff.png,True,scripts/20260226_03_plot_GHGI_diff.py,scripts/20250506_05_import_GHG_data.py; scripts/20251205_02_extract_GHGI_ghg_toplevel.py; scripts/20251208_02_get_GHGI_diff.py; scripts/config.py,inputs/GHGI/20250506_05_data_structure.xlsx; inputs/GHGI/L5-7gas_2025_gioweb_1.0_mod.xlsx; outputs/20250506_GHGI/20250506_05_ghg_data.json; outputs/20251201_31_GHGI/20251205_32_GHGI_ghg_toplevel.json; outputs/20251201_31_GHGI/20251208_02_GHGI_ghg_toplevel_diff.json,
202,doc/report2026/figures/extra/2026730_03_energy_x_intensity.png,False,,False,,,,PowerPointで直接作成
215,doc/report2026/figures/20260226_04_plot_energy_total_cap.png,True,charts/20260226_04_plot_energy_total.png,True,scripts/20260226_04_plot_energy_total.py,scripts/20250721_04_import_energy_stat.py; scripts/20251118_01_import_1p5CRM_balance_energy.py; scripts/20251118_03_import_1p5CRM_steps_energy.py; scripts/20251201_11_refine_data_structure_1p5CRM_balance_energy.py; scripts/20251201_13_refine_data_structure_1p5CRM_steps_energy.py; scripts/20251201_21_refine_data_structure_energy_stat.py; scripts/20260311_02_import_SEP_numbers.py; scripts/config.py,inputs/1p5CRM/20231114_1p5CRM_balance_energy_co2_rev1.xlsx; inputs/1p5CRM/20231114_1p5CRM_steps_energy_co2_rev4.xlsx; inputs/1p5CRM/20251104_05_1p5CRM_data_structure.xlsx; inputs/20251201_06_data_structure_common.json; inputs/SEP/20260116_02_SEP_numbers.xlsx; inputs/energy_stat/20250721_04_energy_statistics_data_structure.xlsx; inputs/energy_stat/list_energy_stat_excel.txt; inputs/energy_stat/stte_2010.xlsx; inputs/energy_stat/stte_2011.xlsx; inputs/energy_stat/stte_2012.xlsx; inputs/energy_stat/stte_2013.xlsx; inputs/energy_stat/stte_2014.xlsx; inputs/energy_stat/stte_2015.xlsx; inputs/energy_stat/stte_2016.xlsx; inputs/energy_stat/stte_2017.xlsx; inputs/energy_stat/stte_2018.xlsx; inputs/energy_stat/stte_2019.xlsx; inputs/energy_stat/stte_2020.xlsx; inputs/energy_stat/stte_2021.xlsx; inputs/energy_stat/stte_2022.xlsx; inputs/energy_stat/stte_2023.xlsx; outputs/20250721_04_energy_stat/20250721_04_energy_stat_data_0_電力.json; outputs/20250721_04_energy_stat/20250721_04_energy_stat_data_10_都市ガス.json; outputs/20250721_04_energy_stat/20250721_04_energy_stat_data_11_再生可能エネルギー(水力を除く).json; outputs/20250721_04_energy_stat/20250721_04_energy_stat_data_12_水力発電（揚水除く）.json; outputs/20250721_04_energy_stat/20250721_04_energy_stat_data_13_揚水発電.json; outputs/20250721_04_energy_stat/20250721_04_energy_stat_data_14_未活用エネルギー.json; outputs/20250721_04_energy_stat/20250721_04_energy_stat_data_15_原子力発電.json; outputs/20250721_04_energy_stat/20250721_04_energy_stat_data_1_熱.json; outputs/20250721_04_energy_stat/20250721_04_energy_stat_data_2_合計.json; outputs/20250721_04_energy_stat/20250721_04_energy_stat_data_3_エネルギー利用.json; outputs/20250721_04_energy_stat/20250721_04_energy_stat_data_4_非エネルギー利用.json; outputs/20250721_04_energy_stat/20250721_04_energy_stat_data_5_石炭.json; outputs/20250721_04_energy_stat/20250721_04_energy_stat_data_6_石炭製品.json; outputs/20250721_04_energy_stat/20250721_04_energy_stat_data_7_原油.json; outputs/20250721_04_energy_stat/20250721_04_energy_stat_data_8_石油製品.json; outputs/20250721_04_energy_stat/20250721_04_energy_stat_data_9_天然ガス.json; outputs/20251118_01_1p5CRM_balance_energy/20251118_01_1p5CRM_balance_energy_data_00_石炭.json; outputs/20251118_01_1p5CRM_balance_energy/20251118_01_1p5CRM_balance_energy_data_01_石炭製品.json; outputs/20251118_01_1p5CRM_balance_energy/20251118_01_1p5CRM_balance_energy_data_02_石油製品.json; outputs/20251118_01_1p5CRM_balance_energy/20251118_01_1p5CRM_balance_energy_data_03_LPG.json; outputs/20251118_01_1p5CRM_balance_energy/20251118_01_1p5CRM_balance_energy_data_04_天然ガス.json; outputs/20251118_01_1p5CRM_balance_energy/20251118_01_1p5CRM_balance_energy_data_05_都市ガス.json; outputs/20251118_01_1p5CRM_balance_energy/20251118_01_1p5CRM_balance_energy_data_06_再生可能エネルギー(水力を除く).json; outputs/20251118_01_1p5CRM_balance_energy/20251118_01_1p5CRM_balance_energy_data_07_電力.json; outputs/20251118_01_1p5CRM_balance_energy/20251118_01_1p5CRM_balance_energy_data_08_熱.json; outputs/20251118_01_1p5CRM_balance_energy/20251118_01_1p5CRM_balance_energy_data_09_合計.json; outputs/20251118_01_1p5CRM_balance_energy/20251118_01_1p5CRM_balance_energy_data_10_エネルギー利用.json; outputs/20251118_01_1p5CRM_balance_energy/20251118_01_1p5CRM_balance_energy_data_11_非エネルギー利用.json; outputs/20251118_01_1p5CRM_balance_energy/20251118_01_1p5CRM_balance_energy_data_12_水素.json; outputs/20251118_01_1p5CRM_balance_energy/20251118_01_1p5CRM_balance_energy_data_13_合成燃料・合成メタン.json; outputs/20251118_01_1p5CRM_balance_energy/20251118_01_1p5CRM_balance_energy_data_14_非エネルギー利用(電力).json; outputs/20251118_01_1p5CRM_balance_energy/20251118_01_1p5CRM_balance_energy_data_15_非エネルギー利用(化石).json; outputs/20251118_01_1p5CRM_balance_energy/20251118_01_1p5CRM_balance_energy_data_16_非エネルギー利用(水素).json; outputs/20251118_01_1p5CRM_balance_energy/list_20251118_01_1p5CRM_balance_energy_json.txt; outputs/20251118_03_1p5CRM_steps_energy/20251118_03_1p5CRM_steps_energy_data_00_石炭.json; outputs/20251118_03_1p5CRM_steps_energy/20251118_03_1p5CRM_steps_energy_data_01_石炭製品.json; outputs/20251118_03_1p5CRM_steps_energy/20251118_03_1p5CRM_steps_energy_data_02_石油製品.json; outputs/20251118_03_1p5CRM_steps_energy/20251118_03_1p5CRM_steps_energy_data_03_LPG.json; outputs/20251118_03_1p5CRM_steps_energy/20251118_03_1p5CRM_steps_energy_data_04_天然ガス.json; outputs/20251118_03_1p5CRM_steps_energy/20251118_03_1p5CRM_steps_energy_data_05_都市ガス.json; outputs/20251118_03_1p5CRM_steps_energy/20251118_03_1p5CRM_steps_energy_data_06_再生可能エネルギー(水力を除く).json; outputs/20251118_03_1p5CRM_steps_energy/20251118_03_1p5CRM_steps_energy_data_07_電力.json; outputs/20251118_03_1p5CRM_steps_energy/20251118_03_1p5CRM_steps_energy_data_08_熱.json; outputs/20251118_03_1p5CRM_steps_energy/20251118_03_1p5CRM_steps_energy_data_09_合計.json; outputs/20251118_03_1p5CRM_steps_energy/20251118_03_1p5CRM_steps_energy_data_10_エネルギー利用.json; outputs/20251118_03_1p5CRM_steps_energy/20251118_03_1p5CRM_steps_energy_data_11_非エネルギー利用.json; outputs/20251118_03_1p5CRM_steps_energy/20251118_03_1p5CRM_steps_energy_data_12_水素.json; outputs/20251118_03_1p5CRM_steps_energy/20251118_03_1p5CRM_steps_energy_data_13_合成燃料・合成メタン.json; outputs/20251118_03_1p5CRM_steps_energy/20251118_03_1p5CRM_steps_energy_data_14_非エネルギー利用(電力).json; outputs/20251118_03_1p5CRM_steps_energy/20251118_03_1p5CRM_steps_energy_data_15_非エネルギー利用(化石).json; outputs/20251118_03_1p5CRM_steps_energy/20251118_03_1p5CRM_steps_energy_data_16_非エネルギー利用(水素).json; outputs/20251118_03_1p5CRM_steps_energy/list_20251118_03_1p5CRM_steps_energy_json.txt; outputs/20251120_21_energy_stat/list_20250721_04_energy_stat_json.txt; outputs/20251201_01_1p5CRM_balance_energy/20251201_11_1p5CRM_balance_energy_data_common_10_エネルギー利用.json; outputs/20251201_03_1p5CRM_steps_energy/20251201_13_1p5CRM_steps_energy_data_common_10_エネルギー利用.json; outputs/20251201_21_energy_stat/20251201_21_energy_stat_data_common_3_エネルギー利用.json; outputs/20251218_02_SEP/20260311_02_SEP_numbers.json,生成スクリプト不明の中間ファイルあり(既存ファイルは保持): outputs/20251118_01_1p5CRM_balance_energy/list_20251118_01_1p5CRM_balance_energy_json.txt; outputs/20251118_03_1p5CRM_steps_energy/list_20251118_03_1p5CRM_steps_energy_json.txt; outputs/20251120_21_energy_stat/list_20250721_04_energy_stat_json.txt
231,doc/report2026/figures/20260226_05_plot_energy_elec_total_cap.png,True,charts/20260226_05_plot_energy_elec_total.png,True,scripts/20260226_05_plot_energy_elec_total.py,scripts/20250721_04_import_energy_stat.py; scripts/20251118_01_import_1p5CRM_balance_energy.py; scripts/20251118_03_import_1p5CRM_steps_energy.py; scripts/20251201_11_refine_data_structure_1p5CRM_balance_energy.py; scripts/20251201_13_refine_data_structure_1p5CRM_steps_energy.py; scripts/20251201_21_refine_data_structure_energy_stat.py; scripts/20251218_15_import_SEP_numbers.py; scripts/config.py,inputs/1p5CRM/20231114_1p5CRM_balance_energy_co2_rev1.xlsx; inputs/1p5CRM/20231114_1p5CRM_steps_energy_co2_rev4.xlsx; inputs/1p5CRM/20251104_05_1p5CRM_data_structure.xlsx; inputs/20251201_06_data_structure_common.json; inputs/SEP/20251218_01_SEP_numbers.xlsx; inputs/energy_stat/20250721_04_energy_statistics_data_structure.xlsx; inputs/energy_stat/list_energy_stat_excel.txt; inputs/energy_stat/stte_2010.xlsx; inputs/energy_stat/stte_2011.xlsx; inputs/energy_stat/stte_2012.xlsx; inputs/energy_stat/stte_2013.xlsx; inputs/energy_stat/stte_2014.xlsx; inputs/energy_stat/stte_2015.xlsx; inputs/energy_stat/stte_2016.xlsx; inputs/energy_stat/stte_2017.xlsx; inputs/energy_stat/stte_2018.xlsx; inputs/energy_stat/stte_2019.xlsx; inputs/energy_stat/stte_2020.xlsx; inputs/energy_stat/stte_2021.xlsx; inputs/energy_stat/stte_2022.xlsx; inputs/energy_stat/stte_2023.xlsx; outputs/20250721_04_energy_stat/20250721_04_energy_stat_data_0_電力.json; outputs/20250721_04_energy_stat/20250721_04_energy_stat_data_10_都市ガス.json; outputs/20250721_04_energy_stat/20250721_04_energy_stat_data_11_再生可能エネルギー(水力を除く).json; outputs/20250721_04_energy_stat/20250721_04_energy_stat_data_12_水力発電（揚水除く）.json; outputs/20250721_04_energy_stat/20250721_04_energy_stat_data_13_揚水発電.json; outputs/20250721_04_energy_stat/20250721_04_energy_stat_data_14_未活用エネルギー.json; outputs/20250721_04_energy_stat/20250721_04_energy_stat_data_15_原子力発電.json; outputs/20250721_04_energy_stat/20250721_04_energy_stat_data_1_熱.json; outputs/20250721_04_energy_stat/20250721_04_energy_stat_data_2_合計.json; outputs/20250721_04_energy_stat/20250721_04_energy_stat_data_3_エネルギー利用.json; outputs/20250721_04_energy_stat/20250721_04_energy_stat_data_4_非エネルギー利用.json; outputs/20250721_04_energy_stat/20250721_04_energy_stat_data_5_石炭.json; outputs/20250721_04_energy_stat/20250721_04_energy_stat_data_6_石炭製品.json; outputs/20250721_04_energy_stat/20250721_04_energy_stat_data_7_原油.json; outputs/20250721_04_energy_stat/20250721_04_energy_stat_data_8_石油製品.json; outputs/20250721_04_energy_stat/20250721_04_energy_stat_data_9_天然ガス.json; outputs/20251118_01_1p5CRM_balance_energy/20251118_01_1p5CRM_balance_energy_data_00_石炭.json; outputs/20251118_01_1p5CRM_balance_energy/20251118_01_1p5CRM_balance_energy_data_01_石炭製品.json; outputs/20251118_01_1p5CRM_balance_energy/20251118_01_1p5CRM_balance_energy_data_02_石油製品.json; outputs/20251118_01_1p5CRM_balance_energy/20251118_01_1p5CRM_balance_energy_data_03_LPG.json; outputs/20251118_01_1p5CRM_balance_energy/20251118_01_1p5CRM_balance_energy_data_04_天然ガス.json; outputs/20251118_01_1p5CRM_balance_energy/20251118_01_1p5CRM_balance_energy_data_05_都市ガス.json; outputs/20251118_01_1p5CRM_balance_energy/20251118_01_1p5CRM_balance_energy_data_06_再生可能エネルギー(水力を除く).json; outputs/20251118_01_1p5CRM_balance_energy/20251118_01_1p5CRM_balance_energy_data_07_電力.json; outputs/20251118_01_1p5CRM_balance_energy/20251118_01_1p5CRM_balance_energy_data_08_熱.json; outputs/20251118_01_1p5CRM_balance_energy/20251118_01_1p5CRM_balance_energy_data_09_合計.json; outputs/20251118_01_1p5CRM_balance_energy/20251118_01_1p5CRM_balance_energy_data_10_エネルギー利用.json; outputs/20251118_01_1p5CRM_balance_energy/20251118_01_1p5CRM_balance_energy_data_11_非エネルギー利用.json; outputs/20251118_01_1p5CRM_balance_energy/20251118_01_1p5CRM_balance_energy_data_12_水素.json; outputs/20251118_01_1p5CRM_balance_energy/20251118_01_1p5CRM_balance_energy_data_13_合成燃料・合成メタン.json; outputs/20251118_01_1p5CRM_balance_energy/20251118_01_1p5CRM_balance_energy_data_14_非エネルギー利用(電力).json; outputs/20251118_01_1p5CRM_balance_energy/20251118_01_1p5CRM_balance_energy_data_15_非エネルギー利用(化石).json; outputs/20251118_01_1p5CRM_balance_energy/20251118_01_1p5CRM_balance_energy_data_16_非エネルギー利用(水素).json; outputs/20251118_01_1p5CRM_balance_energy/list_20251118_01_1p5CRM_balance_energy_json.txt; outputs/20251118_03_1p5CRM_steps_energy/20251118_03_1p5CRM_steps_energy_data_00_石炭.json; outputs/20251118_03_1p5CRM_steps_energy/20251118_03_1p5CRM_steps_energy_data_01_石炭製品.json; outputs/20251118_03_1p5CRM_steps_energy/20251118_03_1p5CRM_steps_energy_data_02_石油製品.json; outputs/20251118_03_1p5CRM_steps_energy/20251118_03_1p5CRM_steps_energy_data_03_LPG.json; outputs/20251118_03_1p5CRM_steps_energy/20251118_03_1p5CRM_steps_energy_data_04_天然ガス.json; outputs/20251118_03_1p5CRM_steps_energy/20251118_03_1p5CRM_steps_energy_data_05_都市ガス.json; outputs/20251118_03_1p5CRM_steps_energy/20251118_03_1p5CRM_steps_energy_data_06_再生可能エネルギー(水力を除く).json; outputs/20251118_03_1p5CRM_steps_energy/20251118_03_1p5CRM_steps_energy_data_07_電力.json; outputs/20251118_03_1p5CRM_steps_energy/20251118_03_1p5CRM_steps_energy_data_08_熱.json; outputs/20251118_03_1p5CRM_steps_energy/20251118_03_1p5CRM_steps_energy_data_09_合計.json; outputs/20251118_03_1p5CRM_steps_energy/20251118_03_1p5CRM_steps_energy_data_10_エネルギー利用.json; outputs/20251118_03_1p5CRM_steps_energy/20251118_03_1p5CRM_steps_energy_data_11_非エネルギー利用.json; outputs/20251118_03_1p5CRM_steps_energy/20251118_03_1p5CRM_steps_energy_data_12_水素.json; outputs/20251118_03_1p5CRM_steps_energy/20251118_03_1p5CRM_steps_energy_data_13_合成燃料・合成メタン.json; outputs/20251118_03_1p5CRM_steps_energy/20251118_03_1p5CRM_steps_energy_data_14_非エネルギー利用(電力).json; outputs/20251118_03_1p5CRM_steps_energy/20251118_03_1p5CRM_steps_energy_data_15_非エネルギー利用(化石).json; outputs/20251118_03_1p5CRM_steps_energy/20251118_03_1p5CRM_steps_energy_data_16_非エネルギー利用(水素).json; outputs/20251118_03_1p5CRM_steps_energy/list_20251118_03_1p5CRM_steps_energy_json.txt; outputs/20251120_21_energy_stat/list_20250721_04_energy_stat_json.txt; outputs/20251201_01_1p5CRM_balance_energy/20251201_11_1p5CRM_balance_energy_data_common_07_電力.json; outputs/20251201_03_1p5CRM_steps_energy/20251201_13_1p5CRM_steps_energy_data_common_07_電力.json; outputs/20251201_21_energy_stat/20251201_21_energy_stat_data_common_0_電力.json; outputs/20251218_02_SEP/20251218_15_SEP_numbers.json,生成スクリプト不明の中間ファイルあり(既存ファイルは保持): outputs/20251118_01_1p5CRM_balance_energy/list_20251118_01_1p5CRM_balance_energy_json.txt; outputs/20251118_03_1p5CRM_steps_energy/list_20251118_03_1p5CRM_steps_energy_json.txt; outputs/20251120_21_energy_stat/list_20250721_04_energy_stat_json.txt
239,doc/report2026/figures/20260730_11_plot_intensity_total_energy_cap.png,True,charts/20260730_11_plot_intensity_total_energy.png,True,scripts/20260730_11_plot_intensity_energy_total.py,scripts/20250506_05_import_GHG_data.py; scripts/20250721_04_import_energy_stat.py; scripts/20251020_05_import_energy_stat_co2.py; scripts/20251118_01_import_1p5CRM_balance_energy.py; scripts/20251118_02_import_1p5CRM_balance_co2.py; scripts/20251118_03_import_1p5CRM_steps_energy.py; scripts/20251118_04_import_1p5CRM_steps_co2.py; scripts/20251201_11_refine_data_structure_1p5CRM_balance_energy.py; scripts/20251201_12_refine_data_structure_1p5CRM_balance_co2.py; scripts/20251201_13_refine_data_structure_1p5CRM_steps_energy.py; scripts/20251201_14_refine_data_structure_1p5CRM_steps_co2.py; scripts/20251201_21_refine_data_structure_energy_stat.py; scripts/20251201_22_refine_data_structure_energy_stat_co2.py; scripts/20251218_02_calc_intensity_1p5CRM_balance.py; scripts/20251218_03_calc_intensity_1p5CRM_steps.py; scripts/20260311_02_import_SEP_numbers.py; scripts/20260316_01_redistribute_co2.py; scripts/config.py,inputs/1p5CRM/20231114_1p5CRM_balance_energy_co2_rev1.xlsx; inputs/1p5CRM/20231114_1p5CRM_steps_energy_co2_rev4.xlsx; inputs/1p5CRM/20251104_05_1p5CRM_data_structure.xlsx; inputs/1p5CRM/20251120_06_1p5CRM_data_structure.xlsx; inputs/20251201_06_data_structure_common.json; inputs/GHGI/20250506_05_data_structure.xlsx; inputs/GHGI/L5-7gas_2025_gioweb_1.0_mod.xlsx; inputs/SEP/20260116_02_SEP_numbers.xlsx; inputs/energy_stat/20250721_04_energy_statistics_data_structure.xlsx; inputs/energy_stat/20251020_05_energy_statistics_data_structure_co2.xlsx; inputs/energy_stat/list_energy_stat_excel.txt; inputs/energy_stat/stte_2010.xlsx; inputs/energy_stat/stte_2011.xlsx; inputs/energy_stat/stte_2012.xlsx; inputs/energy_stat/stte_2013.xlsx; inputs/energy_stat/stte_2014.xlsx; inputs/energy_stat/stte_2015.xlsx; inputs/energy_stat/stte_2016.xlsx; inputs/energy_stat/stte_2017.xlsx; inputs/energy_stat/stte_2018.xlsx; inputs/energy_stat/stte_2019.xlsx; inputs/energy_stat/stte_2020.xlsx; inputs/energy_stat/stte_2021.xlsx; inputs/energy_stat/stte_2022.xlsx; inputs/energy_stat/stte_2023.xlsx; outputs/20250506_GHGI/20250506_05_ghg_data.json; outputs/20250721_04_energy_stat/20250721_04_energy_stat_data_0_電力.json; outputs/20250721_04_energy_stat/20250721_04_energy_stat_data_10_都市ガス.json; outputs/20250721_04_energy_stat/20250721_04_energy_stat_data_11_再生可能エネルギー(水力を除く).json; outputs/20250721_04_energy_stat/20250721_04_energy_stat_data_12_水力発電（揚水除く）.json; outputs/20250721_04_energy_stat/20250721_04_energy_stat_data_13_揚水発電.json; outputs/20250721_04_energy_stat/20250721_04_energy_stat_data_14_未活用エネルギー.json; outputs/20250721_04_energy_stat/20250721_04_energy_stat_data_15_原子力発電.json; outputs/20250721_04_energy_stat/20250721_04_energy_stat_data_1_熱.json; outputs/20250721_04_energy_stat/20250721_04_energy_stat_data_2_合計.json; outputs/20250721_04_energy_stat/20250721_04_energy_stat_data_3_エネルギー利用.json; outputs/20250721_04_energy_stat/20250721_04_energy_stat_data_4_非エネルギー利用.json; outputs/20250721_04_energy_stat/20250721_04_energy_stat_data_5_石炭.json; outputs/20250721_04_energy_stat/20250721_04_energy_stat_data_6_石炭製品.json; outputs/20250721_04_energy_stat/20250721_04_energy_stat_data_7_原油.json; outputs/20250721_04_energy_stat/20250721_04_energy_stat_data_8_石油製品.json; outputs/20250721_04_energy_stat/20250721_04_energy_stat_data_9_天然ガス.json; outputs/20250721_04_energy_stat/20251020_05_energy_stat_co2_data_0_電力.json; outputs/20250721_04_energy_stat/20251020_05_energy_stat_co2_data_10_都市ガス.json; outputs/20250721_04_energy_stat/20251020_05_energy_stat_co2_data_11_総合計_電力･熱寄与間接排出配分後合計.json; outputs/20250721_04_energy_stat/20251020_05_energy_stat_co2_data_12_総合計_エネルギー利用分.json; outputs/20250721_04_energy_stat/20251020_05_energy_stat_co2_data_1_熱.json; outputs/20250721_04_energy_stat/20251020_05_energy_stat_co2_data_2_合計.json; outputs/20250721_04_energy_stat/20251020_05_energy_stat_co2_data_3_エネルギー利用.json; outputs/20250721_04_energy_stat/20251020_05_energy_stat_co2_data_4_非エネルギー利用.json; outputs/20250721_04_energy_stat/20251020_05_energy_stat_co2_data_5_石炭.json; outputs/20250721_04_energy_stat/20251020_05_energy_stat_co2_data_6_石炭製品.json; outputs/20250721_04_energy_stat/20251020_05_energy_stat_co2_data_7_原油.json; outputs/20250721_04_energy_stat/20251020_05_energy_stat_co2_data_8_石油製品.json; outputs/20250721_04_energy_stat/20251020_05_energy_stat_co2_data_9_天然ガス.json; outputs/20250721_04_energy_stat/list_20251020_05_energy_stat_co2_json.txt; outputs/20251118_01_1p5CRM_balance_energy/20251118_01_1p5CRM_balance_energy_data_00_石炭.json; outputs/20251118_01_1p5CRM_balance_energy/20251118_01_1p5CRM_balance_energy_data_01_石炭製品.json; outputs/20251118_01_1p5CRM_balance_energy/20251118_01_1p5CRM_balance_energy_data_02_石油製品.json; outputs/20251118_01_1p5CRM_balance_energy/20251118_01_1p5CRM_balance_energy_data_03_LPG.json; outputs/20251118_01_1p5CRM_balance_energy/20251118_01_1p5CRM_balance_energy_data_04_天然ガス.json; outputs/20251118_01_1p5CRM_balance_energy/20251118_01_1p5CRM_balance_energy_data_05_都市ガス.json; outputs/20251118_01_1p5CRM_balance_energy/20251118_01_1p5CRM_balance_energy_data_06_再生可能エネルギー(水力を除く).json; outputs/20251118_01_1p5CRM_balance_energy/20251118_01_1p5CRM_balance_energy_data_07_電力.json; outputs/20251118_01_1p5CRM_balance_energy/20251118_01_1p5CRM_balance_energy_data_08_熱.json; outputs/20251118_01_1p5CRM_balance_energy/20251118_01_1p5CRM_balance_energy_data_09_合計.json; outputs/20251118_01_1p5CRM_balance_energy/20251118_01_1p5CRM_balance_energy_data_10_エネルギー利用.json; outputs/20251118_01_1p5CRM_balance_energy/20251118_01_1p5CRM_balance_energy_data_11_非エネルギー利用.json; outputs/20251118_01_1p5CRM_balance_energy/20251118_01_1p5CRM_balance_energy_data_12_水素.json; outputs/20251118_01_1p5CRM_balance_energy/20251118_01_1p5CRM_balance_energy_data_13_合成燃料・合成メタン.json; outputs/20251118_01_1p5CRM_balance_energy/20251118_01_1p5CRM_balance_energy_data_14_非エネルギー利用(電力).json; outputs/20251118_01_1p5CRM_balance_energy/20251118_01_1p5CRM_balance_energy_data_15_非エネルギー利用(化石).json; outputs/20251118_01_1p5CRM_balance_energy/20251118_01_1p5CRM_balance_energy_data_16_非エネルギー利用(水素).json; outputs/20251118_01_1p5CRM_balance_energy/list_20251118_01_1p5CRM_balance_energy_json.txt; outputs/20251118_02_1p5CRM_balance_co2/20251118_02_1p5CRM_balance_co2_data_00_石炭.json; outputs/20251118_02_1p5CRM_balance_co2/20251118_02_1p5CRM_balance_co2_data_01_石炭製品.json; outputs/20251118_02_1p5CRM_balance_co2/20251118_02_1p5CRM_balance_co2_data_02_石油製品.json; outputs/20251118_02_1p5CRM_balance_co2/20251118_02_1p5CRM_balance_co2_data_03_LPG.json; outputs/20251118_02_1p5CRM_balance_co2/20251118_02_1p5CRM_balance_co2_data_04_天然ガス.json; outputs/20251118_02_1p5CRM_balance_co2/20251118_02_1p5CRM_balance_co2_data_05_都市ガス.json; outputs/20251118_02_1p5CRM_balance_co2/20251118_02_1p5CRM_balance_co2_data_06_再生可能エネルギー(水力を除く).json; outputs/20251118_02_1p5CRM_balance_co2/20251118_02_1p5CRM_balance_co2_data_07_電力.json; outputs/20251118_02_1p5CRM_balance_co2/20251118_02_1p5CRM_balance_co2_data_08_熱.json; outputs/20251118_02_1p5CRM_balance_co2/20251118_02_1p5CRM_balance_co2_data_09_合計.json; outputs/20251118_02_1p5CRM_balance_co2/20251118_02_1p5CRM_balance_co2_data_10_エネルギー利用.json; outputs/20251118_02_1p5CRM_balance_co2/20251118_02_1p5CRM_balance_co2_data_11_非エネルギー利用.json; outputs/20251118_02_1p5CRM_balance_co2/list_20251118_02_1p5CRM_balance_co2_json.txt; outputs/20251118_03_1p5CRM_steps_energy/20251118_03_1p5CRM_steps_energy_data_00_石炭.json; outputs/20251118_03_1p5CRM_steps_energy/20251118_03_1p5CRM_steps_energy_data_01_石炭製品.json; outputs/20251118_03_1p5CRM_steps_energy/20251118_03_1p5CRM_steps_energy_data_02_石油製品.json; outputs/20251118_03_1p5CRM_steps_energy/20251118_03_1p5CRM_steps_energy_data_03_LPG.json; outputs/20251118_03_1p5CRM_steps_energy/20251118_03_1p5CRM_steps_energy_data_04_天然ガス.json; outputs/20251118_03_1p5CRM_steps_energy/20251118_03_1p5CRM_steps_energy_data_05_都市ガス.json; outputs/20251118_03_1p5CRM_steps_energy/20251118_03_1p5CRM_steps_energy_data_06_再生可能エネルギー(水力を除く).json; outputs/20251118_03_1p5CRM_steps_energy/20251118_03_1p5CRM_steps_energy_data_07_電力.json; outputs/20251118_03_1p5CRM_steps_energy/20251118_03_1p5CRM_steps_energy_data_08_熱.json; outputs/20251118_03_1p5CRM_steps_energy/20251118_03_1p5CRM_steps_energy_data_09_合計.json; outputs/20251118_03_1p5CRM_steps_energy/20251118_03_1p5CRM_steps_energy_data_10_エネルギー利用.json; outputs/20251118_03_1p5CRM_steps_energy/20251118_03_1p5CRM_steps_energy_data_11_非エネルギー利用.json; outputs/20251118_03_1p5CRM_steps_energy/20251118_03_1p5CRM_steps_energy_data_12_水素.json; outputs/20251118_03_1p5CRM_steps_energy/20251118_03_1p5CRM_steps_energy_data_13_合成燃料・合成メタン.json; outputs/20251118_03_1p5CRM_steps_energy/20251118_03_1p5CRM_steps_energy_data_14_非エネルギー利用(電力).json; outputs/20251118_03_1p5CRM_steps_energy/20251118_03_1p5CRM_steps_energy_data_15_非エネルギー利用(化石).json; outputs/20251118_03_1p5CRM_steps_energy/20251118_03_1p5CRM_steps_energy_data_16_非エネルギー利用(水素).json; outputs/20251118_03_1p5CRM_steps_energy/list_20251118_03_1p5CRM_steps_energy_json.txt; outputs/20251118_04_1p5CRM_steps_co2/20251118_04_1p5CRM_steps_co2_data_00_石炭.json; outputs/20251118_04_1p5CRM_steps_co2/20251118_04_1p5CRM_steps_co2_data_01_石炭製品.json; outputs/20251118_04_1p5CRM_steps_co2/20251118_04_1p5CRM_steps_co2_data_02_石油製品.json; outputs/20251118_04_1p5CRM_steps_co2/20251118_04_1p5CRM_steps_co2_data_03_LPG.json; outputs/20251118_04_1p5CRM_steps_co2/20251118_04_1p5CRM_steps_co2_data_04_天然ガス.json; outputs/20251118_04_1p5CRM_steps_co2/20251118_04_1p5CRM_steps_co2_data_05_都市ガス.json; outputs/20251118_04_1p5CRM_steps_co2/20251118_04_1p5CRM_steps_co2_data_06_再生可能エネルギー(水力を除く).json; outputs/20251118_04_1p5CRM_steps_co2/20251118_04_1p5CRM_steps_co2_data_07_電力.json; outputs/20251118_04_1p5CRM_steps_co2/20251118_04_1p5CRM_steps_co2_data_08_熱.json; outputs/20251118_04_1p5CRM_steps_co2/20251118_04_1p5CRM_steps_co2_data_09_合計.json; outputs/20251118_04_1p5CRM_steps_co2/20251118_04_1p5CRM_steps_co2_data_10_エネルギー利用.json; outputs/20251118_04_1p5CRM_steps_co2/20251118_04_1p5CRM_steps_co2_data_11_非エネルギー利用.json; outputs/20251118_04_1p5CRM_steps_co2/list_20251118_04_1p5CRM_steps_co2_json.txt; outputs/20251120_21_energy_stat/list_20250721_04_energy_stat_json.txt; outputs/20251201_01_1p5CRM_balance_energy/20251201_11_1p5CRM_balance_energy_data_common_07_電力.json; outputs/20251201_01_1p5CRM_balance_energy/20251201_11_1p5CRM_balance_energy_data_common_10_エネルギー利用.json; outputs/20251201_02_1p5CRM_balance_co2/20251119_12_1p5CRM_balance_co2_data_common_07_電力.json; outputs/20251201_02_1p5CRM_balance_co2/20251119_12_1p5CRM_balance_co2_data_common_10_エネルギー利用.json; outputs/20251201_03_1p5CRM_steps_energy/20251201_13_1p5CRM_steps_energy_data_common_07_電力.json; outputs/20251201_03_1p5CRM_steps_energy/20251201_13_1p5CRM_steps_energy_data_common_10_エネルギー利用.json; outputs/20251201_04_1p5CRM_steps_co2/20251201_14_1p5CRM_steps_co2_data_common_07_電力.json; outputs/20251201_04_1p5CRM_steps_co2/20251201_14_1p5CRM_steps_co2_data_common_10_エネルギー利用.json; outputs/20251201_21_energy_stat/20251201_21_energy_stat_data_common_0_電力.json; outputs/20251201_21_energy_stat/20251201_21_energy_stat_data_common_1_熱.json; outputs/20251201_21_energy_stat/20251201_21_energy_stat_data_common_3_エネルギー利用.json; outputs/20251201_21_energy_stat/20251201_22_energy_stat_co2_data_common_12_総合計_エネルギー利用分.json; outputs/20251218_01_intensity/20251218_02_1p5CRM_balance_intensity_data_common_10_エネルギー利用.json; outputs/20251218_01_intensity/20251218_03_1p5CRM_steps_intensity_data_common_10_エネルギー利用.json; outputs/20251218_01_intensity/20260316_32_energy_stat_intensity_data_common_3_エネルギー利用_RD.json; outputs/20251218_02_SEP/20260311_02_SEP_numbers.json,生成スクリプト不明の中間ファイルあり(既存ファイルは保持): outputs/20250721_04_energy_stat/list_20251020_05_energy_stat_co2_json.txt; outputs/20251118_01_1p5CRM_balance_energy/list_20251118_01_1p5CRM_balance_energy_json.txt; outputs/20251118_02_1p5CRM_balance_co2/list_20251118_02_1p5CRM_balance_co2_json.txt; outputs/20251118_03_1p5CRM_steps_energy/list_20251118_03_1p5CRM_steps_energy_json.txt; outputs/20251118_04_1p5CRM_steps_co2/list_20251118_04_1p5CRM_steps_co2_json.txt; outputs/20251120_21_energy_stat/list_20250721_04_energy_stat_json.txt
247,doc/report2026/figures/20260730_13_plot_intensity_elec_total_cap.png,True,charts/20260730_13_plot_intensity_elec_total.png,True,scripts/20260730_13_plot_intensity_energy_total.py,scripts/20250506_05_import_GHG_data.py; scripts/20250721_04_import_energy_stat.py; scripts/20251020_05_import_energy_stat_co2.py; scripts/20251118_01_import_1p5CRM_balance_energy.py; scripts/20251118_02_import_1p5CRM_balance_co2.py; scripts/20251118_03_import_1p5CRM_steps_energy.py; scripts/20251118_04_import_1p5CRM_steps_co2.py; scripts/20251201_11_refine_data_structure_1p5CRM_balance_energy.py; scripts/20251201_12_refine_data_structure_1p5CRM_balance_co2.py; scripts/20251201_13_refine_data_structure_1p5CRM_steps_energy.py; scripts/20251201_14_refine_data_structure_1p5CRM_steps_co2.py; scripts/20251201_21_refine_data_structure_energy_stat.py; scripts/20251201_22_refine_data_structure_energy_stat_co2.py; scripts/20251218_02_calc_intensity_1p5CRM_balance.py; scripts/20251218_03_calc_intensity_1p5CRM_steps.py; scripts/20260316_02_redistribute_co2_elec.py; scripts/config.py,inputs/1p5CRM/20231114_1p5CRM_balance_energy_co2_rev1.xlsx; inputs/1p5CRM/20231114_1p5CRM_steps_energy_co2_rev4.xlsx; inputs/1p5CRM/20251104_05_1p5CRM_data_structure.xlsx; inputs/1p5CRM/20251120_06_1p5CRM_data_structure.xlsx; inputs/20251201_06_data_structure_common.json; inputs/GHGI/20250506_05_data_structure.xlsx; inputs/GHGI/L5-7gas_2025_gioweb_1.0_mod.xlsx; inputs/energy_stat/20250721_04_energy_statistics_data_structure.xlsx; inputs/energy_stat/20251020_05_energy_statistics_data_structure_co2.xlsx; inputs/energy_stat/list_energy_stat_excel.txt; inputs/energy_stat/stte_2010.xlsx; inputs/energy_stat/stte_2011.xlsx; inputs/energy_stat/stte_2012.xlsx; inputs/energy_stat/stte_2013.xlsx; inputs/energy_stat/stte_2014.xlsx; inputs/energy_stat/stte_2015.xlsx; inputs/energy_stat/stte_2016.xlsx; inputs/energy_stat/stte_2017.xlsx; inputs/energy_stat/stte_2018.xlsx; inputs/energy_stat/stte_2019.xlsx; inputs/energy_stat/stte_2020.xlsx; inputs/energy_stat/stte_2021.xlsx; inputs/energy_stat/stte_2022.xlsx; inputs/energy_stat/stte_2023.xlsx; outputs/20250506_GHGI/20250506_05_ghg_data.json; outputs/20250721_04_energy_stat/20250721_04_energy_stat_data_0_電力.json; outputs/20250721_04_energy_stat/20250721_04_energy_stat_data_10_都市ガス.json; outputs/20250721_04_energy_stat/20250721_04_energy_stat_data_11_再生可能エネルギー(水力を除く).json; outputs/20250721_04_energy_stat/20250721_04_energy_stat_data_12_水力発電（揚水除く）.json; outputs/20250721_04_energy_stat/20250721_04_energy_stat_data_13_揚水発電.json; outputs/20250721_04_energy_stat/20250721_04_energy_stat_data_14_未活用エネルギー.json; outputs/20250721_04_energy_stat/20250721_04_energy_stat_data_15_原子力発電.json; outputs/20250721_04_energy_stat/20250721_04_energy_stat_data_1_熱.json; outputs/20250721_04_energy_stat/20250721_04_energy_stat_data_2_合計.json; outputs/20250721_04_energy_stat/20250721_04_energy_stat_data_3_エネルギー利用.json; outputs/20250721_04_energy_stat/20250721_04_energy_stat_data_4_非エネルギー利用.json; outputs/20250721_04_energy_stat/20250721_04_energy_stat_data_5_石炭.json; outputs/20250721_04_energy_stat/20250721_04_energy_stat_data_6_石炭製品.json; outputs/20250721_04_energy_stat/20250721_04_energy_stat_data_7_原油.json; outputs/20250721_04_energy_stat/20250721_04_energy_stat_data_8_石油製品.json; outputs/20250721_04_energy_stat/20250721_04_energy_stat_data_9_天然ガス.json; outputs/20250721_04_energy_stat/20251020_05_energy_stat_co2_data_0_電力.json; outputs/20250721_04_energy_stat/20251020_05_energy_stat_co2_data_10_都市ガス.json; outputs/20250721_04_energy_stat/20251020_05_energy_stat_co2_data_11_総合計_電力･熱寄与間接排出配分後合計.json; outputs/20250721_04_energy_stat/20251020_05_energy_stat_co2_data_12_総合計_エネルギー利用分.json; outputs/20250721_04_energy_stat/20251020_05_energy_stat_co2_data_1_熱.json; outputs/20250721_04_energy_stat/20251020_05_energy_stat_co2_data_2_合計.json; outputs/20250721_04_energy_stat/20251020_05_energy_stat_co2_data_3_エネルギー利用.json; outputs/20250721_04_energy_stat/20251020_05_energy_stat_co2_data_4_非エネルギー利用.json; outputs/20250721_04_energy_stat/20251020_05_energy_stat_co2_data_5_石炭.json; outputs/20250721_04_energy_stat/20251020_05_energy_stat_co2_data_6_石炭製品.json; outputs/20250721_04_energy_stat/20251020_05_energy_stat_co2_data_7_原油.json; outputs/20250721_04_energy_stat/20251020_05_energy_stat_co2_data_8_石油製品.json; outputs/20250721_04_energy_stat/20251020_05_energy_stat_co2_data_9_天然ガス.json; outputs/20250721_04_energy_stat/list_20251020_05_energy_stat_co2_json.txt; outputs/20251118_01_1p5CRM_balance_energy/20251118_01_1p5CRM_balance_energy_data_00_石炭.json; outputs/20251118_01_1p5CRM_balance_energy/20251118_01_1p5CRM_balance_energy_data_01_石炭製品.json; outputs/20251118_01_1p5CRM_balance_energy/20251118_01_1p5CRM_balance_energy_data_02_石油製品.json; outputs/20251118_01_1p5CRM_balance_energy/20251118_01_1p5CRM_balance_energy_data_03_LPG.json; outputs/20251118_01_1p5CRM_balance_energy/20251118_01_1p5CRM_balance_energy_data_04_天然ガス.json; outputs/20251118_01_1p5CRM_balance_energy/20251118_01_1p5CRM_balance_energy_data_05_都市ガス.json; outputs/20251118_01_1p5CRM_balance_energy/20251118_01_1p5CRM_balance_energy_data_06_再生可能エネルギー(水力を除く).json; outputs/20251118_01_1p5CRM_balance_energy/20251118_01_1p5CRM_balance_energy_data_07_電力.json; outputs/20251118_01_1p5CRM_balance_energy/20251118_01_1p5CRM_balance_energy_data_08_熱.json; outputs/20251118_01_1p5CRM_balance_energy/20251118_01_1p5CRM_balance_energy_data_09_合計.json; outputs/20251118_01_1p5CRM_balance_energy/20251118_01_1p5CRM_balance_energy_data_10_エネルギー利用.json; outputs/20251118_01_1p5CRM_balance_energy/20251118_01_1p5CRM_balance_energy_data_11_非エネルギー利用.json; outputs/20251118_01_1p5CRM_balance_energy/20251118_01_1p5CRM_balance_energy_data_12_水素.json; outputs/20251118_01_1p5CRM_balance_energy/20251118_01_1p5CRM_balance_energy_data_13_合成燃料・合成メタン.json; outputs/20251118_01_1p5CRM_balance_energy/20251118_01_1p5CRM_balance_energy_data_14_非エネルギー利用(電力).json; outputs/20251118_01_1p5CRM_balance_energy/20251118_01_1p5CRM_balance_energy_data_15_非エネルギー利用(化石).json; outputs/20251118_01_1p5CRM_balance_energy/20251118_01_1p5CRM_balance_energy_data_16_非エネルギー利用(水素).json; outputs/20251118_01_1p5CRM_balance_energy/list_20251118_01_1p5CRM_balance_energy_json.txt; outputs/20251118_02_1p5CRM_balance_co2/20251118_02_1p5CRM_balance_co2_data_00_石炭.json; outputs/20251118_02_1p5CRM_balance_co2/20251118_02_1p5CRM_balance_co2_data_01_石炭製品.json; outputs/20251118_02_1p5CRM_balance_co2/20251118_02_1p5CRM_balance_co2_data_02_石油製品.json; outputs/20251118_02_1p5CRM_balance_co2/20251118_02_1p5CRM_balance_co2_data_03_LPG.json; outputs/20251118_02_1p5CRM_balance_co2/20251118_02_1p5CRM_balance_co2_data_04_天然ガス.json; outputs/20251118_02_1p5CRM_balance_co2/20251118_02_1p5CRM_balance_co2_data_05_都市ガス.json; outputs/20251118_02_1p5CRM_balance_co2/20251118_02_1p5CRM_balance_co2_data_06_再生可能エネルギー(水力を除く).json; outputs/20251118_02_1p5CRM_balance_co2/20251118_02_1p5CRM_balance_co2_data_07_電力.json; outputs/20251118_02_1p5CRM_balance_co2/20251118_02_1p5CRM_balance_co2_data_08_熱.json; outputs/20251118_02_1p5CRM_balance_co2/20251118_02_1p5CRM_balance_co2_data_09_合計.json; outputs/20251118_02_1p5CRM_balance_co2/20251118_02_1p5CRM_balance_co2_data_10_エネルギー利用.json; outputs/20251118_02_1p5CRM_balance_co2/20251118_02_1p5CRM_balance_co2_data_11_非エネルギー利用.json; outputs/20251118_02_1p5CRM_balance_co2/list_20251118_02_1p5CRM_balance_co2_json.txt; outputs/20251118_03_1p5CRM_steps_energy/20251118_03_1p5CRM_steps_energy_data_00_石炭.json; outputs/20251118_03_1p5CRM_steps_energy/20251118_03_1p5CRM_steps_energy_data_01_石炭製品.json; outputs/20251118_03_1p5CRM_steps_energy/20251118_03_1p5CRM_steps_energy_data_02_石油製品.json; outputs/20251118_03_1p5CRM_steps_energy/20251118_03_1p5CRM_steps_energy_data_03_LPG.json; outputs/20251118_03_1p5CRM_steps_energy/20251118_03_1p5CRM_steps_energy_data_04_天然ガス.json; outputs/20251118_03_1p5CRM_steps_energy/20251118_03_1p5CRM_steps_energy_data_05_都市ガス.json; outputs/20251118_03_1p5CRM_steps_energy/20251118_03_1p5CRM_steps_energy_data_06_再生可能エネルギー(水力を除く).json; outputs/20251118_03_1p5CRM_steps_energy/20251118_03_1p5CRM_steps_energy_data_07_電力.json; outputs/20251118_03_1p5CRM_steps_energy/20251118_03_1p5CRM_steps_energy_data_08_熱.json; outputs/20251118_03_1p5CRM_steps_energy/20251118_03_1p5CRM_steps_energy_data_09_合計.json; outputs/20251118_03_1p5CRM_steps_energy/20251118_03_1p5CRM_steps_energy_data_10_エネルギー利用.json; outputs/20251118_03_1p5CRM_steps_energy/20251118_03_1p5CRM_steps_energy_data_11_非エネルギー利用.json; outputs/20251118_03_1p5CRM_steps_energy/20251118_03_1p5CRM_steps_energy_data_12_水素.json; outputs/20251118_03_1p5CRM_steps_energy/20251118_03_1p5CRM_steps_energy_data_13_合成燃料・合成メタン.json; outputs/20251118_03_1p5CRM_steps_energy/20251118_03_1p5CRM_steps_energy_data_14_非エネルギー利用(電力).json; outputs/20251118_03_1p5CRM_steps_energy/20251118_03_1p5CRM_steps_energy_data_15_非エネルギー利用(化石).json; outputs/20251118_03_1p5CRM_steps_energy/20251118_03_1p5CRM_steps_energy_data_16_非エネルギー利用(水素).json; outputs/20251118_03_1p5CRM_steps_energy/list_20251118_03_1p5CRM_steps_energy_json.txt; outputs/20251118_04_1p5CRM_steps_co2/20251118_04_1p5CRM_steps_co2_data_00_石炭.json; outputs/20251118_04_1p5CRM_steps_co2/20251118_04_1p5CRM_steps_co2_data_01_石炭製品.json; outputs/20251118_04_1p5CRM_steps_co2/20251118_04_1p5CRM_steps_co2_data_02_石油製品.json; outputs/20251118_04_1p5CRM_steps_co2/20251118_04_1p5CRM_steps_co2_data_03_LPG.json; outputs/20251118_04_1p5CRM_steps_co2/20251118_04_1p5CRM_steps_co2_data_04_天然ガス.json; outputs/20251118_04_1p5CRM_steps_co2/20251118_04_1p5CRM_steps_co2_data_05_都市ガス.json; outputs/20251118_04_1p5CRM_steps_co2/20251118_04_1p5CRM_steps_co2_data_06_再生可能エネルギー(水力を除く).json; outputs/20251118_04_1p5CRM_steps_co2/20251118_04_1p5CRM_steps_co2_data_07_電力.json; outputs/20251118_04_1p5CRM_steps_co2/20251118_04_1p5CRM_steps_co2_data_08_熱.json; outputs/20251118_04_1p5CRM_steps_co2/20251118_04_1p5CRM_steps_co2_data_09_合計.json; outputs/20251118_04_1p5CRM_steps_co2/20251118_04_1p5CRM_steps_co2_data_10_エネルギー利用.json; outputs/20251118_04_1p5CRM_steps_co2/20251118_04_1p5CRM_steps_co2_data_11_非エネルギー利用.json; outputs/20251118_04_1p5CRM_steps_co2/list_20251118_04_1p5CRM_steps_co2_json.txt; outputs/20251120_21_energy_stat/list_20250721_04_energy_stat_json.txt; outputs/20251201_01_1p5CRM_balance_energy/20251201_11_1p5CRM_balance_energy_data_common_07_電力.json; outputs/20251201_01_1p5CRM_balance_energy/20251201_11_1p5CRM_balance_energy_data_common_10_エネルギー利用.json; outputs/20251201_02_1p5CRM_balance_co2/20251119_12_1p5CRM_balance_co2_data_common_07_電力.json; outputs/20251201_02_1p5CRM_balance_co2/20251119_12_1p5CRM_balance_co2_data_common_10_エネルギー利用.json; outputs/20251201_03_1p5CRM_steps_energy/20251201_13_1p5CRM_steps_energy_data_common_07_電力.json; outputs/20251201_03_1p5CRM_steps_energy/20251201_13_1p5CRM_steps_energy_data_common_10_エネルギー利用.json; outputs/20251201_04_1p5CRM_steps_co2/20251201_14_1p5CRM_steps_co2_data_common_07_電力.json; outputs/20251201_04_1p5CRM_steps_co2/20251201_14_1p5CRM_steps_co2_data_common_10_エネルギー利用.json; outputs/20251201_21_energy_stat/20251201_21_energy_stat_data_common_0_電力.json; outputs/20251201_21_energy_stat/20251201_21_energy_stat_data_common_1_熱.json; outputs/20251201_21_energy_stat/20251201_22_energy_stat_co2_data_common_0_電力.json; outputs/20251218_01_intensity/20251218_02_1p5CRM_balance_intensity_data_common_07_電力.json; outputs/20251218_01_intensity/20251218_03_1p5CRM_steps_intensity_data_common_07_電力.json; outputs/20251218_01_intensity/20260316_32_energy_stat_intensity_data_common_0_電力_RD.json,生成スクリプト不明の中間ファイルあり(既存ファイルは保持): outputs/20250721_04_energy_stat/list_20251020_05_energy_stat_co2_json.txt; outputs/20251118_01_1p5CRM_balance_energy/list_20251118_01_1p5CRM_balance_energy_json.txt; outputs/20251118_02_1p5CRM_balance_co2/list_20251118_02_1p5CRM_balance_co2_json.txt; outputs/20251118_03_1p5CRM_steps_energy/list_20251118_03_1p5CRM_steps_energy_json.txt; outputs/20251118_04_1p5CRM_steps_co2/list_20251118_04_1p5CRM_steps_co2_json.txt; outputs/20251120_21_energy_stat/list_20250721_04_energy_stat_json.txt
255,doc/report2026/figures/20260226_06_plot_co2_energy_total_cap.png,True,charts/20260226_06_plot_co2_energy_total.png,True,scripts/20260226_06_plot_co2_total.py,scripts/20250506_05_import_GHG_data.py; scripts/20250721_04_import_energy_stat.py; scripts/20251020_05_import_energy_stat_co2.py; scripts/20251118_02_import_1p5CRM_balance_co2.py; scripts/20251118_04_import_1p5CRM_steps_co2.py; scripts/20251201_12_refine_data_structure_1p5CRM_balance_co2.py; scripts/20251201_14_refine_data_structure_1p5CRM_steps_co2.py; scripts/20251201_21_refine_data_structure_energy_stat.py; scripts/20251201_22_refine_data_structure_energy_stat_co2.py; scripts/20260311_02_import_SEP_numbers.py; scripts/20260316_01_redistribute_co2.py; scripts/config.py,inputs/1p5CRM/20231114_1p5CRM_balance_energy_co2_rev1.xlsx; inputs/1p5CRM/20231114_1p5CRM_steps_energy_co2_rev4.xlsx; inputs/1p5CRM/20251104_05_1p5CRM_data_structure.xlsx; inputs/1p5CRM/20251120_06_1p5CRM_data_structure.xlsx; inputs/20251201_06_data_structure_common.json; inputs/GHGI/20250506_05_data_structure.xlsx; inputs/GHGI/L5-7gas_2025_gioweb_1.0_mod.xlsx; inputs/SEP/20260116_02_SEP_numbers.xlsx; inputs/energy_stat/20250721_04_energy_statistics_data_structure.xlsx; inputs/energy_stat/20251020_05_energy_statistics_data_structure_co2.xlsx; inputs/energy_stat/list_energy_stat_excel.txt; inputs/energy_stat/stte_2010.xlsx; inputs/energy_stat/stte_2011.xlsx; inputs/energy_stat/stte_2012.xlsx; inputs/energy_stat/stte_2013.xlsx; inputs/energy_stat/stte_2014.xlsx; inputs/energy_stat/stte_2015.xlsx; inputs/energy_stat/stte_2016.xlsx; inputs/energy_stat/stte_2017.xlsx; inputs/energy_stat/stte_2018.xlsx; inputs/energy_stat/stte_2019.xlsx; inputs/energy_stat/stte_2020.xlsx; inputs/energy_stat/stte_2021.xlsx; inputs/energy_stat/stte_2022.xlsx; inputs/energy_stat/stte_2023.xlsx; outputs/20250506_GHGI/20250506_05_ghg_data.json; outputs/20250721_04_energy_stat/20250721_04_energy_stat_data_0_電力.json; outputs/20250721_04_energy_stat/20250721_04_energy_stat_data_10_都市ガス.json; outputs/20250721_04_energy_stat/20250721_04_energy_stat_data_11_再生可能エネルギー(水力を除く).json; outputs/20250721_04_energy_stat/20250721_04_energy_stat_data_12_水力発電（揚水除く）.json; outputs/20250721_04_energy_stat/20250721_04_energy_stat_data_13_揚水発電.json; outputs/20250721_04_energy_stat/20250721_04_energy_stat_data_14_未活用エネルギー.json; outputs/20250721_04_energy_stat/20250721_04_energy_stat_data_15_原子力発電.json; outputs/20250721_04_energy_stat/20250721_04_energy_stat_data_1_熱.json; outputs/20250721_04_energy_stat/20250721_04_energy_stat_data_2_合計.json; outputs/20250721_04_energy_stat/20250721_04_energy_stat_data_3_エネルギー利用.json; outputs/20250721_04_energy_stat/20250721_04_energy_stat_data_4_非エネルギー利用.json; outputs/20250721_04_energy_stat/20250721_04_energy_stat_data_5_石炭.json; outputs/20250721_04_energy_stat/20250721_04_energy_stat_data_6_石炭製品.json; outputs/20250721_04_energy_stat/20250721_04_energy_stat_data_7_原油.json; outputs/20250721_04_energy_stat/20250721_04_energy_stat_data_8_石油製品.json; outputs/20250721_04_energy_stat/20250721_04_energy_stat_data_9_天然ガス.json; outputs/20250721_04_energy_stat/20251020_05_energy_stat_co2_data_0_電力.json; outputs/20250721_04_energy_stat/20251020_05_energy_stat_co2_data_10_都市ガス.json; outputs/20250721_04_energy_stat/20251020_05_energy_stat_co2_data_11_総合計_電力･熱寄与間接排出配分後合計.json; outputs/20250721_04_energy_stat/20251020_05_energy_stat_co2_data_12_総合計_エネルギー利用分.json; outputs/20250721_04_energy_stat/20251020_05_energy_stat_co2_data_1_熱.json; outputs/20250721_04_energy_stat/20251020_05_energy_stat_co2_data_2_合計.json; outputs/20250721_04_energy_stat/20251020_05_energy_stat_co2_data_3_エネルギー利用.json; outputs/20250721_04_energy_stat/20251020_05_energy_stat_co2_data_4_非エネルギー利用.json; outputs/20250721_04_energy_stat/20251020_05_energy_stat_co2_data_5_石炭.json; outputs/20250721_04_energy_stat/20251020_05_energy_stat_co2_data_6_石炭製品.json; outputs/20250721_04_energy_stat/20251020_05_energy_stat_co2_data_7_原油.json; outputs/20250721_04_energy_stat/20251020_05_energy_stat_co2_data_8_石油製品.json; outputs/20250721_04_energy_stat/20251020_05_energy_stat_co2_data_9_天然ガス.json; outputs/20250721_04_energy_stat/list_20251020_05_energy_stat_co2_json.txt; outputs/20251118_02_1p5CRM_balance_co2/20251118_02_1p5CRM_balance_co2_data_00_石炭.json; outputs/20251118_02_1p5CRM_balance_co2/20251118_02_1p5CRM_balance_co2_data_01_石炭製品.json; outputs/20251118_02_1p5CRM_balance_co2/20251118_02_1p5CRM_balance_co2_data_02_石油製品.json; outputs/20251118_02_1p5CRM_balance_co2/20251118_02_1p5CRM_balance_co2_data_03_LPG.json; outputs/20251118_02_1p5CRM_balance_co2/20251118_02_1p5CRM_balance_co2_data_04_天然ガス.json; outputs/20251118_02_1p5CRM_balance_co2/20251118_02_1p5CRM_balance_co2_data_05_都市ガス.json; outputs/20251118_02_1p5CRM_balance_co2/20251118_02_1p5CRM_balance_co2_data_06_再生可能エネルギー(水力を除く).json; outputs/20251118_02_1p5CRM_balance_co2/20251118_02_1p5CRM_balance_co2_data_07_電力.json; outputs/20251118_02_1p5CRM_balance_co2/20251118_02_1p5CRM_balance_co2_data_08_熱.json; outputs/20251118_02_1p5CRM_balance_co2/20251118_02_1p5CRM_balance_co2_data_09_合計.json; outputs/20251118_02_1p5CRM_balance_co2/20251118_02_1p5CRM_balance_co2_data_10_エネルギー利用.json; outputs/20251118_02_1p5CRM_balance_co2/20251118_02_1p5CRM_balance_co2_data_11_非エネルギー利用.json; outputs/20251118_02_1p5CRM_balance_co2/list_20251118_02_1p5CRM_balance_co2_json.txt; outputs/20251118_04_1p5CRM_steps_co2/20251118_04_1p5CRM_steps_co2_data_00_石炭.json; outputs/20251118_04_1p5CRM_steps_co2/20251118_04_1p5CRM_steps_co2_data_01_石炭製品.json; outputs/20251118_04_1p5CRM_steps_co2/20251118_04_1p5CRM_steps_co2_data_02_石油製品.json; outputs/20251118_04_1p5CRM_steps_co2/20251118_04_1p5CRM_steps_co2_data_03_LPG.json; outputs/20251118_04_1p5CRM_steps_co2/20251118_04_1p5CRM_steps_co2_data_04_天然ガス.json; outputs/20251118_04_1p5CRM_steps_co2/20251118_04_1p5CRM_steps_co2_data_05_都市ガス.json; outputs/20251118_04_1p5CRM_steps_co2/20251118_04_1p5CRM_steps_co2_data_06_再生可能エネルギー(水力を除く).json; outputs/20251118_04_1p5CRM_steps_co2/20251118_04_1p5CRM_steps_co2_data_07_電力.json; outputs/20251118_04_1p5CRM_steps_co2/20251118_04_1p5CRM_steps_co2_data_08_熱.json; outputs/20251118_04_1p5CRM_steps_co2/20251118_04_1p5CRM_steps_co2_data_09_合計.json; outputs/20251118_04_1p5CRM_steps_co2/20251118_04_1p5CRM_steps_co2_data_10_エネルギー利用.json; outputs/20251118_04_1p5CRM_steps_co2/20251118_04_1p5CRM_steps_co2_data_11_非エネルギー利用.json; outputs/20251118_04_1p5CRM_steps_co2/list_20251118_04_1p5CRM_steps_co2_json.txt; outputs/20251120_21_energy_stat/list_20250721_04_energy_stat_json.txt; outputs/20251201_02_1p5CRM_balance_co2/20251119_12_1p5CRM_balance_co2_data_common_10_エネルギー利用.json; outputs/20251201_04_1p5CRM_steps_co2/20251201_14_1p5CRM_steps_co2_data_common_10_エネルギー利用.json; outputs/20251201_21_energy_stat/20251201_21_energy_stat_data_common_0_電力.json; outputs/20251201_21_energy_stat/20251201_21_energy_stat_data_common_1_熱.json; outputs/20251201_21_energy_stat/20251201_21_energy_stat_data_common_3_エネルギー利用.json; outputs/20251201_21_energy_stat/20251201_22_energy_stat_co2_data_common_12_総合計_エネルギー利用分.json; outputs/20251201_21_energy_stat/20260316_32_energy_stat_co2_data_common_12_総合計_エネルギー利用分_RD.json; outputs/20251218_02_SEP/20260311_02_SEP_numbers.json,生成スクリプト不明の中間ファイルあり(既存ファイルは保持): outputs/20250721_04_energy_stat/list_20251020_05_energy_stat_co2_json.txt; outputs/20251118_02_1p5CRM_balance_co2/list_20251118_02_1p5CRM_balance_co2_json.txt; outputs/20251118_04_1p5CRM_steps_co2/list_20251118_04_1p5CRM_steps_co2_json.txt; outputs/20251120_21_energy_stat/list_20250721_04_energy_stat_json.txt
262,doc/report2026/figures/20260730_01_plot_bars_GHGI_co2_types.png,False,charts/20260730_01_plot_bars_GHGI_co2_types.png,True,scripts/20260730_01_plot_bars_GHGI_co2_types.py,scripts/config.py,inputs/GHGI/20260319GHGI_co2_fraction.xlsx,
271,doc/report2026/figures/20260205_10_plot_energy_00_産業_cap.png,True,charts/20260205_10_plot_energy_00_産業.png,True,scripts/20260205_10_plot_energy_FEC_sectors.py,scripts/20250721_04_import_energy_stat.py; scripts/20251118_01_import_1p5CRM_balance_energy.py; scripts/20251118_03_import_1p5CRM_steps_energy.py; scripts/20251201_11_refine_data_structure_1p5CRM_balance_energy.py; scripts/20251201_13_refine_data_structure_1p5CRM_steps_energy.py; scripts/20251201_21_refine_data_structure_energy_stat.py; scripts/20260311_02_import_SEP_numbers.py; scripts/config.py,inputs/1p5CRM/20231114_1p5CRM_balance_energy_co2_rev1.xlsx; inputs/1p5CRM/20231114_1p5CRM_steps_energy_co2_rev4.xlsx; inputs/1p5CRM/20251104_05_1p5CRM_data_structure.xlsx; inputs/20251201_06_data_structure_common.json; inputs/SEP/20260116_02_SEP_numbers.xlsx; inputs/energy_stat/20250721_04_energy_statistics_data_structure.xlsx; inputs/energy_stat/list_energy_stat_excel.txt; inputs/energy_stat/stte_2010.xlsx; inputs/energy_stat/stte_2011.xlsx; inputs/energy_stat/stte_2012.xlsx; inputs/energy_stat/stte_2013.xlsx; inputs/energy_stat/stte_2014.xlsx; inputs/energy_stat/stte_2015.xlsx; inputs/energy_stat/stte_2016.xlsx; inputs/energy_stat/stte_2017.xlsx; inputs/energy_stat/stte_2018.xlsx; inputs/energy_stat/stte_2019.xlsx; inputs/energy_stat/stte_2020.xlsx; inputs/energy_stat/stte_2021.xlsx; inputs/energy_stat/stte_2022.xlsx; inputs/energy_stat/stte_2023.xlsx; outputs/20250721_04_energy_stat/20250721_04_energy_stat_data_0_電力.json; outputs/20250721_04_energy_stat/20250721_04_energy_stat_data_10_都市ガス.json; outputs/20250721_04_energy_stat/20250721_04_energy_stat_data_11_再生可能エネルギー(水力を除く).json; outputs/20250721_04_energy_stat/20250721_04_energy_stat_data_12_水力発電（揚水除く）.json; outputs/20250721_04_energy_stat/20250721_04_energy_stat_data_13_揚水発電.json; outputs/20250721_04_energy_stat/20250721_04_energy_stat_data_14_未活用エネルギー.json; outputs/20250721_04_energy_stat/20250721_04_energy_stat_data_15_原子力発電.json; outputs/20250721_04_energy_stat/20250721_04_energy_stat_data_1_熱.json; outputs/20250721_04_energy_stat/20250721_04_energy_stat_data_2_合計.json; outputs/20250721_04_energy_stat/20250721_04_energy_stat_data_3_エネルギー利用.json; outputs/20250721_04_energy_stat/20250721_04_energy_stat_data_4_非エネルギー利用.json; outputs/20250721_04_energy_stat/20250721_04_energy_stat_data_5_石炭.json; outputs/20250721_04_energy_stat/20250721_04_energy_stat_data_6_石炭製品.json; outputs/20250721_04_energy_stat/20250721_04_energy_stat_data_7_原油.json; outputs/20250721_04_energy_stat/20250721_04_energy_stat_data_8_石油製品.json; outputs/20250721_04_energy_stat/20250721_04_energy_stat_data_9_天然ガス.json; outputs/20251118_01_1p5CRM_balance_energy/20251118_01_1p5CRM_balance_energy_data_00_石炭.json; outputs/20251118_01_1p5CRM_balance_energy/20251118_01_1p5CRM_balance_energy_data_01_石炭製品.json; outputs/20251118_01_1p5CRM_balance_energy/20251118_01_1p5CRM_balance_energy_data_02_石油製品.json; outputs/20251118_01_1p5CRM_balance_energy/20251118_01_1p5CRM_balance_energy_data_03_LPG.json; outputs/20251118_01_1p5CRM_balance_energy/20251118_01_1p5CRM_balance_energy_data_04_天然ガス.json; outputs/20251118_01_1p5CRM_balance_energy/20251118_01_1p5CRM_balance_energy_data_05_都市ガス.json; outputs/20251118_01_1p5CRM_balance_energy/20251118_01_1p5CRM_balance_energy_data_06_再生可能エネルギー(水力を除く).json; outputs/20251118_01_1p5CRM_balance_energy/20251118_01_1p5CRM_balance_energy_data_07_電力.json; outputs/20251118_01_1p5CRM_balance_energy/20251118_01_1p5CRM_balance_energy_data_08_熱.json; outputs/20251118_01_1p5CRM_balance_energy/20251118_01_1p5CRM_balance_energy_data_09_合計.json; outputs/20251118_01_1p5CRM_balance_energy/20251118_01_1p5CRM_balance_energy_data_10_エネルギー利用.json; outputs/20251118_01_1p5CRM_balance_energy/20251118_01_1p5CRM_balance_energy_data_11_非エネルギー利用.json; outputs/20251118_01_1p5CRM_balance_energy/20251118_01_1p5CRM_balance_energy_data_12_水素.json; outputs/20251118_01_1p5CRM_balance_energy/20251118_01_1p5CRM_balance_energy_data_13_合成燃料・合成メタン.json; outputs/20251118_01_1p5CRM_balance_energy/20251118_01_1p5CRM_balance_energy_data_14_非エネルギー利用(電力).json; outputs/20251118_01_1p5CRM_balance_energy/20251118_01_1p5CRM_balance_energy_data_15_非エネルギー利用(化石).json; outputs/20251118_01_1p5CRM_balance_energy/20251118_01_1p5CRM_balance_energy_data_16_非エネルギー利用(水素).json; outputs/20251118_01_1p5CRM_balance_energy/list_20251118_01_1p5CRM_balance_energy_json.txt; outputs/20251118_03_1p5CRM_steps_energy/20251118_03_1p5CRM_steps_energy_data_00_石炭.json; outputs/20251118_03_1p5CRM_steps_energy/20251118_03_1p5CRM_steps_energy_data_01_石炭製品.json; outputs/20251118_03_1p5CRM_steps_energy/20251118_03_1p5CRM_steps_energy_data_02_石油製品.json; outputs/20251118_03_1p5CRM_steps_energy/20251118_03_1p5CRM_steps_energy_data_03_LPG.json; outputs/20251118_03_1p5CRM_steps_energy/20251118_03_1p5CRM_steps_energy_data_04_天然ガス.json; outputs/20251118_03_1p5CRM_steps_energy/20251118_03_1p5CRM_steps_energy_data_05_都市ガス.json; outputs/20251118_03_1p5CRM_steps_energy/20251118_03_1p5CRM_steps_energy_data_06_再生可能エネルギー(水力を除く).json; outputs/20251118_03_1p5CRM_steps_energy/20251118_03_1p5CRM_steps_energy_data_07_電力.json; outputs/20251118_03_1p5CRM_steps_energy/20251118_03_1p5CRM_steps_energy_data_08_熱.json; outputs/20251118_03_1p5CRM_steps_energy/20251118_03_1p5CRM_steps_energy_data_09_合計.json; outputs/20251118_03_1p5CRM_steps_energy/20251118_03_1p5CRM_steps_energy_data_10_エネルギー利用.json; outputs/20251118_03_1p5CRM_steps_energy/20251118_03_1p5CRM_steps_energy_data_11_非エネルギー利用.json; outputs/20251118_03_1p5CRM_steps_energy/20251118_03_1p5CRM_steps_energy_data_12_水素.json; outputs/20251118_03_1p5CRM_steps_energy/20251118_03_1p5CRM_steps_energy_data_13_合成燃料・合成メタン.json; outputs/20251118_03_1p5CRM_steps_energy/20251118_03_1p5CRM_steps_energy_data_14_非エネルギー利用(電力).json; outputs/20251118_03_1p5CRM_steps_energy/20251118_03_1p5CRM_steps_energy_data_15_非エネルギー利用(化石).json; outputs/20251118_03_1p5CRM_steps_energy/20251118_03_1p5CRM_steps_energy_data_16_非エネルギー利用(水素).json; outputs/20251118_03_1p5CRM_steps_energy/list_20251118_03_1p5CRM_steps_energy_json.txt; outputs/20251120_21_energy_stat/list_20250721_04_energy_stat_json.txt; outputs/20251201_01_1p5CRM_balance_energy/20251201_11_1p5CRM_balance_energy_data_common_10_エネルギー利用.json; outputs/20251201_03_1p5CRM_steps_energy/20251201_13_1p5CRM_steps_energy_data_common_10_エネルギー利用.json; outputs/20251201_21_energy_stat/20251201_21_energy_stat_data_common_3_エネルギー利用.json; outputs/20251218_02_SEP/20260311_02_SEP_numbers.json,生成スクリプト不明の中間ファイルあり(既存ファイルは保持): outputs/20251118_01_1p5CRM_balance_energy/list_20251118_01_1p5CRM_balance_energy_json.txt; outputs/20251118_03_1p5CRM_steps_energy/list_20251118_03_1p5CRM_steps_energy_json.txt; outputs/20251120_21_energy_stat/list_20250721_04_energy_stat_json.txt
272,doc/report2026/figures/20260730_13_plot_intensity_energy_00_産業_cap.png,True,charts/20260730_13_plot_intensity_energy_00_産業.png,True,scripts/20260730_13_plot_intensity_energy_sectors.py,scripts/20250506_05_import_GHG_data.py; scripts/20250721_04_import_energy_stat.py; scripts/20251020_05_import_energy_stat_co2.py; scripts/20251118_01_import_1p5CRM_balance_energy.py; scripts/20251118_02_import_1p5CRM_balance_co2.py; scripts/20251118_03_import_1p5CRM_steps_energy.py; scripts/20251118_04_import_1p5CRM_steps_co2.py; scripts/20251201_11_refine_data_structure_1p5CRM_balance_energy.py; scripts/20251201_12_refine_data_structure_1p5CRM_balance_co2.py; scripts/20251201_13_refine_data_structure_1p5CRM_steps_energy.py; scripts/20251201_14_refine_data_structure_1p5CRM_steps_co2.py; scripts/20251201_21_refine_data_structure_energy_stat.py; scripts/20251201_22_refine_data_structure_energy_stat_co2.py; scripts/20251218_02_calc_intensity_1p5CRM_balance.py; scripts/20251218_03_calc_intensity_1p5CRM_steps.py; scripts/20260311_02_import_SEP_numbers.py; scripts/20260316_01_redistribute_co2.py; scripts/config.py,inputs/1p5CRM/20231114_1p5CRM_balance_energy_co2_rev1.xlsx; inputs/1p5CRM/20231114_1p5CRM_steps_energy_co2_rev4.xlsx; inputs/1p5CRM/20251104_05_1p5CRM_data_structure.xlsx; inputs/1p5CRM/20251120_06_1p5CRM_data_structure.xlsx; inputs/20251201_06_data_structure_common.json; inputs/GHGI/20250506_05_data_structure.xlsx; inputs/GHGI/L5-7gas_2025_gioweb_1.0_mod.xlsx; inputs/SEP/20260116_02_SEP_numbers.xlsx; inputs/energy_stat/20250721_04_energy_statistics_data_structure.xlsx; inputs/energy_stat/20251020_05_energy_statistics_data_structure_co2.xlsx; inputs/energy_stat/list_energy_stat_excel.txt; inputs/energy_stat/stte_2010.xlsx; inputs/energy_stat/stte_2011.xlsx; inputs/energy_stat/stte_2012.xlsx; inputs/energy_stat/stte_2013.xlsx; inputs/energy_stat/stte_2014.xlsx; inputs/energy_stat/stte_2015.xlsx; inputs/energy_stat/stte_2016.xlsx; inputs/energy_stat/stte_2017.xlsx; inputs/energy_stat/stte_2018.xlsx; inputs/energy_stat/stte_2019.xlsx; inputs/energy_stat/stte_2020.xlsx; inputs/energy_stat/stte_2021.xlsx; inputs/energy_stat/stte_2022.xlsx; inputs/energy_stat/stte_2023.xlsx; outputs/20250506_GHGI/20250506_05_ghg_data.json; outputs/20250721_04_energy_stat/20250721_04_energy_stat_data_0_電力.json; outputs/20250721_04_energy_stat/20250721_04_energy_stat_data_10_都市ガス.json; outputs/20250721_04_energy_stat/20250721_04_energy_stat_data_11_再生可能エネルギー(水力を除く).json; outputs/20250721_04_energy_stat/20250721_04_energy_stat_data_12_水力発電（揚水除く）.json; outputs/20250721_04_energy_stat/20250721_04_energy_stat_data_13_揚水発電.json; outputs/20250721_04_energy_stat/20250721_04_energy_stat_data_14_未活用エネルギー.json; outputs/20250721_04_energy_stat/20250721_04_energy_stat_data_15_原子力発電.json; outputs/20250721_04_energy_stat/20250721_04_energy_stat_data_1_熱.json; outputs/20250721_04_energy_stat/20250721_04_energy_stat_data_2_合計.json; outputs/20250721_04_energy_stat/20250721_04_energy_stat_data_3_エネルギー利用.json; outputs/20250721_04_energy_stat/20250721_04_energy_stat_data_4_非エネルギー利用.json; outputs/20250721_04_energy_stat/20250721_04_energy_stat_data_5_石炭.json; outputs/20250721_04_energy_stat/20250721_04_energy_stat_data_6_石炭製品.json; outputs/20250721_04_energy_stat/20250721_04_energy_stat_data_7_原油.json; outputs/20250721_04_energy_stat/20250721_04_energy_stat_data_8_石油製品.json; outputs/20250721_04_energy_stat/20250721_04_energy_stat_data_9_天然ガス.json; outputs/20250721_04_energy_stat/20251020_05_energy_stat_co2_data_0_電力.json; outputs/20250721_04_energy_stat/20251020_05_energy_stat_co2_data_10_都市ガス.json; outputs/20250721_04_energy_stat/20251020_05_energy_stat_co2_data_11_総合計_電力･熱寄与間接排出配分後合計.json; outputs/20250721_04_energy_stat/20251020_05_energy_stat_co2_data_12_総合計_エネルギー利用分.json; outputs/20250721_04_energy_stat/20251020_05_energy_stat_co2_data_1_熱.json; outputs/20250721_04_energy_stat/20251020_05_energy_stat_co2_data_2_合計.json; outputs/20250721_04_energy_stat/20251020_05_energy_stat_co2_data_3_エネルギー利用.json; outputs/20250721_04_energy_stat/20251020_05_energy_stat_co2_data_4_非エネルギー利用.json; outputs/20250721_04_energy_stat/20251020_05_energy_stat_co2_data_5_石炭.json; outputs/20250721_04_energy_stat/20251020_05_energy_stat_co2_data_6_石炭製品.json; outputs/20250721_04_energy_stat/20251020_05_energy_stat_co2_data_7_原油.json; outputs/20250721_04_energy_stat/20251020_05_energy_stat_co2_data_8_石油製品.json; outputs/20250721_04_energy_stat/20251020_05_energy_stat_co2_data_9_天然ガス.json; outputs/20250721_04_energy_stat/list_20251020_05_energy_stat_co2_json.txt; outputs/20251118_01_1p5CRM_balance_energy/20251118_01_1p5CRM_balance_energy_data_00_石炭.json; outputs/20251118_01_1p5CRM_balance_energy/20251118_01_1p5CRM_balance_energy_data_01_石炭製品.json; outputs/20251118_01_1p5CRM_balance_energy/20251118_01_1p5CRM_balance_energy_data_02_石油製品.json; outputs/20251118_01_1p5CRM_balance_energy/20251118_01_1p5CRM_balance_energy_data_03_LPG.json; outputs/20251118_01_1p5CRM_balance_energy/20251118_01_1p5CRM_balance_energy_data_04_天然ガス.json; outputs/20251118_01_1p5CRM_balance_energy/20251118_01_1p5CRM_balance_energy_data_05_都市ガス.json; outputs/20251118_01_1p5CRM_balance_energy/20251118_01_1p5CRM_balance_energy_data_06_再生可能エネルギー(水力を除く).json; outputs/20251118_01_1p5CRM_balance_energy/20251118_01_1p5CRM_balance_energy_data_07_電力.json; outputs/20251118_01_1p5CRM_balance_energy/20251118_01_1p5CRM_balance_energy_data_08_熱.json; outputs/20251118_01_1p5CRM_balance_energy/20251118_01_1p5CRM_balance_energy_data_09_合計.json; outputs/20251118_01_1p5CRM_balance_energy/20251118_01_1p5CRM_balance_energy_data_10_エネルギー利用.json; outputs/20251118_01_1p5CRM_balance_energy/20251118_01_1p5CRM_balance_energy_data_11_非エネルギー利用.json; outputs/20251118_01_1p5CRM_balance_energy/20251118_01_1p5CRM_balance_energy_data_12_水素.json; outputs/20251118_01_1p5CRM_balance_energy/20251118_01_1p5CRM_balance_energy_data_13_合成燃料・合成メタン.json; outputs/20251118_01_1p5CRM_balance_energy/20251118_01_1p5CRM_balance_energy_data_14_非エネルギー利用(電力).json; outputs/20251118_01_1p5CRM_balance_energy/20251118_01_1p5CRM_balance_energy_data_15_非エネルギー利用(化石).json; outputs/20251118_01_1p5CRM_balance_energy/20251118_01_1p5CRM_balance_energy_data_16_非エネルギー利用(水素).json; outputs/20251118_01_1p5CRM_balance_energy/list_20251118_01_1p5CRM_balance_energy_json.txt; outputs/20251118_02_1p5CRM_balance_co2/20251118_02_1p5CRM_balance_co2_data_00_石炭.json; outputs/20251118_02_1p5CRM_balance_co2/20251118_02_1p5CRM_balance_co2_data_01_石炭製品.json; outputs/20251118_02_1p5CRM_balance_co2/20251118_02_1p5CRM_balance_co2_data_02_石油製品.json; outputs/20251118_02_1p5CRM_balance_co2/20251118_02_1p5CRM_balance_co2_data_03_LPG.json; outputs/20251118_02_1p5CRM_balance_co2/20251118_02_1p5CRM_balance_co2_data_04_天然ガス.json; outputs/20251118_02_1p5CRM_balance_co2/20251118_02_1p5CRM_balance_co2_data_05_都市ガス.json; outputs/20251118_02_1p5CRM_balance_co2/20251118_02_1p5CRM_balance_co2_data_06_再生可能エネルギー(水力を除く).json; outputs/20251118_02_1p5CRM_balance_co2/20251118_02_1p5CRM_balance_co2_data_07_電力.json; outputs/20251118_02_1p5CRM_balance_co2/20251118_02_1p5CRM_balance_co2_data_08_熱.json; outputs/20251118_02_1p5CRM_balance_co2/20251118_02_1p5CRM_balance_co2_data_09_合計.json; outputs/20251118_02_1p5CRM_balance_co2/20251118_02_1p5CRM_balance_co2_data_10_エネルギー利用.json; outputs/20251118_02_1p5CRM_balance_co2/20251118_02_1p5CRM_balance_co2_data_11_非エネルギー利用.json; outputs/20251118_02_1p5CRM_balance_co2/list_20251118_02_1p5CRM_balance_co2_json.txt; outputs/20251118_03_1p5CRM_steps_energy/20251118_03_1p5CRM_steps_energy_data_00_石炭.json; outputs/20251118_03_1p5CRM_steps_energy/20251118_03_1p5CRM_steps_energy_data_01_石炭製品.json; outputs/20251118_03_1p5CRM_steps_energy/20251118_03_1p5CRM_steps_energy_data_02_石油製品.json; outputs/20251118_03_1p5CRM_steps_energy/20251118_03_1p5CRM_steps_energy_data_03_LPG.json; outputs/20251118_03_1p5CRM_steps_energy/20251118_03_1p5CRM_steps_energy_data_04_天然ガス.json; outputs/20251118_03_1p5CRM_steps_energy/20251118_03_1p5CRM_steps_energy_data_05_都市ガス.json; outputs/20251118_03_1p5CRM_steps_energy/20251118_03_1p5CRM_steps_energy_data_06_再生可能エネルギー(水力を除く).json; outputs/20251118_03_1p5CRM_steps_energy/20251118_03_1p5CRM_steps_energy_data_07_電力.json; outputs/20251118_03_1p5CRM_steps_energy/20251118_03_1p5CRM_steps_energy_data_08_熱.json; outputs/20251118_03_1p5CRM_steps_energy/20251118_03_1p5CRM_steps_energy_data_09_合計.json; outputs/20251118_03_1p5CRM_steps_energy/20251118_03_1p5CRM_steps_energy_data_10_エネルギー利用.json; outputs/20251118_03_1p5CRM_steps_energy/20251118_03_1p5CRM_steps_energy_data_11_非エネルギー利用.json; outputs/20251118_03_1p5CRM_steps_energy/20251118_03_1p5CRM_steps_energy_data_12_水素.json; outputs/20251118_03_1p5CRM_steps_energy/20251118_03_1p5CRM_steps_energy_data_13_合成燃料・合成メタン.json; outputs/20251118_03_1p5CRM_steps_energy/20251118_03_1p5CRM_steps_energy_data_14_非エネルギー利用(電力).json; outputs/20251118_03_1p5CRM_steps_energy/20251118_03_1p5CRM_steps_energy_data_15_非エネルギー利用(化石).json; outputs/20251118_03_1p5CRM_steps_energy/20251118_03_1p5CRM_steps_energy_data_16_非エネルギー利用(水素).json; outputs/20251118_03_1p5CRM_steps_energy/list_20251118_03_1p5CRM_steps_energy_json.txt; outputs/20251118_04_1p5CRM_steps_co2/20251118_04_1p5CRM_steps_co2_data_00_石炭.json; outputs/20251118_04_1p5CRM_steps_co2/20251118_04_1p5CRM_steps_co2_data_01_石炭製品.json; outputs/20251118_04_1p5CRM_steps_co2/20251118_04_1p5CRM_steps_co2_data_02_石油製品.json; outputs/20251118_04_1p5CRM_steps_co2/20251118_04_1p5CRM_steps_co2_data_03_LPG.json; outputs/20251118_04_1p5CRM_steps_co2/20251118_04_1p5CRM_steps_co2_data_04_天然ガス.json; outputs/20251118_04_1p5CRM_steps_co2/20251118_04_1p5CRM_steps_co2_data_05_都市ガス.json; outputs/20251118_04_1p5CRM_steps_co2/20251118_04_1p5CRM_steps_co2_data_06_再生可能エネルギー(水力を除く).json; outputs/20251118_04_1p5CRM_steps_co2/20251118_04_1p5CRM_steps_co2_data_07_電力.json; outputs/20251118_04_1p5CRM_steps_co2/20251118_04_1p5CRM_steps_co2_data_08_熱.json; outputs/20251118_04_1p5CRM_steps_co2/20251118_04_1p5CRM_steps_co2_data_09_合計.json; outputs/20251118_04_1p5CRM_steps_co2/20251118_04_1p5CRM_steps_co2_data_10_エネルギー利用.json; outputs/20251118_04_1p5CRM_steps_co2/20251118_04_1p5CRM_steps_co2_data_11_非エネルギー利用.json; outputs/20251118_04_1p5CRM_steps_co2/list_20251118_04_1p5CRM_steps_co2_json.txt; outputs/20251120_21_energy_stat/list_20250721_04_energy_stat_json.txt; outputs/20251201_01_1p5CRM_balance_energy/20251201_11_1p5CRM_balance_energy_data_common_07_電力.json; outputs/20251201_01_1p5CRM_balance_energy/20251201_11_1p5CRM_balance_energy_data_common_10_エネルギー利用.json; outputs/20251201_02_1p5CRM_balance_co2/20251119_12_1p5CRM_balance_co2_data_common_07_電力.json; outputs/20251201_02_1p5CRM_balance_co2/20251119_12_1p5CRM_balance_co2_data_common_10_エネルギー利用.json; outputs/20251201_03_1p5CRM_steps_energy/20251201_13_1p5CRM_steps_energy_data_common_07_電力.json; outputs/20251201_03_1p5CRM_steps_energy/20251201_13_1p5CRM_steps_energy_data_common_10_エネルギー利用.json; outputs/20251201_04_1p5CRM_steps_co2/20251201_14_1p5CRM_steps_co2_data_common_07_電力.json; outputs/20251201_04_1p5CRM_steps_co2/20251201_14_1p5CRM_steps_co2_data_common_10_エネルギー利用.json; outputs/20251201_21_energy_stat/20251201_21_energy_stat_data_common_0_電力.json; outputs/20251201_21_energy_stat/20251201_21_energy_stat_data_common_1_熱.json; outputs/20251201_21_energy_stat/20251201_21_energy_stat_data_common_3_エネルギー利用.json; outputs/20251201_21_energy_stat/20251201_22_energy_stat_co2_data_common_12_総合計_エネルギー利用分.json; outputs/20251218_01_intensity/20251218_02_1p5CRM_balance_intensity_data_common_10_エネルギー利用.json; outputs/20251218_01_intensity/20251218_03_1p5CRM_steps_intensity_data_common_10_エネルギー利用.json; outputs/20251218_01_intensity/20260316_32_energy_stat_intensity_data_common_3_エネルギー利用_RD.json; outputs/20251218_02_SEP/20260311_02_SEP_numbers.json,生成スクリプト不明の中間ファイルあり(既存ファイルは保持): outputs/20250721_04_energy_stat/list_20251020_05_energy_stat_co2_json.txt; outputs/20251118_01_1p5CRM_balance_energy/list_20251118_01_1p5CRM_balance_energy_json.txt; outputs/20251118_02_1p5CRM_balance_co2/list_20251118_02_1p5CRM_balance_co2_json.txt; outputs/20251118_03_1p5CRM_steps_energy/list_20251118_03_1p5CRM_steps_energy_json.txt; outputs/20251118_04_1p5CRM_steps_co2/list_20251118_04_1p5CRM_steps_co2_json.txt; outputs/20251120_21_energy_stat/list_20250721_04_energy_stat_json.txt
273,doc/report2026/figures/20260205_11_plot_co2_energy_00_産業_cap.png,True,charts/20260205_11_plot_co2_energy_00_産業.png,True,scripts/20260205_11_plot_co2_energy_sectors.py,scripts/20250506_05_import_GHG_data.py; scripts/20250721_04_import_energy_stat.py; scripts/20251020_05_import_energy_stat_co2.py; scripts/20251118_02_import_1p5CRM_balance_co2.py; scripts/20251118_04_import_1p5CRM_steps_co2.py; scripts/20251201_12_refine_data_structure_1p5CRM_balance_co2.py; scripts/20251201_14_refine_data_structure_1p5CRM_steps_co2.py; scripts/20251201_21_refine_data_structure_energy_stat.py; scripts/20251201_22_refine_data_structure_energy_stat_co2.py; scripts/20260311_02_import_SEP_numbers.py; scripts/20260316_01_redistribute_co2.py; scripts/config.py,inputs/1p5CRM/20231114_1p5CRM_balance_energy_co2_rev1.xlsx; inputs/1p5CRM/20231114_1p5CRM_steps_energy_co2_rev4.xlsx; inputs/1p5CRM/20251104_05_1p5CRM_data_structure.xlsx; inputs/1p5CRM/20251120_06_1p5CRM_data_structure.xlsx; inputs/20251201_06_data_structure_common.json; inputs/GHGI/20250506_05_data_structure.xlsx; inputs/GHGI/L5-7gas_2025_gioweb_1.0_mod.xlsx; inputs/SEP/20260116_02_SEP_numbers.xlsx; inputs/energy_stat/20250721_04_energy_statistics_data_structure.xlsx; inputs/energy_stat/20251020_05_energy_statistics_data_structure_co2.xlsx; inputs/energy_stat/list_energy_stat_excel.txt; inputs/energy_stat/stte_2010.xlsx; inputs/energy_stat/stte_2011.xlsx; inputs/energy_stat/stte_2012.xlsx; inputs/energy_stat/stte_2013.xlsx; inputs/energy_stat/stte_2014.xlsx; inputs/energy_stat/stte_2015.xlsx; inputs/energy_stat/stte_2016.xlsx; inputs/energy_stat/stte_2017.xlsx; inputs/energy_stat/stte_2018.xlsx; inputs/energy_stat/stte_2019.xlsx; inputs/energy_stat/stte_2020.xlsx; inputs/energy_stat/stte_2021.xlsx; inputs/energy_stat/stte_2022.xlsx; inputs/energy_stat/stte_2023.xlsx; outputs/20250506_GHGI/20250506_05_ghg_data.json; outputs/20250721_04_energy_stat/20250721_04_energy_stat_data_0_電力.json; outputs/20250721_04_energy_stat/20250721_04_energy_stat_data_10_都市ガス.json; outputs/20250721_04_energy_stat/20250721_04_energy_stat_data_11_再生可能エネルギー(水力を除く).json; outputs/20250721_04_energy_stat/20250721_04_energy_stat_data_12_水力発電（揚水除く）.json; outputs/20250721_04_energy_stat/20250721_04_energy_stat_data_13_揚水発電.json; outputs/20250721_04_energy_stat/20250721_04_energy_stat_data_14_未活用エネルギー.json; outputs/20250721_04_energy_stat/20250721_04_energy_stat_data_15_原子力発電.json; outputs/20250721_04_energy_stat/20250721_04_energy_stat_data_1_熱.json; outputs/20250721_04_energy_stat/20250721_04_energy_stat_data_2_合計.json; outputs/20250721_04_energy_stat/20250721_04_energy_stat_data_3_エネルギー利用.json; outputs/20250721_04_energy_stat/20250721_04_energy_stat_data_4_非エネルギー利用.json; outputs/20250721_04_energy_stat/20250721_04_energy_stat_data_5_石炭.json; outputs/20250721_04_energy_stat/20250721_04_energy_stat_data_6_石炭製品.json; outputs/20250721_04_energy_stat/20250721_04_energy_stat_data_7_原油.json; outputs/20250721_04_energy_stat/20250721_04_energy_stat_data_8_石油製品.json; outputs/20250721_04_energy_stat/20250721_04_energy_stat_data_9_天然ガス.json; outputs/20250721_04_energy_stat/20251020_05_energy_stat_co2_data_0_電力.json; outputs/20250721_04_energy_stat/20251020_05_energy_stat_co2_data_10_都市ガス.json; outputs/20250721_04_energy_stat/20251020_05_energy_stat_co2_data_11_総合計_電力･熱寄与間接排出配分後合計.json; outputs/20250721_04_energy_stat/20251020_05_energy_stat_co2_data_12_総合計_エネルギー利用分.json; outputs/20250721_04_energy_stat/20251020_05_energy_stat_co2_data_1_熱.json; outputs/20250721_04_energy_stat/20251020_05_energy_stat_co2_data_2_合計.json; outputs/20250721_04_energy_stat/20251020_05_energy_stat_co2_data_3_エネルギー利用.json; outputs/20250721_04_energy_stat/20251020_05_energy_stat_co2_data_4_非エネルギー利用.json; outputs/20250721_04_energy_stat/20251020_05_energy_stat_co2_data_5_石炭.json; outputs/20250721_04_energy_stat/20251020_05_energy_stat_co2_data_6_石炭製品.json; outputs/20250721_04_energy_stat/20251020_05_energy_stat_co2_data_7_原油.json; outputs/20250721_04_energy_stat/20251020_05_energy_stat_co2_data_8_石油製品.json; outputs/20250721_04_energy_stat/20251020_05_energy_stat_co2_data_9_天然ガス.json; outputs/20250721_04_energy_stat/list_20251020_05_energy_stat_co2_json.txt; outputs/20251118_02_1p5CRM_balance_co2/20251118_02_1p5CRM_balance_co2_data_00_石炭.json; outputs/20251118_02_1p5CRM_balance_co2/20251118_02_1p5CRM_balance_co2_data_01_石炭製品.json; outputs/20251118_02_1p5CRM_balance_co2/20251118_02_1p5CRM_balance_co2_data_02_石油製品.json; outputs/20251118_02_1p5CRM_balance_co2/20251118_02_1p5CRM_balance_co2_data_03_LPG.json; outputs/20251118_02_1p5CRM_balance_co2/20251118_02_1p5CRM_balance_co2_data_04_天然ガス.json; outputs/20251118_02_1p5CRM_balance_co2/20251118_02_1p5CRM_balance_co2_data_05_都市ガス.json; outputs/20251118_02_1p5CRM_balance_co2/20251118_02_1p5CRM_balance_co2_data_06_再生可能エネルギー(水力を除く).json; outputs/20251118_02_1p5CRM_balance_co2/20251118_02_1p5CRM_balance_co2_data_07_電力.json; outputs/20251118_02_1p5CRM_balance_co2/20251118_02_1p5CRM_balance_co2_data_08_熱.json; outputs/20251118_02_1p5CRM_balance_co2/20251118_02_1p5CRM_balance_co2_data_09_合計.json; outputs/20251118_02_1p5CRM_balance_co2/20251118_02_1p5CRM_balance_co2_data_10_エネルギー利用.json; outputs/20251118_02_1p5CRM_balance_co2/20251118_02_1p5CRM_balance_co2_data_11_非エネルギー利用.json; outputs/20251118_02_1p5CRM_balance_co2/list_20251118_02_1p5CRM_balance_co2_json.txt; outputs/20251118_04_1p5CRM_steps_co2/20251118_04_1p5CRM_steps_co2_data_00_石炭.json; outputs/20251118_04_1p5CRM_steps_co2/20251118_04_1p5CRM_steps_co2_data_01_石炭製品.json; outputs/20251118_04_1p5CRM_steps_co2/20251118_04_1p5CRM_steps_co2_data_02_石油製品.json; outputs/20251118_04_1p5CRM_steps_co2/20251118_04_1p5CRM_steps_co2_data_03_LPG.json; outputs/20251118_04_1p5CRM_steps_co2/20251118_04_1p5CRM_steps_co2_data_04_天然ガス.json; outputs/20251118_04_1p5CRM_steps_co2/20251118_04_1p5CRM_steps_co2_data_05_都市ガス.json; outputs/20251118_04_1p5CRM_steps_co2/20251118_04_1p5CRM_steps_co2_data_06_再生可能エネルギー(水力を除く).json; outputs/20251118_04_1p5CRM_steps_co2/20251118_04_1p5CRM_steps_co2_data_07_電力.json; outputs/20251118_04_1p5CRM_steps_co2/20251118_04_1p5CRM_steps_co2_data_08_熱.json; outputs/20251118_04_1p5CRM_steps_co2/20251118_04_1p5CRM_steps_co2_data_09_合計.json; outputs/20251118_04_1p5CRM_steps_co2/20251118_04_1p5CRM_steps_co2_data_10_エネルギー利用.json; outputs/20251118_04_1p5CRM_steps_co2/20251118_04_1p5CRM_steps_co2_data_11_非エネルギー利用.json; outputs/20251118_04_1p5CRM_steps_co2/list_20251118_04_1p5CRM_steps_co2_json.txt; outputs/20251120_21_energy_stat/list_20250721_04_energy_stat_json.txt; outputs/20251201_02_1p5CRM_balance_co2/20251119_12_1p5CRM_balance_co2_data_common_10_エネルギー利用.json; outputs/20251201_04_1p5CRM_steps_co2/20251201_14_1p5CRM_steps_co2_data_common_10_エネルギー利用.json; outputs/20251201_21_energy_stat/20251201_21_energy_stat_data_common_0_電力.json; outputs/20251201_21_energy_stat/20251201_21_energy_stat_data_common_1_熱.json; outputs/20251201_21_energy_stat/20251201_21_energy_stat_data_common_3_エネルギー利用.json; outputs/20251201_21_energy_stat/20251201_22_energy_stat_co2_data_common_12_総合計_エネルギー利用分.json; outputs/20251201_21_energy_stat/20260316_32_energy_stat_co2_data_common_12_総合計_エネルギー利用分_RD.json; outputs/20251218_02_SEP/20260311_02_SEP_numbers.json,生成スクリプト不明の中間ファイルあり(既存ファイルは保持): outputs/20250721_04_energy_stat/list_20251020_05_energy_stat_co2_json.txt; outputs/20251118_02_1p5CRM_balance_co2/list_20251118_02_1p5CRM_balance_co2_json.txt; outputs/20251118_04_1p5CRM_steps_co2/list_20251118_04_1p5CRM_steps_co2_json.txt; outputs/20251120_21_energy_stat/list_20250721_04_energy_stat_json.txt
285,doc/report2026/figures/20260205_10_plot_energy_01_製造_cap.png,True,charts/20260205_10_plot_energy_01_製造.png,True,scripts/20260205_10_plot_energy_FEC_sectors.py,scripts/20250721_04_import_energy_stat.py; scripts/20251118_01_import_1p5CRM_balance_energy.py; scripts/20251118_03_import_1p5CRM_steps_energy.py; scripts/20251201_11_refine_data_structure_1p5CRM_balance_energy.py; scripts/20251201_13_refine_data_structure_1p5CRM_steps_energy.py; scripts/20251201_21_refine_data_structure_energy_stat.py; scripts/20260311_02_import_SEP_numbers.py; scripts/config.py,inputs/1p5CRM/20231114_1p5CRM_balance_energy_co2_rev1.xlsx; inputs/1p5CRM/20231114_1p5CRM_steps_energy_co2_rev4.xlsx; inputs/1p5CRM/20251104_05_1p5CRM_data_structure.xlsx; inputs/20251201_06_data_structure_common.json; inputs/SEP/20260116_02_SEP_numbers.xlsx; inputs/energy_stat/20250721_04_energy_statistics_data_structure.xlsx; inputs/energy_stat/list_energy_stat_excel.txt; inputs/energy_stat/stte_2010.xlsx; inputs/energy_stat/stte_2011.xlsx; inputs/energy_stat/stte_2012.xlsx; inputs/energy_stat/stte_2013.xlsx; inputs/energy_stat/stte_2014.xlsx; inputs/energy_stat/stte_2015.xlsx; inputs/energy_stat/stte_2016.xlsx; inputs/energy_stat/stte_2017.xlsx; inputs/energy_stat/stte_2018.xlsx; inputs/energy_stat/stte_2019.xlsx; inputs/energy_stat/stte_2020.xlsx; inputs/energy_stat/stte_2021.xlsx; inputs/energy_stat/stte_2022.xlsx; inputs/energy_stat/stte_2023.xlsx; outputs/20250721_04_energy_stat/20250721_04_energy_stat_data_0_電力.json; outputs/20250721_04_energy_stat/20250721_04_energy_stat_data_10_都市ガス.json; outputs/20250721_04_energy_stat/20250721_04_energy_stat_data_11_再生可能エネルギー(水力を除く).json; outputs/20250721_04_energy_stat/20250721_04_energy_stat_data_12_水力発電（揚水除く）.json; outputs/20250721_04_energy_stat/20250721_04_energy_stat_data_13_揚水発電.json; outputs/20250721_04_energy_stat/20250721_04_energy_stat_data_14_未活用エネルギー.json; outputs/20250721_04_energy_stat/20250721_04_energy_stat_data_15_原子力発電.json; outputs/20250721_04_energy_stat/20250721_04_energy_stat_data_1_熱.json; outputs/20250721_04_energy_stat/20250721_04_energy_stat_data_2_合計.json; outputs/20250721_04_energy_stat/20250721_04_energy_stat_data_3_エネルギー利用.json; outputs/20250721_04_energy_stat/20250721_04_energy_stat_data_4_非エネルギー利用.json; outputs/20250721_04_energy_stat/20250721_04_energy_stat_data_5_石炭.json; outputs/20250721_04_energy_stat/20250721_04_energy_stat_data_6_石炭製品.json; outputs/20250721_04_energy_stat/20250721_04_energy_stat_data_7_原油.json; outputs/20250721_04_energy_stat/20250721_04_energy_stat_data_8_石油製品.json; outputs/20250721_04_energy_stat/20250721_04_energy_stat_data_9_天然ガス.json; outputs/20251118_01_1p5CRM_balance_energy/20251118_01_1p5CRM_balance_energy_data_00_石炭.json; outputs/20251118_01_1p5CRM_balance_energy/20251118_01_1p5CRM_balance_energy_data_01_石炭製品.json; outputs/20251118_01_1p5CRM_balance_energy/20251118_01_1p5CRM_balance_energy_data_02_石油製品.json; outputs/20251118_01_1p5CRM_balance_energy/20251118_01_1p5CRM_balance_energy_data_03_LPG.json; outputs/20251118_01_1p5CRM_balance_energy/20251118_01_1p5CRM_balance_energy_data_04_天然ガス.json; outputs/20251118_01_1p5CRM_balance_energy/20251118_01_1p5CRM_balance_energy_data_05_都市ガス.json; outputs/20251118_01_1p5CRM_balance_energy/20251118_01_1p5CRM_balance_energy_data_06_再生可能エネルギー(水力を除く).json; outputs/20251118_01_1p5CRM_balance_energy/20251118_01_1p5CRM_balance_energy_data_07_電力.json; outputs/20251118_01_1p5CRM_balance_energy/20251118_01_1p5CRM_balance_energy_data_08_熱.json; outputs/20251118_01_1p5CRM_balance_energy/20251118_01_1p5CRM_balance_energy_data_09_合計.json; outputs/20251118_01_1p5CRM_balance_energy/20251118_01_1p5CRM_balance_energy_data_10_エネルギー利用.json; outputs/20251118_01_1p5CRM_balance_energy/20251118_01_1p5CRM_balance_energy_data_11_非エネルギー利用.json; outputs/20251118_01_1p5CRM_balance_energy/20251118_01_1p5CRM_balance_energy_data_12_水素.json; outputs/20251118_01_1p5CRM_balance_energy/20251118_01_1p5CRM_balance_energy_data_13_合成燃料・合成メタン.json; outputs/20251118_01_1p5CRM_balance_energy/20251118_01_1p5CRM_balance_energy_data_14_非エネルギー利用(電力).json; outputs/20251118_01_1p5CRM_balance_energy/20251118_01_1p5CRM_balance_energy_data_15_非エネルギー利用(化石).json; outputs/20251118_01_1p5CRM_balance_energy/20251118_01_1p5CRM_balance_energy_data_16_非エネルギー利用(水素).json; outputs/20251118_01_1p5CRM_balance_energy/list_20251118_01_1p5CRM_balance_energy_json.txt; outputs/20251118_03_1p5CRM_steps_energy/20251118_03_1p5CRM_steps_energy_data_00_石炭.json; outputs/20251118_03_1p5CRM_steps_energy/20251118_03_1p5CRM_steps_energy_data_01_石炭製品.json; outputs/20251118_03_1p5CRM_steps_energy/20251118_03_1p5CRM_steps_energy_data_02_石油製品.json; outputs/20251118_03_1p5CRM_steps_energy/20251118_03_1p5CRM_steps_energy_data_03_LPG.json; outputs/20251118_03_1p5CRM_steps_energy/20251118_03_1p5CRM_steps_energy_data_04_天然ガス.json; outputs/20251118_03_1p5CRM_steps_energy/20251118_03_1p5CRM_steps_energy_data_05_都市ガス.json; outputs/20251118_03_1p5CRM_steps_energy/20251118_03_1p5CRM_steps_energy_data_06_再生可能エネルギー(水力を除く).json; outputs/20251118_03_1p5CRM_steps_energy/20251118_03_1p5CRM_steps_energy_data_07_電力.json; outputs/20251118_03_1p5CRM_steps_energy/20251118_03_1p5CRM_steps_energy_data_08_熱.json; outputs/20251118_03_1p5CRM_steps_energy/20251118_03_1p5CRM_steps_energy_data_09_合計.json; outputs/20251118_03_1p5CRM_steps_energy/20251118_03_1p5CRM_steps_energy_data_10_エネルギー利用.json; outputs/20251118_03_1p5CRM_steps_energy/20251118_03_1p5CRM_steps_energy_data_11_非エネルギー利用.json; outputs/20251118_03_1p5CRM_steps_energy/20251118_03_1p5CRM_steps_energy_data_12_水素.json; outputs/20251118_03_1p5CRM_steps_energy/20251118_03_1p5CRM_steps_energy_data_13_合成燃料・合成メタン.json; outputs/20251118_03_1p5CRM_steps_energy/20251118_03_1p5CRM_steps_energy_data_14_非エネルギー利用(電力).json; outputs/20251118_03_1p5CRM_steps_energy/20251118_03_1p5CRM_steps_energy_data_15_非エネルギー利用(化石).json; outputs/20251118_03_1p5CRM_steps_energy/20251118_03_1p5CRM_steps_energy_data_16_非エネルギー利用(水素).json; outputs/20251118_03_1p5CRM_steps_energy/list_20251118_03_1p5CRM_steps_energy_json.txt; outputs/20251120_21_energy_stat/list_20250721_04_energy_stat_json.txt; outputs/20251201_01_1p5CRM_balance_energy/20251201_11_1p5CRM_balance_energy_data_common_10_エネルギー利用.json; outputs/20251201_03_1p5CRM_steps_energy/20251201_13_1p5CRM_steps_energy_data_common_10_エネルギー利用.json; outputs/20251201_21_energy_stat/20251201_21_energy_stat_data_common_3_エネルギー利用.json; outputs/20251218_02_SEP/20260311_02_SEP_numbers.json,生成スクリプト不明の中間ファイルあり(既存ファイルは保持): outputs/20251118_01_1p5CRM_balance_energy/list_20251118_01_1p5CRM_balance_energy_json.txt; outputs/20251118_03_1p5CRM_steps_energy/list_20251118_03_1p5CRM_steps_energy_json.txt; outputs/20251120_21_energy_stat/list_20250721_04_energy_stat_json.txt
286,doc/report2026/figures/20260730_13_plot_intensity_energy_01_製造_cap.png,True,charts/20260730_13_plot_intensity_energy_01_製造.png,True,scripts/20260730_13_plot_intensity_energy_sectors.py,scripts/20250506_05_import_GHG_data.py; scripts/20250721_04_import_energy_stat.py; scripts/20251020_05_import_energy_stat_co2.py; scripts/20251118_01_import_1p5CRM_balance_energy.py; scripts/20251118_02_import_1p5CRM_balance_co2.py; scripts/20251118_03_import_1p5CRM_steps_energy.py; scripts/20251118_04_import_1p5CRM_steps_co2.py; scripts/20251201_11_refine_data_structure_1p5CRM_balance_energy.py; scripts/20251201_12_refine_data_structure_1p5CRM_balance_co2.py; scripts/20251201_13_refine_data_structure_1p5CRM_steps_energy.py; scripts/20251201_14_refine_data_structure_1p5CRM_steps_co2.py; scripts/20251201_21_refine_data_structure_energy_stat.py; scripts/20251201_22_refine_data_structure_energy_stat_co2.py; scripts/20251218_02_calc_intensity_1p5CRM_balance.py; scripts/20251218_03_calc_intensity_1p5CRM_steps.py; scripts/20260311_02_import_SEP_numbers.py; scripts/20260316_01_redistribute_co2.py; scripts/config.py,inputs/1p5CRM/20231114_1p5CRM_balance_energy_co2_rev1.xlsx; inputs/1p5CRM/20231114_1p5CRM_steps_energy_co2_rev4.xlsx; inputs/1p5CRM/20251104_05_1p5CRM_data_structure.xlsx; inputs/1p5CRM/20251120_06_1p5CRM_data_structure.xlsx; inputs/20251201_06_data_structure_common.json; inputs/GHGI/20250506_05_data_structure.xlsx; inputs/GHGI/L5-7gas_2025_gioweb_1.0_mod.xlsx; inputs/SEP/20260116_02_SEP_numbers.xlsx; inputs/energy_stat/20250721_04_energy_statistics_data_structure.xlsx; inputs/energy_stat/20251020_05_energy_statistics_data_structure_co2.xlsx; inputs/energy_stat/list_energy_stat_excel.txt; inputs/energy_stat/stte_2010.xlsx; inputs/energy_stat/stte_2011.xlsx; inputs/energy_stat/stte_2012.xlsx; inputs/energy_stat/stte_2013.xlsx; inputs/energy_stat/stte_2014.xlsx; inputs/energy_stat/stte_2015.xlsx; inputs/energy_stat/stte_2016.xlsx; inputs/energy_stat/stte_2017.xlsx; inputs/energy_stat/stte_2018.xlsx; inputs/energy_stat/stte_2019.xlsx; inputs/energy_stat/stte_2020.xlsx; inputs/energy_stat/stte_2021.xlsx; inputs/energy_stat/stte_2022.xlsx; inputs/energy_stat/stte_2023.xlsx; outputs/20250506_GHGI/20250506_05_ghg_data.json; outputs/20250721_04_energy_stat/20250721_04_energy_stat_data_0_電力.json; outputs/20250721_04_energy_stat/20250721_04_energy_stat_data_10_都市ガス.json; outputs/20250721_04_energy_stat/20250721_04_energy_stat_data_11_再生可能エネルギー(水力を除く).json; outputs/20250721_04_energy_stat/20250721_04_energy_stat_data_12_水力発電（揚水除く）.json; outputs/20250721_04_energy_stat/20250721_04_energy_stat_data_13_揚水発電.json; outputs/20250721_04_energy_stat/20250721_04_energy_stat_data_14_未活用エネルギー.json; outputs/20250721_04_energy_stat/20250721_04_energy_stat_data_15_原子力発電.json; outputs/20250721_04_energy_stat/20250721_04_energy_stat_data_1_熱.json; outputs/20250721_04_energy_stat/20250721_04_energy_stat_data_2_合計.json; outputs/20250721_04_energy_stat/20250721_04_energy_stat_data_3_エネルギー利用.json; outputs/20250721_04_energy_stat/20250721_04_energy_stat_data_4_非エネルギー利用.json; outputs/20250721_04_energy_stat/20250721_04_energy_stat_data_5_石炭.json; outputs/20250721_04_energy_stat/20250721_04_energy_stat_data_6_石炭製品.json; outputs/20250721_04_energy_stat/20250721_04_energy_stat_data_7_原油.json; outputs/20250721_04_energy_stat/20250721_04_energy_stat_data_8_石油製品.json; outputs/20250721_04_energy_stat/20250721_04_energy_stat_data_9_天然ガス.json; outputs/20250721_04_energy_stat/20251020_05_energy_stat_co2_data_0_電力.json; outputs/20250721_04_energy_stat/20251020_05_energy_stat_co2_data_10_都市ガス.json; outputs/20250721_04_energy_stat/20251020_05_energy_stat_co2_data_11_総合計_電力･熱寄与間接排出配分後合計.json; outputs/20250721_04_energy_stat/20251020_05_energy_stat_co2_data_12_総合計_エネルギー利用分.json; outputs/20250721_04_energy_stat/20251020_05_energy_stat_co2_data_1_熱.json; outputs/20250721_04_energy_stat/20251020_05_energy_stat_co2_data_2_合計.json; outputs/20250721_04_energy_stat/20251020_05_energy_stat_co2_data_3_エネルギー利用.json; outputs/20250721_04_energy_stat/20251020_05_energy_stat_co2_data_4_非エネルギー利用.json; outputs/20250721_04_energy_stat/20251020_05_energy_stat_co2_data_5_石炭.json; outputs/20250721_04_energy_stat/20251020_05_energy_stat_co2_data_6_石炭製品.json; outputs/20250721_04_energy_stat/20251020_05_energy_stat_co2_data_7_原油.json; outputs/20250721_04_energy_stat/20251020_05_energy_stat_co2_data_8_石油製品.json; outputs/20250721_04_energy_stat/20251020_05_energy_stat_co2_data_9_天然ガス.json; outputs/20250721_04_energy_stat/list_20251020_05_energy_stat_co2_json.txt; outputs/20251118_01_1p5CRM_balance_energy/20251118_01_1p5CRM_balance_energy_data_00_石炭.json; outputs/20251118_01_1p5CRM_balance_energy/20251118_01_1p5CRM_balance_energy_data_01_石炭製品.json; outputs/20251118_01_1p5CRM_balance_energy/20251118_01_1p5CRM_balance_energy_data_02_石油製品.json; outputs/20251118_01_1p5CRM_balance_energy/20251118_01_1p5CRM_balance_energy_data_03_LPG.json; outputs/20251118_01_1p5CRM_balance_energy/20251118_01_1p5CRM_balance_energy_data_04_天然ガス.json; outputs/20251118_01_1p5CRM_balance_energy/20251118_01_1p5CRM_balance_energy_data_05_都市ガス.json; outputs/20251118_01_1p5CRM_balance_energy/20251118_01_1p5CRM_balance_energy_data_06_再生可能エネルギー(水力を除く).json; outputs/20251118_01_1p5CRM_balance_energy/20251118_01_1p5CRM_balance_energy_data_07_電力.json; outputs/20251118_01_1p5CRM_balance_energy/20251118_01_1p5CRM_balance_energy_data_08_熱.json; outputs/20251118_01_1p5CRM_balance_energy/20251118_01_1p5CRM_balance_energy_data_09_合計.json; outputs/20251118_01_1p5CRM_balance_energy/20251118_01_1p5CRM_balance_energy_data_10_エネルギー利用.json; outputs/20251118_01_1p5CRM_balance_energy/20251118_01_1p5CRM_balance_energy_data_11_非エネルギー利用.json; outputs/20251118_01_1p5CRM_balance_energy/20251118_01_1p5CRM_balance_energy_data_12_水素.json; outputs/20251118_01_1p5CRM_balance_energy/20251118_01_1p5CRM_balance_energy_data_13_合成燃料・合成メタン.json; outputs/20251118_01_1p5CRM_balance_energy/20251118_01_1p5CRM_balance_energy_data_14_非エネルギー利用(電力).json; outputs/20251118_01_1p5CRM_balance_energy/20251118_01_1p5CRM_balance_energy_data_15_非エネルギー利用(化石).json; outputs/20251118_01_1p5CRM_balance_energy/20251118_01_1p5CRM_balance_energy_data_16_非エネルギー利用(水素).json; outputs/20251118_01_1p5CRM_balance_energy/list_20251118_01_1p5CRM_balance_energy_json.txt; outputs/20251118_02_1p5CRM_balance_co2/20251118_02_1p5CRM_balance_co2_data_00_石炭.json; outputs/20251118_02_1p5CRM_balance_co2/20251118_02_1p5CRM_balance_co2_data_01_石炭製品.json; outputs/20251118_02_1p5CRM_balance_co2/20251118_02_1p5CRM_balance_co2_data_02_石油製品.json; outputs/20251118_02_1p5CRM_balance_co2/20251118_02_1p5CRM_balance_co2_data_03_LPG.json; outputs/20251118_02_1p5CRM_balance_co2/20251118_02_1p5CRM_balance_co2_data_04_天然ガス.json; outputs/20251118_02_1p5CRM_balance_co2/20251118_02_1p5CRM_balance_co2_data_05_都市ガス.json; outputs/20251118_02_1p5CRM_balance_co2/20251118_02_1p5CRM_balance_co2_data_06_再生可能エネルギー(水力を除く).json; outputs/20251118_02_1p5CRM_balance_co2/20251118_02_1p5CRM_balance_co2_data_07_電力.json; outputs/20251118_02_1p5CRM_balance_co2/20251118_02_1p5CRM_balance_co2_data_08_熱.json; outputs/20251118_02_1p5CRM_balance_co2/20251118_02_1p5CRM_balance_co2_data_09_合計.json; outputs/20251118_02_1p5CRM_balance_co2/20251118_02_1p5CRM_balance_co2_data_10_エネルギー利用.json; outputs/20251118_02_1p5CRM_balance_co2/20251118_02_1p5CRM_balance_co2_data_11_非エネルギー利用.json; outputs/20251118_02_1p5CRM_balance_co2/list_20251118_02_1p5CRM_balance_co2_json.txt; outputs/20251118_03_1p5CRM_steps_energy/20251118_03_1p5CRM_steps_energy_data_00_石炭.json; outputs/20251118_03_1p5CRM_steps_energy/20251118_03_1p5CRM_steps_energy_data_01_石炭製品.json; outputs/20251118_03_1p5CRM_steps_energy/20251118_03_1p5CRM_steps_energy_data_02_石油製品.json; outputs/20251118_03_1p5CRM_steps_energy/20251118_03_1p5CRM_steps_energy_data_03_LPG.json; outputs/20251118_03_1p5CRM_steps_energy/20251118_03_1p5CRM_steps_energy_data_04_天然ガス.json; outputs/20251118_03_1p5CRM_steps_energy/20251118_03_1p5CRM_steps_energy_data_05_都市ガス.json; outputs/20251118_03_1p5CRM_steps_energy/20251118_03_1p5CRM_steps_energy_data_06_再生可能エネルギー(水力を除く).json; outputs/20251118_03_1p5CRM_steps_energy/20251118_03_1p5CRM_steps_energy_data_07_電力.json; outputs/20251118_03_1p5CRM_steps_energy/20251118_03_1p5CRM_steps_energy_data_08_熱.json; outputs/20251118_03_1p5CRM_steps_energy/20251118_03_1p5CRM_steps_energy_data_09_合計.json; outputs/20251118_03_1p5CRM_steps_energy/20251118_03_1p5CRM_steps_energy_data_10_エネルギー利用.json; outputs/20251118_03_1p5CRM_steps_energy/20251118_03_1p5CRM_steps_energy_data_11_非エネルギー利用.json; outputs/20251118_03_1p5CRM_steps_energy/20251118_03_1p5CRM_steps_energy_data_12_水素.json; outputs/20251118_03_1p5CRM_steps_energy/20251118_03_1p5CRM_steps_energy_data_13_合成燃料・合成メタン.json; outputs/20251118_03_1p5CRM_steps_energy/20251118_03_1p5CRM_steps_energy_data_14_非エネルギー利用(電力).json; outputs/20251118_03_1p5CRM_steps_energy/20251118_03_1p5CRM_steps_energy_data_15_非エネルギー利用(化石).json; outputs/20251118_03_1p5CRM_steps_energy/20251118_03_1p5CRM_steps_energy_data_16_非エネルギー利用(水素).json; outputs/20251118_03_1p5CRM_steps_energy/list_20251118_03_1p5CRM_steps_energy_json.txt; outputs/20251118_04_1p5CRM_steps_co2/20251118_04_1p5CRM_steps_co2_data_00_石炭.json; outputs/20251118_04_1p5CRM_steps_co2/20251118_04_1p5CRM_steps_co2_data_01_石炭製品.json; outputs/20251118_04_1p5CRM_steps_co2/20251118_04_1p5CRM_steps_co2_data_02_石油製品.json; outputs/20251118_04_1p5CRM_steps_co2/20251118_04_1p5CRM_steps_co2_data_03_LPG.json; outputs/20251118_04_1p5CRM_steps_co2/20251118_04_1p5CRM_steps_co2_data_04_天然ガス.json; outputs/20251118_04_1p5CRM_steps_co2/20251118_04_1p5CRM_steps_co2_data_05_都市ガス.json; outputs/20251118_04_1p5CRM_steps_co2/20251118_04_1p5CRM_steps_co2_data_06_再生可能エネルギー(水力を除く).json; outputs/20251118_04_1p5CRM_steps_co2/20251118_04_1p5CRM_steps_co2_data_07_電力.json; outputs/20251118_04_1p5CRM_steps_co2/20251118_04_1p5CRM_steps_co2_data_08_熱.json; outputs/20251118_04_1p5CRM_steps_co2/20251118_04_1p5CRM_steps_co2_data_09_合計.json; outputs/20251118_04_1p5CRM_steps_co2/20251118_04_1p5CRM_steps_co2_data_10_エネルギー利用.json; outputs/20251118_04_1p5CRM_steps_co2/20251118_04_1p5CRM_steps_co2_data_11_非エネルギー利用.json; outputs/20251118_04_1p5CRM_steps_co2/list_20251118_04_1p5CRM_steps_co2_json.txt; outputs/20251120_21_energy_stat/list_20250721_04_energy_stat_json.txt; outputs/20251201_01_1p5CRM_balance_energy/20251201_11_1p5CRM_balance_energy_data_common_07_電力.json; outputs/20251201_01_1p5CRM_balance_energy/20251201_11_1p5CRM_balance_energy_data_common_10_エネルギー利用.json; outputs/20251201_02_1p5CRM_balance_co2/20251119_12_1p5CRM_balance_co2_data_common_07_電力.json; outputs/20251201_02_1p5CRM_balance_co2/20251119_12_1p5CRM_balance_co2_data_common_10_エネルギー利用.json; outputs/20251201_03_1p5CRM_steps_energy/20251201_13_1p5CRM_steps_energy_data_common_07_電力.json; outputs/20251201_03_1p5CRM_steps_energy/20251201_13_1p5CRM_steps_energy_data_common_10_エネルギー利用.json; outputs/20251201_04_1p5CRM_steps_co2/20251201_14_1p5CRM_steps_co2_data_common_07_電力.json; outputs/20251201_04_1p5CRM_steps_co2/20251201_14_1p5CRM_steps_co2_data_common_10_エネルギー利用.json; outputs/20251201_21_energy_stat/20251201_21_energy_stat_data_common_0_電力.json; outputs/20251201_21_energy_stat/20251201_21_energy_stat_data_common_1_熱.json; outputs/20251201_21_energy_stat/20251201_21_energy_stat_data_common_3_エネルギー利用.json; outputs/20251201_21_energy_stat/20251201_22_energy_stat_co2_data_common_12_総合計_エネルギー利用分.json; outputs/20251218_01_intensity/20251218_02_1p5CRM_balance_intensity_data_common_10_エネルギー利用.json; outputs/20251218_01_intensity/20251218_03_1p5CRM_steps_intensity_data_common_10_エネルギー利用.json; outputs/20251218_01_intensity/20260316_32_energy_stat_intensity_data_common_3_エネルギー利用_RD.json; outputs/20251218_02_SEP/20260311_02_SEP_numbers.json,生成スクリプト不明の中間ファイルあり(既存ファイルは保持): outputs/20250721_04_energy_stat/list_20251020_05_energy_stat_co2_json.txt; outputs/20251118_01_1p5CRM_balance_energy/list_20251118_01_1p5CRM_balance_energy_json.txt; outputs/20251118_02_1p5CRM_balance_co2/list_20251118_02_1p5CRM_balance_co2_json.txt; outputs/20251118_03_1p5CRM_steps_energy/list_20251118_03_1p5CRM_steps_energy_json.txt; outputs/20251118_04_1p5CRM_steps_co2/list_20251118_04_1p5CRM_steps_co2_json.txt; outputs/20251120_21_energy_stat/list_20250721_04_energy_stat_json.txt
287,doc/report2026/figures/20260205_11_plot_co2_energy_01_製造_cap.png,True,charts/20260205_11_plot_co2_energy_01_製造.png,True,scripts/20260205_11_plot_co2_energy_sectors.py,scripts/20250506_05_import_GHG_data.py; scripts/20250721_04_import_energy_stat.py; scripts/20251020_05_import_energy_stat_co2.py; scripts/20251118_02_import_1p5CRM_balance_co2.py; scripts/20251118_04_import_1p5CRM_steps_co2.py; scripts/20251201_12_refine_data_structure_1p5CRM_balance_co2.py; scripts/20251201_14_refine_data_structure_1p5CRM_steps_co2.py; scripts/20251201_21_refine_data_structure_energy_stat.py; scripts/20251201_22_refine_data_structure_energy_stat_co2.py; scripts/20260311_02_import_SEP_numbers.py; scripts/20260316_01_redistribute_co2.py; scripts/config.py,inputs/1p5CRM/20231114_1p5CRM_balance_energy_co2_rev1.xlsx; inputs/1p5CRM/20231114_1p5CRM_steps_energy_co2_rev4.xlsx; inputs/1p5CRM/20251104_05_1p5CRM_data_structure.xlsx; inputs/1p5CRM/20251120_06_1p5CRM_data_structure.xlsx; inputs/20251201_06_data_structure_common.json; inputs/GHGI/20250506_05_data_structure.xlsx; inputs/GHGI/L5-7gas_2025_gioweb_1.0_mod.xlsx; inputs/SEP/20260116_02_SEP_numbers.xlsx; inputs/energy_stat/20250721_04_energy_statistics_data_structure.xlsx; inputs/energy_stat/20251020_05_energy_statistics_data_structure_co2.xlsx; inputs/energy_stat/list_energy_stat_excel.txt; inputs/energy_stat/stte_2010.xlsx; inputs/energy_stat/stte_2011.xlsx; inputs/energy_stat/stte_2012.xlsx; inputs/energy_stat/stte_2013.xlsx; inputs/energy_stat/stte_2014.xlsx; inputs/energy_stat/stte_2015.xlsx; inputs/energy_stat/stte_2016.xlsx; inputs/energy_stat/stte_2017.xlsx; inputs/energy_stat/stte_2018.xlsx; inputs/energy_stat/stte_2019.xlsx; inputs/energy_stat/stte_2020.xlsx; inputs/energy_stat/stte_2021.xlsx; inputs/energy_stat/stte_2022.xlsx; inputs/energy_stat/stte_2023.xlsx; outputs/20250506_GHGI/20250506_05_ghg_data.json; outputs/20250721_04_energy_stat/20250721_04_energy_stat_data_0_電力.json; outputs/20250721_04_energy_stat/20250721_04_energy_stat_data_10_都市ガス.json; outputs/20250721_04_energy_stat/20250721_04_energy_stat_data_11_再生可能エネルギー(水力を除く).json; outputs/20250721_04_energy_stat/20250721_04_energy_stat_data_12_水力発電（揚水除く）.json; outputs/20250721_04_energy_stat/20250721_04_energy_stat_data_13_揚水発電.json; outputs/20250721_04_energy_stat/20250721_04_energy_stat_data_14_未活用エネルギー.json; outputs/20250721_04_energy_stat/20250721_04_energy_stat_data_15_原子力発電.json; outputs/20250721_04_energy_stat/20250721_04_energy_stat_data_1_熱.json; outputs/20250721_04_energy_stat/20250721_04_energy_stat_data_2_合計.json; outputs/20250721_04_energy_stat/20250721_04_energy_stat_data_3_エネルギー利用.json; outputs/20250721_04_energy_stat/20250721_04_energy_stat_data_4_非エネルギー利用.json; outputs/20250721_04_energy_stat/20250721_04_energy_stat_data_5_石炭.json; outputs/20250721_04_energy_stat/20250721_04_energy_stat_data_6_石炭製品.json; outputs/20250721_04_energy_stat/20250721_04_energy_stat_data_7_原油.json; outputs/20250721_04_energy_stat/20250721_04_energy_stat_data_8_石油製品.json; outputs/20250721_04_energy_stat/20250721_04_energy_stat_data_9_天然ガス.json; outputs/20250721_04_energy_stat/20251020_05_energy_stat_co2_data_0_電力.json; outputs/20250721_04_energy_stat/20251020_05_energy_stat_co2_data_10_都市ガス.json; outputs/20250721_04_energy_stat/20251020_05_energy_stat_co2_data_11_総合計_電力･熱寄与間接排出配分後合計.json; outputs/20250721_04_energy_stat/20251020_05_energy_stat_co2_data_12_総合計_エネルギー利用分.json; outputs/20250721_04_energy_stat/20251020_05_energy_stat_co2_data_1_熱.json; outputs/20250721_04_energy_stat/20251020_05_energy_stat_co2_data_2_合計.json; outputs/20250721_04_energy_stat/20251020_05_energy_stat_co2_data_3_エネルギー利用.json; outputs/20250721_04_energy_stat/20251020_05_energy_stat_co2_data_4_非エネルギー利用.json; outputs/20250721_04_energy_stat/20251020_05_energy_stat_co2_data_5_石炭.json; outputs/20250721_04_energy_stat/20251020_05_energy_stat_co2_data_6_石炭製品.json; outputs/20250721_04_energy_stat/20251020_05_energy_stat_co2_data_7_原油.json; outputs/20250721_04_energy_stat/20251020_05_energy_stat_co2_data_8_石油製品.json; outputs/20250721_04_energy_stat/20251020_05_energy_stat_co2_data_9_天然ガス.json; outputs/20250721_04_energy_stat/list_20251020_05_energy_stat_co2_json.txt; outputs/20251118_02_1p5CRM_balance_co2/20251118_02_1p5CRM_balance_co2_data_00_石炭.json; outputs/20251118_02_1p5CRM_balance_co2/20251118_02_1p5CRM_balance_co2_data_01_石炭製品.json; outputs/20251118_02_1p5CRM_balance_co2/20251118_02_1p5CRM_balance_co2_data_02_石油製品.json; outputs/20251118_02_1p5CRM_balance_co2/20251118_02_1p5CRM_balance_co2_data_03_LPG.json; outputs/20251118_02_1p5CRM_balance_co2/20251118_02_1p5CRM_balance_co2_data_04_天然ガス.json; outputs/20251118_02_1p5CRM_balance_co2/20251118_02_1p5CRM_balance_co2_data_05_都市ガス.json; outputs/20251118_02_1p5CRM_balance_co2/20251118_02_1p5CRM_balance_co2_data_06_再生可能エネルギー(水力を除く).json; outputs/20251118_02_1p5CRM_balance_co2/20251118_02_1p5CRM_balance_co2_data_07_電力.json; outputs/20251118_02_1p5CRM_balance_co2/20251118_02_1p5CRM_balance_co2_data_08_熱.json; outputs/20251118_02_1p5CRM_balance_co2/20251118_02_1p5CRM_balance_co2_data_09_合計.json; outputs/20251118_02_1p5CRM_balance_co2/20251118_02_1p5CRM_balance_co2_data_10_エネルギー利用.json; outputs/20251118_02_1p5CRM_balance_co2/20251118_02_1p5CRM_balance_co2_data_11_非エネルギー利用.json; outputs/20251118_02_1p5CRM_balance_co2/list_20251118_02_1p5CRM_balance_co2_json.txt; outputs/20251118_04_1p5CRM_steps_co2/20251118_04_1p5CRM_steps_co2_data_00_石炭.json; outputs/20251118_04_1p5CRM_steps_co2/20251118_04_1p5CRM_steps_co2_data_01_石炭製品.json; outputs/20251118_04_1p5CRM_steps_co2/20251118_04_1p5CRM_steps_co2_data_02_石油製品.json; outputs/20251118_04_1p5CRM_steps_co2/20251118_04_1p5CRM_steps_co2_data_03_LPG.json; outputs/20251118_04_1p5CRM_steps_co2/20251118_04_1p5CRM_steps_co2_data_04_天然ガス.json; outputs/20251118_04_1p5CRM_steps_co2/20251118_04_1p5CRM_steps_co2_data_05_都市ガス.json; outputs/20251118_04_1p5CRM_steps_co2/20251118_04_1p5CRM_steps_co2_data_06_再生可能エネルギー(水力を除く).json; outputs/20251118_04_1p5CRM_steps_co2/20251118_04_1p5CRM_steps_co2_data_07_電力.json; outputs/20251118_04_1p5CRM_steps_co2/20251118_04_1p5CRM_steps_co2_data_08_熱.json; outputs/20251118_04_1p5CRM_steps_co2/20251118_04_1p5CRM_steps_co2_data_09_合計.json; outputs/20251118_04_1p5CRM_steps_co2/20251118_04_1p5CRM_steps_co2_data_10_エネルギー利用.json; outputs/20251118_04_1p5CRM_steps_co2/20251118_04_1p5CRM_steps_co2_data_11_非エネルギー利用.json; outputs/20251118_04_1p5CRM_steps_co2/list_20251118_04_1p5CRM_steps_co2_json.txt; outputs/20251120_21_energy_stat/list_20250721_04_energy_stat_json.txt; outputs/20251201_02_1p5CRM_balance_co2/20251119_12_1p5CRM_balance_co2_data_common_10_エネルギー利用.json; outputs/20251201_04_1p5CRM_steps_co2/20251201_14_1p5CRM_steps_co2_data_common_10_エネルギー利用.json; outputs/20251201_21_energy_stat/20251201_21_energy_stat_data_common_0_電力.json; outputs/20251201_21_energy_stat/20251201_21_energy_stat_data_common_1_熱.json; outputs/20251201_21_energy_stat/20251201_21_energy_stat_data_common_3_エネルギー利用.json; outputs/20251201_21_energy_stat/20251201_22_energy_stat_co2_data_common_12_総合計_エネルギー利用分.json; outputs/20251201_21_energy_stat/20260316_32_energy_stat_co2_data_common_12_総合計_エネルギー利用分_RD.json; outputs/20251218_02_SEP/20260311_02_SEP_numbers.json,生成スクリプト不明の中間ファイルあり(既存ファイルは保持): outputs/20250721_04_energy_stat/list_20251020_05_energy_stat_co2_json.txt; outputs/20251118_02_1p5CRM_balance_co2/list_20251118_02_1p5CRM_balance_co2_json.txt; outputs/20251118_04_1p5CRM_steps_co2/list_20251118_04_1p5CRM_steps_co2_json.txt; outputs/20251120_21_energy_stat/list_20250721_04_energy_stat_json.txt
297,doc/report2026/figures/20260205_10_plot_energy_03_業務他_cap.png,True,charts/20260205_10_plot_energy_03_業務他.png,True,scripts/20260205_10_plot_energy_FEC_sectors.py,scripts/20250721_04_import_energy_stat.py; scripts/20251118_01_import_1p5CRM_balance_energy.py; scripts/20251118_03_import_1p5CRM_steps_energy.py; scripts/20251201_11_refine_data_structure_1p5CRM_balance_energy.py; scripts/20251201_13_refine_data_structure_1p5CRM_steps_energy.py; scripts/20251201_21_refine_data_structure_energy_stat.py; scripts/20260311_02_import_SEP_numbers.py; scripts/config.py,inputs/1p5CRM/20231114_1p5CRM_balance_energy_co2_rev1.xlsx; inputs/1p5CRM/20231114_1p5CRM_steps_energy_co2_rev4.xlsx; inputs/1p5CRM/20251104_05_1p5CRM_data_structure.xlsx; inputs/20251201_06_data_structure_common.json; inputs/SEP/20260116_02_SEP_numbers.xlsx; inputs/energy_stat/20250721_04_energy_statistics_data_structure.xlsx; inputs/energy_stat/list_energy_stat_excel.txt; inputs/energy_stat/stte_2010.xlsx; inputs/energy_stat/stte_2011.xlsx; inputs/energy_stat/stte_2012.xlsx; inputs/energy_stat/stte_2013.xlsx; inputs/energy_stat/stte_2014.xlsx; inputs/energy_stat/stte_2015.xlsx; inputs/energy_stat/stte_2016.xlsx; inputs/energy_stat/stte_2017.xlsx; inputs/energy_stat/stte_2018.xlsx; inputs/energy_stat/stte_2019.xlsx; inputs/energy_stat/stte_2020.xlsx; inputs/energy_stat/stte_2021.xlsx; inputs/energy_stat/stte_2022.xlsx; inputs/energy_stat/stte_2023.xlsx; outputs/20250721_04_energy_stat/20250721_04_energy_stat_data_0_電力.json; outputs/20250721_04_energy_stat/20250721_04_energy_stat_data_10_都市ガス.json; outputs/20250721_04_energy_stat/20250721_04_energy_stat_data_11_再生可能エネルギー(水力を除く).json; outputs/20250721_04_energy_stat/20250721_04_energy_stat_data_12_水力発電（揚水除く）.json; outputs/20250721_04_energy_stat/20250721_04_energy_stat_data_13_揚水発電.json; outputs/20250721_04_energy_stat/20250721_04_energy_stat_data_14_未活用エネルギー.json; outputs/20250721_04_energy_stat/20250721_04_energy_stat_data_15_原子力発電.json; outputs/20250721_04_energy_stat/20250721_04_energy_stat_data_1_熱.json; outputs/20250721_04_energy_stat/20250721_04_energy_stat_data_2_合計.json; outputs/20250721_04_energy_stat/20250721_04_energy_stat_data_3_エネルギー利用.json; outputs/20250721_04_energy_stat/20250721_04_energy_stat_data_4_非エネルギー利用.json; outputs/20250721_04_energy_stat/20250721_04_energy_stat_data_5_石炭.json; outputs/20250721_04_energy_stat/20250721_04_energy_stat_data_6_石炭製品.json; outputs/20250721_04_energy_stat/20250721_04_energy_stat_data_7_原油.json; outputs/20250721_04_energy_stat/20250721_04_energy_stat_data_8_石油製品.json; outputs/20250721_04_energy_stat/20250721_04_energy_stat_data_9_天然ガス.json; outputs/20251118_01_1p5CRM_balance_energy/20251118_01_1p5CRM_balance_energy_data_00_石炭.json; outputs/20251118_01_1p5CRM_balance_energy/20251118_01_1p5CRM_balance_energy_data_01_石炭製品.json; outputs/20251118_01_1p5CRM_balance_energy/20251118_01_1p5CRM_balance_energy_data_02_石油製品.json; outputs/20251118_01_1p5CRM_balance_energy/20251118_01_1p5CRM_balance_energy_data_03_LPG.json; outputs/20251118_01_1p5CRM_balance_energy/20251118_01_1p5CRM_balance_energy_data_04_天然ガス.json; outputs/20251118_01_1p5CRM_balance_energy/20251118_01_1p5CRM_balance_energy_data_05_都市ガス.json; outputs/20251118_01_1p5CRM_balance_energy/20251118_01_1p5CRM_balance_energy_data_06_再生可能エネルギー(水力を除く).json; outputs/20251118_01_1p5CRM_balance_energy/20251118_01_1p5CRM_balance_energy_data_07_電力.json; outputs/20251118_01_1p5CRM_balance_energy/20251118_01_1p5CRM_balance_energy_data_08_熱.json; outputs/20251118_01_1p5CRM_balance_energy/20251118_01_1p5CRM_balance_energy_data_09_合計.json; outputs/20251118_01_1p5CRM_balance_energy/20251118_01_1p5CRM_balance_energy_data_10_エネルギー利用.json; outputs/20251118_01_1p5CRM_balance_energy/20251118_01_1p5CRM_balance_energy_data_11_非エネルギー利用.json; outputs/20251118_01_1p5CRM_balance_energy/20251118_01_1p5CRM_balance_energy_data_12_水素.json; outputs/20251118_01_1p5CRM_balance_energy/20251118_01_1p5CRM_balance_energy_data_13_合成燃料・合成メタン.json; outputs/20251118_01_1p5CRM_balance_energy/20251118_01_1p5CRM_balance_energy_data_14_非エネルギー利用(電力).json; outputs/20251118_01_1p5CRM_balance_energy/20251118_01_1p5CRM_balance_energy_data_15_非エネルギー利用(化石).json; outputs/20251118_01_1p5CRM_balance_energy/20251118_01_1p5CRM_balance_energy_data_16_非エネルギー利用(水素).json; outputs/20251118_01_1p5CRM_balance_energy/list_20251118_01_1p5CRM_balance_energy_json.txt; outputs/20251118_03_1p5CRM_steps_energy/20251118_03_1p5CRM_steps_energy_data_00_石炭.json; outputs/20251118_03_1p5CRM_steps_energy/20251118_03_1p5CRM_steps_energy_data_01_石炭製品.json; outputs/20251118_03_1p5CRM_steps_energy/20251118_03_1p5CRM_steps_energy_data_02_石油製品.json; outputs/20251118_03_1p5CRM_steps_energy/20251118_03_1p5CRM_steps_energy_data_03_LPG.json; outputs/20251118_03_1p5CRM_steps_energy/20251118_03_1p5CRM_steps_energy_data_04_天然ガス.json; outputs/20251118_03_1p5CRM_steps_energy/20251118_03_1p5CRM_steps_energy_data_05_都市ガス.json; outputs/20251118_03_1p5CRM_steps_energy/20251118_03_1p5CRM_steps_energy_data_06_再生可能エネルギー(水力を除く).json; outputs/20251118_03_1p5CRM_steps_energy/20251118_03_1p5CRM_steps_energy_data_07_電力.json; outputs/20251118_03_1p5CRM_steps_energy/20251118_03_1p5CRM_steps_energy_data_08_熱.json; outputs/20251118_03_1p5CRM_steps_energy/20251118_03_1p5CRM_steps_energy_data_09_合計.json; outputs/20251118_03_1p5CRM_steps_energy/20251118_03_1p5CRM_steps_energy_data_10_エネルギー利用.json; outputs/20251118_03_1p5CRM_steps_energy/20251118_03_1p5CRM_steps_energy_data_11_非エネルギー利用.json; outputs/20251118_03_1p5CRM_steps_energy/20251118_03_1p5CRM_steps_energy_data_12_水素.json; outputs/20251118_03_1p5CRM_steps_energy/20251118_03_1p5CRM_steps_energy_data_13_合成燃料・合成メタン.json; outputs/20251118_03_1p5CRM_steps_energy/20251118_03_1p5CRM_steps_energy_data_14_非エネルギー利用(電力).json; outputs/20251118_03_1p5CRM_steps_energy/20251118_03_1p5CRM_steps_energy_data_15_非エネルギー利用(化石).json; outputs/20251118_03_1p5CRM_steps_energy/20251118_03_1p5CRM_steps_energy_data_16_非エネルギー利用(水素).json; outputs/20251118_03_1p5CRM_steps_energy/list_20251118_03_1p5CRM_steps_energy_json.txt; outputs/20251120_21_energy_stat/list_20250721_04_energy_stat_json.txt; outputs/20251201_01_1p5CRM_balance_energy/20251201_11_1p5CRM_balance_energy_data_common_10_エネルギー利用.json; outputs/20251201_03_1p5CRM_steps_energy/20251201_13_1p5CRM_steps_energy_data_common_10_エネルギー利用.json; outputs/20251201_21_energy_stat/20251201_21_energy_stat_data_common_3_エネルギー利用.json; outputs/20251218_02_SEP/20260311_02_SEP_numbers.json,生成スクリプト不明の中間ファイルあり(既存ファイルは保持): outputs/20251118_01_1p5CRM_balance_energy/list_20251118_01_1p5CRM_balance_energy_json.txt; outputs/20251118_03_1p5CRM_steps_energy/list_20251118_03_1p5CRM_steps_energy_json.txt; outputs/20251120_21_energy_stat/list_20250721_04_energy_stat_json.txt
298,doc/report2026/figures/20260730_13_plot_intensity_energy_03_業務他_cap.png,True,charts/20260730_13_plot_intensity_energy_03_業務他.png,True,scripts/20260730_13_plot_intensity_energy_sectors.py,scripts/20250506_05_import_GHG_data.py; scripts/20250721_04_import_energy_stat.py; scripts/20251020_05_import_energy_stat_co2.py; scripts/20251118_01_import_1p5CRM_balance_energy.py; scripts/20251118_02_import_1p5CRM_balance_co2.py; scripts/20251118_03_import_1p5CRM_steps_energy.py; scripts/20251118_04_import_1p5CRM_steps_co2.py; scripts/20251201_11_refine_data_structure_1p5CRM_balance_energy.py; scripts/20251201_12_refine_data_structure_1p5CRM_balance_co2.py; scripts/20251201_13_refine_data_structure_1p5CRM_steps_energy.py; scripts/20251201_14_refine_data_structure_1p5CRM_steps_co2.py; scripts/20251201_21_refine_data_structure_energy_stat.py; scripts/20251201_22_refine_data_structure_energy_stat_co2.py; scripts/20251218_02_calc_intensity_1p5CRM_balance.py; scripts/20251218_03_calc_intensity_1p5CRM_steps.py; scripts/20260311_02_import_SEP_numbers.py; scripts/20260316_01_redistribute_co2.py; scripts/config.py,inputs/1p5CRM/20231114_1p5CRM_balance_energy_co2_rev1.xlsx; inputs/1p5CRM/20231114_1p5CRM_steps_energy_co2_rev4.xlsx; inputs/1p5CRM/20251104_05_1p5CRM_data_structure.xlsx; inputs/1p5CRM/20251120_06_1p5CRM_data_structure.xlsx; inputs/20251201_06_data_structure_common.json; inputs/GHGI/20250506_05_data_structure.xlsx; inputs/GHGI/L5-7gas_2025_gioweb_1.0_mod.xlsx; inputs/SEP/20260116_02_SEP_numbers.xlsx; inputs/energy_stat/20250721_04_energy_statistics_data_structure.xlsx; inputs/energy_stat/20251020_05_energy_statistics_data_structure_co2.xlsx; inputs/energy_stat/list_energy_stat_excel.txt; inputs/energy_stat/stte_2010.xlsx; inputs/energy_stat/stte_2011.xlsx; inputs/energy_stat/stte_2012.xlsx; inputs/energy_stat/stte_2013.xlsx; inputs/energy_stat/stte_2014.xlsx; inputs/energy_stat/stte_2015.xlsx; inputs/energy_stat/stte_2016.xlsx; inputs/energy_stat/stte_2017.xlsx; inputs/energy_stat/stte_2018.xlsx; inputs/energy_stat/stte_2019.xlsx; inputs/energy_stat/stte_2020.xlsx; inputs/energy_stat/stte_2021.xlsx; inputs/energy_stat/stte_2022.xlsx; inputs/energy_stat/stte_2023.xlsx; outputs/20250506_GHGI/20250506_05_ghg_data.json; outputs/20250721_04_energy_stat/20250721_04_energy_stat_data_0_電力.json; outputs/20250721_04_energy_stat/20250721_04_energy_stat_data_10_都市ガス.json; outputs/20250721_04_energy_stat/20250721_04_energy_stat_data_11_再生可能エネルギー(水力を除く).json; outputs/20250721_04_energy_stat/20250721_04_energy_stat_data_12_水力発電（揚水除く）.json; outputs/20250721_04_energy_stat/20250721_04_energy_stat_data_13_揚水発電.json; outputs/20250721_04_energy_stat/20250721_04_energy_stat_data_14_未活用エネルギー.json; outputs/20250721_04_energy_stat/20250721_04_energy_stat_data_15_原子力発電.json; outputs/20250721_04_energy_stat/20250721_04_energy_stat_data_1_熱.json; outputs/20250721_04_energy_stat/20250721_04_energy_stat_data_2_合計.json; outputs/20250721_04_energy_stat/20250721_04_energy_stat_data_3_エネルギー利用.json; outputs/20250721_04_energy_stat/20250721_04_energy_stat_data_4_非エネルギー利用.json; outputs/20250721_04_energy_stat/20250721_04_energy_stat_data_5_石炭.json; outputs/20250721_04_energy_stat/20250721_04_energy_stat_data_6_石炭製品.json; outputs/20250721_04_energy_stat/20250721_04_energy_stat_data_7_原油.json; outputs/20250721_04_energy_stat/20250721_04_energy_stat_data_8_石油製品.json; outputs/20250721_04_energy_stat/20250721_04_energy_stat_data_9_天然ガス.json; outputs/20250721_04_energy_stat/20251020_05_energy_stat_co2_data_0_電力.json; outputs/20250721_04_energy_stat/20251020_05_energy_stat_co2_data_10_都市ガス.json; outputs/20250721_04_energy_stat/20251020_05_energy_stat_co2_data_11_総合計_電力･熱寄与間接排出配分後合計.json; outputs/20250721_04_energy_stat/20251020_05_energy_stat_co2_data_12_総合計_エネルギー利用分.json; outputs/20250721_04_energy_stat/20251020_05_energy_stat_co2_data_1_熱.json; outputs/20250721_04_energy_stat/20251020_05_energy_stat_co2_data_2_合計.json; outputs/20250721_04_energy_stat/20251020_05_energy_stat_co2_data_3_エネルギー利用.json; outputs/20250721_04_energy_stat/20251020_05_energy_stat_co2_data_4_非エネルギー利用.json; outputs/20250721_04_energy_stat/20251020_05_energy_stat_co2_data_5_石炭.json; outputs/20250721_04_energy_stat/20251020_05_energy_stat_co2_data_6_石炭製品.json; outputs/20250721_04_energy_stat/20251020_05_energy_stat_co2_data_7_原油.json; outputs/20250721_04_energy_stat/20251020_05_energy_stat_co2_data_8_石油製品.json; outputs/20250721_04_energy_stat/20251020_05_energy_stat_co2_data_9_天然ガス.json; outputs/20250721_04_energy_stat/list_20251020_05_energy_stat_co2_json.txt; outputs/20251118_01_1p5CRM_balance_energy/20251118_01_1p5CRM_balance_energy_data_00_石炭.json; outputs/20251118_01_1p5CRM_balance_energy/20251118_01_1p5CRM_balance_energy_data_01_石炭製品.json; outputs/20251118_01_1p5CRM_balance_energy/20251118_01_1p5CRM_balance_energy_data_02_石油製品.json; outputs/20251118_01_1p5CRM_balance_energy/20251118_01_1p5CRM_balance_energy_data_03_LPG.json; outputs/20251118_01_1p5CRM_balance_energy/20251118_01_1p5CRM_balance_energy_data_04_天然ガス.json; outputs/20251118_01_1p5CRM_balance_energy/20251118_01_1p5CRM_balance_energy_data_05_都市ガス.json; outputs/20251118_01_1p5CRM_balance_energy/20251118_01_1p5CRM_balance_energy_data_06_再生可能エネルギー(水力を除く).json; outputs/20251118_01_1p5CRM_balance_energy/20251118_01_1p5CRM_balance_energy_data_07_電力.json; outputs/20251118_01_1p5CRM_balance_energy/20251118_01_1p5CRM_balance_energy_data_08_熱.json; outputs/20251118_01_1p5CRM_balance_energy/20251118_01_1p5CRM_balance_energy_data_09_合計.json; outputs/20251118_01_1p5CRM_balance_energy/20251118_01_1p5CRM_balance_energy_data_10_エネルギー利用.json; outputs/20251118_01_1p5CRM_balance_energy/20251118_01_1p5CRM_balance_energy_data_11_非エネルギー利用.json; outputs/20251118_01_1p5CRM_balance_energy/20251118_01_1p5CRM_balance_energy_data_12_水素.json; outputs/20251118_01_1p5CRM_balance_energy/20251118_01_1p5CRM_balance_energy_data_13_合成燃料・合成メタン.json; outputs/20251118_01_1p5CRM_balance_energy/20251118_01_1p5CRM_balance_energy_data_14_非エネルギー利用(電力).json; outputs/20251118_01_1p5CRM_balance_energy/20251118_01_1p5CRM_balance_energy_data_15_非エネルギー利用(化石).json; outputs/20251118_01_1p5CRM_balance_energy/20251118_01_1p5CRM_balance_energy_data_16_非エネルギー利用(水素).json; outputs/20251118_01_1p5CRM_balance_energy/list_20251118_01_1p5CRM_balance_energy_json.txt; outputs/20251118_02_1p5CRM_balance_co2/20251118_02_1p5CRM_balance_co2_data_00_石炭.json; outputs/20251118_02_1p5CRM_balance_co2/20251118_02_1p5CRM_balance_co2_data_01_石炭製品.json; outputs/20251118_02_1p5CRM_balance_co2/20251118_02_1p5CRM_balance_co2_data_02_石油製品.json; outputs/20251118_02_1p5CRM_balance_co2/20251118_02_1p5CRM_balance_co2_data_03_LPG.json; outputs/20251118_02_1p5CRM_balance_co2/20251118_02_1p5CRM_balance_co2_data_04_天然ガス.json; outputs/20251118_02_1p5CRM_balance_co2/20251118_02_1p5CRM_balance_co2_data_05_都市ガス.json; outputs/20251118_02_1p5CRM_balance_co2/20251118_02_1p5CRM_balance_co2_data_06_再生可能エネルギー(水力を除く).json; outputs/20251118_02_1p5CRM_balance_co2/20251118_02_1p5CRM_balance_co2_data_07_電力.json; outputs/20251118_02_1p5CRM_balance_co2/20251118_02_1p5CRM_balance_co2_data_08_熱.json; outputs/20251118_02_1p5CRM_balance_co2/20251118_02_1p5CRM_balance_co2_data_09_合計.json; outputs/20251118_02_1p5CRM_balance_co2/20251118_02_1p5CRM_balance_co2_data_10_エネルギー利用.json; outputs/20251118_02_1p5CRM_balance_co2/20251118_02_1p5CRM_balance_co2_data_11_非エネルギー利用.json; outputs/20251118_02_1p5CRM_balance_co2/list_20251118_02_1p5CRM_balance_co2_json.txt; outputs/20251118_03_1p5CRM_steps_energy/20251118_03_1p5CRM_steps_energy_data_00_石炭.json; outputs/20251118_03_1p5CRM_steps_energy/20251118_03_1p5CRM_steps_energy_data_01_石炭製品.json; outputs/20251118_03_1p5CRM_steps_energy/20251118_03_1p5CRM_steps_energy_data_02_石油製品.json; outputs/20251118_03_1p5CRM_steps_energy/20251118_03_1p5CRM_steps_energy_data_03_LPG.json; outputs/20251118_03_1p5CRM_steps_energy/20251118_03_1p5CRM_steps_energy_data_04_天然ガス.json; outputs/20251118_03_1p5CRM_steps_energy/20251118_03_1p5CRM_steps_energy_data_05_都市ガス.json; outputs/20251118_03_1p5CRM_steps_energy/20251118_03_1p5CRM_steps_energy_data_06_再生可能エネルギー(水力を除く).json; outputs/20251118_03_1p5CRM_steps_energy/20251118_03_1p5CRM_steps_energy_data_07_電力.json; outputs/20251118_03_1p5CRM_steps_energy/20251118_03_1p5CRM_steps_energy_data_08_熱.json; outputs/20251118_03_1p5CRM_steps_energy/20251118_03_1p5CRM_steps_energy_data_09_合計.json; outputs/20251118_03_1p5CRM_steps_energy/20251118_03_1p5CRM_steps_energy_data_10_エネルギー利用.json; outputs/20251118_03_1p5CRM_steps_energy/20251118_03_1p5CRM_steps_energy_data_11_非エネルギー利用.json; outputs/20251118_03_1p5CRM_steps_energy/20251118_03_1p5CRM_steps_energy_data_12_水素.json; outputs/20251118_03_1p5CRM_steps_energy/20251118_03_1p5CRM_steps_energy_data_13_合成燃料・合成メタン.json; outputs/20251118_03_1p5CRM_steps_energy/20251118_03_1p5CRM_steps_energy_data_14_非エネルギー利用(電力).json; outputs/20251118_03_1p5CRM_steps_energy/20251118_03_1p5CRM_steps_energy_data_15_非エネルギー利用(化石).json; outputs/20251118_03_1p5CRM_steps_energy/20251118_03_1p5CRM_steps_energy_data_16_非エネルギー利用(水素).json; outputs/20251118_03_1p5CRM_steps_energy/list_20251118_03_1p5CRM_steps_energy_json.txt; outputs/20251118_04_1p5CRM_steps_co2/20251118_04_1p5CRM_steps_co2_data_00_石炭.json; outputs/20251118_04_1p5CRM_steps_co2/20251118_04_1p5CRM_steps_co2_data_01_石炭製品.json; outputs/20251118_04_1p5CRM_steps_co2/20251118_04_1p5CRM_steps_co2_data_02_石油製品.json; outputs/20251118_04_1p5CRM_steps_co2/20251118_04_1p5CRM_steps_co2_data_03_LPG.json; outputs/20251118_04_1p5CRM_steps_co2/20251118_04_1p5CRM_steps_co2_data_04_天然ガス.json; outputs/20251118_04_1p5CRM_steps_co2/20251118_04_1p5CRM_steps_co2_data_05_都市ガス.json; outputs/20251118_04_1p5CRM_steps_co2/20251118_04_1p5CRM_steps_co2_data_06_再生可能エネルギー(水力を除く).json; outputs/20251118_04_1p5CRM_steps_co2/20251118_04_1p5CRM_steps_co2_data_07_電力.json; outputs/20251118_04_1p5CRM_steps_co2/20251118_04_1p5CRM_steps_co2_data_08_熱.json; outputs/20251118_04_1p5CRM_steps_co2/20251118_04_1p5CRM_steps_co2_data_09_合計.json; outputs/20251118_04_1p5CRM_steps_co2/20251118_04_1p5CRM_steps_co2_data_10_エネルギー利用.json; outputs/20251118_04_1p5CRM_steps_co2/20251118_04_1p5CRM_steps_co2_data_11_非エネルギー利用.json; outputs/20251118_04_1p5CRM_steps_co2/list_20251118_04_1p5CRM_steps_co2_json.txt; outputs/20251120_21_energy_stat/list_20250721_04_energy_stat_json.txt; outputs/20251201_01_1p5CRM_balance_energy/20251201_11_1p5CRM_balance_energy_data_common_07_電力.json; outputs/20251201_01_1p5CRM_balance_energy/20251201_11_1p5CRM_balance_energy_data_common_10_エネルギー利用.json; outputs/20251201_02_1p5CRM_balance_co2/20251119_12_1p5CRM_balance_co2_data_common_07_電力.json; outputs/20251201_02_1p5CRM_balance_co2/20251119_12_1p5CRM_balance_co2_data_common_10_エネルギー利用.json; outputs/20251201_03_1p5CRM_steps_energy/20251201_13_1p5CRM_steps_energy_data_common_07_電力.json; outputs/20251201_03_1p5CRM_steps_energy/20251201_13_1p5CRM_steps_energy_data_common_10_エネルギー利用.json; outputs/20251201_04_1p5CRM_steps_co2/20251201_14_1p5CRM_steps_co2_data_common_07_電力.json; outputs/20251201_04_1p5CRM_steps_co2/20251201_14_1p5CRM_steps_co2_data_common_10_エネルギー利用.json; outputs/20251201_21_energy_stat/20251201_21_energy_stat_data_common_0_電力.json; outputs/20251201_21_energy_stat/20251201_21_energy_stat_data_common_1_熱.json; outputs/20251201_21_energy_stat/20251201_21_energy_stat_data_common_3_エネルギー利用.json; outputs/20251201_21_energy_stat/20251201_22_energy_stat_co2_data_common_12_総合計_エネルギー利用分.json; outputs/20251218_01_intensity/20251218_02_1p5CRM_balance_intensity_data_common_10_エネルギー利用.json; outputs/20251218_01_intensity/20251218_03_1p5CRM_steps_intensity_data_common_10_エネルギー利用.json; outputs/20251218_01_intensity/20260316_32_energy_stat_intensity_data_common_3_エネルギー利用_RD.json; outputs/20251218_02_SEP/20260311_02_SEP_numbers.json,生成スクリプト不明の中間ファイルあり(既存ファイルは保持): outputs/20250721_04_energy_stat/list_20251020_05_energy_stat_co2_json.txt; outputs/20251118_01_1p5CRM_balance_energy/list_20251118_01_1p5CRM_balance_energy_json.txt; outputs/20251118_02_1p5CRM_balance_co2/list_20251118_02_1p5CRM_balance_co2_json.txt; outputs/20251118_03_1p5CRM_steps_energy/list_20251118_03_1p5CRM_steps_energy_json.txt; outputs/20251118_04_1p5CRM_steps_co2/list_20251118_04_1p5CRM_steps_co2_json.txt; outputs/20251120_21_energy_stat/list_20250721_04_energy_stat_json.txt
299,doc/report2026/figures/20260205_11_plot_co2_energy_03_業務他_cap.png,True,charts/20260205_11_plot_co2_energy_03_業務他.png,True,scripts/20260205_11_plot_co2_energy_sectors.py,scripts/20250506_05_import_GHG_data.py; scripts/20250721_04_import_energy_stat.py; scripts/20251020_05_import_energy_stat_co2.py; scripts/20251118_02_import_1p5CRM_balance_co2.py; scripts/20251118_04_import_1p5CRM_steps_co2.py; scripts/20251201_12_refine_data_structure_1p5CRM_balance_co2.py; scripts/20251201_14_refine_data_structure_1p5CRM_steps_co2.py; scripts/20251201_21_refine_data_structure_energy_stat.py; scripts/20251201_22_refine_data_structure_energy_stat_co2.py; scripts/20260311_02_import_SEP_numbers.py; scripts/20260316_01_redistribute_co2.py; scripts/config.py,inputs/1p5CRM/20231114_1p5CRM_balance_energy_co2_rev1.xlsx; inputs/1p5CRM/20231114_1p5CRM_steps_energy_co2_rev4.xlsx; inputs/1p5CRM/20251104_05_1p5CRM_data_structure.xlsx; inputs/1p5CRM/20251120_06_1p5CRM_data_structure.xlsx; inputs/20251201_06_data_structure_common.json; inputs/GHGI/20250506_05_data_structure.xlsx; inputs/GHGI/L5-7gas_2025_gioweb_1.0_mod.xlsx; inputs/SEP/20260116_02_SEP_numbers.xlsx; inputs/energy_stat/20250721_04_energy_statistics_data_structure.xlsx; inputs/energy_stat/20251020_05_energy_statistics_data_structure_co2.xlsx; inputs/energy_stat/list_energy_stat_excel.txt; inputs/energy_stat/stte_2010.xlsx; inputs/energy_stat/stte_2011.xlsx; inputs/energy_stat/stte_2012.xlsx; inputs/energy_stat/stte_2013.xlsx; inputs/energy_stat/stte_2014.xlsx; inputs/energy_stat/stte_2015.xlsx; inputs/energy_stat/stte_2016.xlsx; inputs/energy_stat/stte_2017.xlsx; inputs/energy_stat/stte_2018.xlsx; inputs/energy_stat/stte_2019.xlsx; inputs/energy_stat/stte_2020.xlsx; inputs/energy_stat/stte_2021.xlsx; inputs/energy_stat/stte_2022.xlsx; inputs/energy_stat/stte_2023.xlsx; outputs/20250506_GHGI/20250506_05_ghg_data.json; outputs/20250721_04_energy_stat/20250721_04_energy_stat_data_0_電力.json; outputs/20250721_04_energy_stat/20250721_04_energy_stat_data_10_都市ガス.json; outputs/20250721_04_energy_stat/20250721_04_energy_stat_data_11_再生可能エネルギー(水力を除く).json; outputs/20250721_04_energy_stat/20250721_04_energy_stat_data_12_水力発電（揚水除く）.json; outputs/20250721_04_energy_stat/20250721_04_energy_stat_data_13_揚水発電.json; outputs/20250721_04_energy_stat/20250721_04_energy_stat_data_14_未活用エネルギー.json; outputs/20250721_04_energy_stat/20250721_04_energy_stat_data_15_原子力発電.json; outputs/20250721_04_energy_stat/20250721_04_energy_stat_data_1_熱.json; outputs/20250721_04_energy_stat/20250721_04_energy_stat_data_2_合計.json; outputs/20250721_04_energy_stat/20250721_04_energy_stat_data_3_エネルギー利用.json; outputs/20250721_04_energy_stat/20250721_04_energy_stat_data_4_非エネルギー利用.json; outputs/20250721_04_energy_stat/20250721_04_energy_stat_data_5_石炭.json; outputs/20250721_04_energy_stat/20250721_04_energy_stat_data_6_石炭製品.json; outputs/20250721_04_energy_stat/20250721_04_energy_stat_data_7_原油.json; outputs/20250721_04_energy_stat/20250721_04_energy_stat_data_8_石油製品.json; outputs/20250721_04_energy_stat/20250721_04_energy_stat_data_9_天然ガス.json; outputs/20250721_04_energy_stat/20251020_05_energy_stat_co2_data_0_電力.json; outputs/20250721_04_energy_stat/20251020_05_energy_stat_co2_data_10_都市ガス.json; outputs/20250721_04_energy_stat/20251020_05_energy_stat_co2_data_11_総合計_電力･熱寄与間接排出配分後合計.json; outputs/20250721_04_energy_stat/20251020_05_energy_stat_co2_data_12_総合計_エネルギー利用分.json; outputs/20250721_04_energy_stat/20251020_05_energy_stat_co2_data_1_熱.json; outputs/20250721_04_energy_stat/20251020_05_energy_stat_co2_data_2_合計.json; outputs/20250721_04_energy_stat/20251020_05_energy_stat_co2_data_3_エネルギー利用.json; outputs/20250721_04_energy_stat/20251020_05_energy_stat_co2_data_4_非エネルギー利用.json; outputs/20250721_04_energy_stat/20251020_05_energy_stat_co2_data_5_石炭.json; outputs/20250721_04_energy_stat/20251020_05_energy_stat_co2_data_6_石炭製品.json; outputs/20250721_04_energy_stat/20251020_05_energy_stat_co2_data_7_原油.json; outputs/20250721_04_energy_stat/20251020_05_energy_stat_co2_data_8_石油製品.json; outputs/20250721_04_energy_stat/20251020_05_energy_stat_co2_data_9_天然ガス.json; outputs/20250721_04_energy_stat/list_20251020_05_energy_stat_co2_json.txt; outputs/20251118_02_1p5CRM_balance_co2/20251118_02_1p5CRM_balance_co2_data_00_石炭.json; outputs/20251118_02_1p5CRM_balance_co2/20251118_02_1p5CRM_balance_co2_data_01_石炭製品.json; outputs/20251118_02_1p5CRM_balance_co2/20251118_02_1p5CRM_balance_co2_data_02_石油製品.json; outputs/20251118_02_1p5CRM_balance_co2/20251118_02_1p5CRM_balance_co2_data_03_LPG.json; outputs/20251118_02_1p5CRM_balance_co2/20251118_02_1p5CRM_balance_co2_data_04_天然ガス.json; outputs/20251118_02_1p5CRM_balance_co2/20251118_02_1p5CRM_balance_co2_data_05_都市ガス.json; outputs/20251118_02_1p5CRM_balance_co2/20251118_02_1p5CRM_balance_co2_data_06_再生可能エネルギー(水力を除く).json; outputs/20251118_02_1p5CRM_balance_co2/20251118_02_1p5CRM_balance_co2_data_07_電力.json; outputs/20251118_02_1p5CRM_balance_co2/20251118_02_1p5CRM_balance_co2_data_08_熱.json; outputs/20251118_02_1p5CRM_balance_co2/20251118_02_1p5CRM_balance_co2_data_09_合計.json; outputs/20251118_02_1p5CRM_balance_co2/20251118_02_1p5CRM_balance_co2_data_10_エネルギー利用.json; outputs/20251118_02_1p5CRM_balance_co2/20251118_02_1p5CRM_balance_co2_data_11_非エネルギー利用.json; outputs/20251118_02_1p5CRM_balance_co2/list_20251118_02_1p5CRM_balance_co2_json.txt; outputs/20251118_04_1p5CRM_steps_co2/20251118_04_1p5CRM_steps_co2_data_00_石炭.json; outputs/20251118_04_1p5CRM_steps_co2/20251118_04_1p5CRM_steps_co2_data_01_石炭製品.json; outputs/20251118_04_1p5CRM_steps_co2/20251118_04_1p5CRM_steps_co2_data_02_石油製品.json; outputs/20251118_04_1p5CRM_steps_co2/20251118_04_1p5CRM_steps_co2_data_03_LPG.json; outputs/20251118_04_1p5CRM_steps_co2/20251118_04_1p5CRM_steps_co2_data_04_天然ガス.json; outputs/20251118_04_1p5CRM_steps_co2/20251118_04_1p5CRM_steps_co2_data_05_都市ガス.json; outputs/20251118_04_1p5CRM_steps_co2/20251118_04_1p5CRM_steps_co2_data_06_再生可能エネルギー(水力を除く).json; outputs/20251118_04_1p5CRM_steps_co2/20251118_04_1p5CRM_steps_co2_data_07_電力.json; outputs/20251118_04_1p5CRM_steps_co2/20251118_04_1p5CRM_steps_co2_data_08_熱.json; outputs/20251118_04_1p5CRM_steps_co2/20251118_04_1p5CRM_steps_co2_data_09_合計.json; outputs/20251118_04_1p5CRM_steps_co2/20251118_04_1p5CRM_steps_co2_data_10_エネルギー利用.json; outputs/20251118_04_1p5CRM_steps_co2/20251118_04_1p5CRM_steps_co2_data_11_非エネルギー利用.json; outputs/20251118_04_1p5CRM_steps_co2/list_20251118_04_1p5CRM_steps_co2_json.txt; outputs/20251120_21_energy_stat/list_20250721_04_energy_stat_json.txt; outputs/20251201_02_1p5CRM_balance_co2/20251119_12_1p5CRM_balance_co2_data_common_10_エネルギー利用.json; outputs/20251201_04_1p5CRM_steps_co2/20251201_14_1p5CRM_steps_co2_data_common_10_エネルギー利用.json; outputs/20251201_21_energy_stat/20251201_21_energy_stat_data_common_0_電力.json; outputs/20251201_21_energy_stat/20251201_21_energy_stat_data_common_1_熱.json; outputs/20251201_21_energy_stat/20251201_21_energy_stat_data_common_3_エネルギー利用.json; outputs/20251201_21_energy_stat/20251201_22_energy_stat_co2_data_common_12_総合計_エネルギー利用分.json; outputs/20251201_21_energy_stat/20260316_32_energy_stat_co2_data_common_12_総合計_エネルギー利用分_RD.json; outputs/20251218_02_SEP/20260311_02_SEP_numbers.json,生成スクリプト不明の中間ファイルあり(既存ファイルは保持): outputs/20250721_04_energy_stat/list_20251020_05_energy_stat_co2_json.txt; outputs/20251118_02_1p5CRM_balance_co2/list_20251118_02_1p5CRM_balance_co2_json.txt; outputs/20251118_04_1p5CRM_steps_co2/list_20251118_04_1p5CRM_steps_co2_json.txt; outputs/20251120_21_energy_stat/list_20250721_04_energy_stat_json.txt
313,doc/report2026/figures/20260205_10_plot_energy_04_家庭_cap.png,True,charts/20260205_10_plot_energy_04_家庭.png,True,scripts/20260205_10_plot_energy_FEC_sectors.py,scripts/20250721_04_import_energy_stat.py; scripts/20251118_01_import_1p5CRM_balance_energy.py; scripts/20251118_03_import_1p5CRM_steps_energy.py; scripts/20251201_11_refine_data_structure_1p5CRM_balance_energy.py; scripts/20251201_13_refine_data_structure_1p5CRM_steps_energy.py; scripts/20251201_21_refine_data_structure_energy_stat.py; scripts/20260311_02_import_SEP_numbers.py; scripts/config.py,inputs/1p5CRM/20231114_1p5CRM_balance_energy_co2_rev1.xlsx; inputs/1p5CRM/20231114_1p5CRM_steps_energy_co2_rev4.xlsx; inputs/1p5CRM/20251104_05_1p5CRM_data_structure.xlsx; inputs/20251201_06_data_structure_common.json; inputs/SEP/20260116_02_SEP_numbers.xlsx; inputs/energy_stat/20250721_04_energy_statistics_data_structure.xlsx; inputs/energy_stat/list_energy_stat_excel.txt; inputs/energy_stat/stte_2010.xlsx; inputs/energy_stat/stte_2011.xlsx; inputs/energy_stat/stte_2012.xlsx; inputs/energy_stat/stte_2013.xlsx; inputs/energy_stat/stte_2014.xlsx; inputs/energy_stat/stte_2015.xlsx; inputs/energy_stat/stte_2016.xlsx; inputs/energy_stat/stte_2017.xlsx; inputs/energy_stat/stte_2018.xlsx; inputs/energy_stat/stte_2019.xlsx; inputs/energy_stat/stte_2020.xlsx; inputs/energy_stat/stte_2021.xlsx; inputs/energy_stat/stte_2022.xlsx; inputs/energy_stat/stte_2023.xlsx; outputs/20250721_04_energy_stat/20250721_04_energy_stat_data_0_電力.json; outputs/20250721_04_energy_stat/20250721_04_energy_stat_data_10_都市ガス.json; outputs/20250721_04_energy_stat/20250721_04_energy_stat_data_11_再生可能エネルギー(水力を除く).json; outputs/20250721_04_energy_stat/20250721_04_energy_stat_data_12_水力発電（揚水除く）.json; outputs/20250721_04_energy_stat/20250721_04_energy_stat_data_13_揚水発電.json; outputs/20250721_04_energy_stat/20250721_04_energy_stat_data_14_未活用エネルギー.json; outputs/20250721_04_energy_stat/20250721_04_energy_stat_data_15_原子力発電.json; outputs/20250721_04_energy_stat/20250721_04_energy_stat_data_1_熱.json; outputs/20250721_04_energy_stat/20250721_04_energy_stat_data_2_合計.json; outputs/20250721_04_energy_stat/20250721_04_energy_stat_data_3_エネルギー利用.json; outputs/20250721_04_energy_stat/20250721_04_energy_stat_data_4_非エネルギー利用.json; outputs/20250721_04_energy_stat/20250721_04_energy_stat_data_5_石炭.json; outputs/20250721_04_energy_stat/20250721_04_energy_stat_data_6_石炭製品.json; outputs/20250721_04_energy_stat/20250721_04_energy_stat_data_7_原油.json; outputs/20250721_04_energy_stat/20250721_04_energy_stat_data_8_石油製品.json; outputs/20250721_04_energy_stat/20250721_04_energy_stat_data_9_天然ガス.json; outputs/20251118_01_1p5CRM_balance_energy/20251118_01_1p5CRM_balance_energy_data_00_石炭.json; outputs/20251118_01_1p5CRM_balance_energy/20251118_01_1p5CRM_balance_energy_data_01_石炭製品.json; outputs/20251118_01_1p5CRM_balance_energy/20251118_01_1p5CRM_balance_energy_data_02_石油製品.json; outputs/20251118_01_1p5CRM_balance_energy/20251118_01_1p5CRM_balance_energy_data_03_LPG.json; outputs/20251118_01_1p5CRM_balance_energy/20251118_01_1p5CRM_balance_energy_data_04_天然ガス.json; outputs/20251118_01_1p5CRM_balance_energy/20251118_01_1p5CRM_balance_energy_data_05_都市ガス.json; outputs/20251118_01_1p5CRM_balance_energy/20251118_01_1p5CRM_balance_energy_data_06_再生可能エネルギー(水力を除く).json; outputs/20251118_01_1p5CRM_balance_energy/20251118_01_1p5CRM_balance_energy_data_07_電力.json; outputs/20251118_01_1p5CRM_balance_energy/20251118_01_1p5CRM_balance_energy_data_08_熱.json; outputs/20251118_01_1p5CRM_balance_energy/20251118_01_1p5CRM_balance_energy_data_09_合計.json; outputs/20251118_01_1p5CRM_balance_energy/20251118_01_1p5CRM_balance_energy_data_10_エネルギー利用.json; outputs/20251118_01_1p5CRM_balance_energy/20251118_01_1p5CRM_balance_energy_data_11_非エネルギー利用.json; outputs/20251118_01_1p5CRM_balance_energy/20251118_01_1p5CRM_balance_energy_data_12_水素.json; outputs/20251118_01_1p5CRM_balance_energy/20251118_01_1p5CRM_balance_energy_data_13_合成燃料・合成メタン.json; outputs/20251118_01_1p5CRM_balance_energy/20251118_01_1p5CRM_balance_energy_data_14_非エネルギー利用(電力).json; outputs/20251118_01_1p5CRM_balance_energy/20251118_01_1p5CRM_balance_energy_data_15_非エネルギー利用(化石).json; outputs/20251118_01_1p5CRM_balance_energy/20251118_01_1p5CRM_balance_energy_data_16_非エネルギー利用(水素).json; outputs/20251118_01_1p5CRM_balance_energy/list_20251118_01_1p5CRM_balance_energy_json.txt; outputs/20251118_03_1p5CRM_steps_energy/20251118_03_1p5CRM_steps_energy_data_00_石炭.json; outputs/20251118_03_1p5CRM_steps_energy/20251118_03_1p5CRM_steps_energy_data_01_石炭製品.json; outputs/20251118_03_1p5CRM_steps_energy/20251118_03_1p5CRM_steps_energy_data_02_石油製品.json; outputs/20251118_03_1p5CRM_steps_energy/20251118_03_1p5CRM_steps_energy_data_03_LPG.json; outputs/20251118_03_1p5CRM_steps_energy/20251118_03_1p5CRM_steps_energy_data_04_天然ガス.json; outputs/20251118_03_1p5CRM_steps_energy/20251118_03_1p5CRM_steps_energy_data_05_都市ガス.json; outputs/20251118_03_1p5CRM_steps_energy/20251118_03_1p5CRM_steps_energy_data_06_再生可能エネルギー(水力を除く).json; outputs/20251118_03_1p5CRM_steps_energy/20251118_03_1p5CRM_steps_energy_data_07_電力.json; outputs/20251118_03_1p5CRM_steps_energy/20251118_03_1p5CRM_steps_energy_data_08_熱.json; outputs/20251118_03_1p5CRM_steps_energy/20251118_03_1p5CRM_steps_energy_data_09_合計.json; outputs/20251118_03_1p5CRM_steps_energy/20251118_03_1p5CRM_steps_energy_data_10_エネルギー利用.json; outputs/20251118_03_1p5CRM_steps_energy/20251118_03_1p5CRM_steps_energy_data_11_非エネルギー利用.json; outputs/20251118_03_1p5CRM_steps_energy/20251118_03_1p5CRM_steps_energy_data_12_水素.json; outputs/20251118_03_1p5CRM_steps_energy/20251118_03_1p5CRM_steps_energy_data_13_合成燃料・合成メタン.json; outputs/20251118_03_1p5CRM_steps_energy/20251118_03_1p5CRM_steps_energy_data_14_非エネルギー利用(電力).json; outputs/20251118_03_1p5CRM_steps_energy/20251118_03_1p5CRM_steps_energy_data_15_非エネルギー利用(化石).json; outputs/20251118_03_1p5CRM_steps_energy/20251118_03_1p5CRM_steps_energy_data_16_非エネルギー利用(水素).json; outputs/20251118_03_1p5CRM_steps_energy/list_20251118_03_1p5CRM_steps_energy_json.txt; outputs/20251120_21_energy_stat/list_20250721_04_energy_stat_json.txt; outputs/20251201_01_1p5CRM_balance_energy/20251201_11_1p5CRM_balance_energy_data_common_10_エネルギー利用.json; outputs/20251201_03_1p5CRM_steps_energy/20251201_13_1p5CRM_steps_energy_data_common_10_エネルギー利用.json; outputs/20251201_21_energy_stat/20251201_21_energy_stat_data_common_3_エネルギー利用.json; outputs/20251218_02_SEP/20260311_02_SEP_numbers.json,生成スクリプト不明の中間ファイルあり(既存ファイルは保持): outputs/20251118_01_1p5CRM_balance_energy/list_20251118_01_1p5CRM_balance_energy_json.txt; outputs/20251118_03_1p5CRM_steps_energy/list_20251118_03_1p5CRM_steps_energy_json.txt; outputs/20251120_21_energy_stat/list_20250721_04_energy_stat_json.txt
314,doc/report2026/figures/20260730_13_plot_intensity_energy_04_家庭_cap.png,True,charts/20260730_13_plot_intensity_energy_04_家庭.png,True,scripts/20260730_13_plot_intensity_energy_sectors.py,scripts/20250506_05_import_GHG_data.py; scripts/20250721_04_import_energy_stat.py; scripts/20251020_05_import_energy_stat_co2.py; scripts/20251118_01_import_1p5CRM_balance_energy.py; scripts/20251118_02_import_1p5CRM_balance_co2.py; scripts/20251118_03_import_1p5CRM_steps_energy.py; scripts/20251118_04_import_1p5CRM_steps_co2.py; scripts/20251201_11_refine_data_structure_1p5CRM_balance_energy.py; scripts/20251201_12_refine_data_structure_1p5CRM_balance_co2.py; scripts/20251201_13_refine_data_structure_1p5CRM_steps_energy.py; scripts/20251201_14_refine_data_structure_1p5CRM_steps_co2.py; scripts/20251201_21_refine_data_structure_energy_stat.py; scripts/20251201_22_refine_data_structure_energy_stat_co2.py; scripts/20251218_02_calc_intensity_1p5CRM_balance.py; scripts/20251218_03_calc_intensity_1p5CRM_steps.py; scripts/20260311_02_import_SEP_numbers.py; scripts/20260316_01_redistribute_co2.py; scripts/config.py,inputs/1p5CRM/20231114_1p5CRM_balance_energy_co2_rev1.xlsx; inputs/1p5CRM/20231114_1p5CRM_steps_energy_co2_rev4.xlsx; inputs/1p5CRM/20251104_05_1p5CRM_data_structure.xlsx; inputs/1p5CRM/20251120_06_1p5CRM_data_structure.xlsx; inputs/20251201_06_data_structure_common.json; inputs/GHGI/20250506_05_data_structure.xlsx; inputs/GHGI/L5-7gas_2025_gioweb_1.0_mod.xlsx; inputs/SEP/20260116_02_SEP_numbers.xlsx; inputs/energy_stat/20250721_04_energy_statistics_data_structure.xlsx; inputs/energy_stat/20251020_05_energy_statistics_data_structure_co2.xlsx; inputs/energy_stat/list_energy_stat_excel.txt; inputs/energy_stat/stte_2010.xlsx; inputs/energy_stat/stte_2011.xlsx; inputs/energy_stat/stte_2012.xlsx; inputs/energy_stat/stte_2013.xlsx; inputs/energy_stat/stte_2014.xlsx; inputs/energy_stat/stte_2015.xlsx; inputs/energy_stat/stte_2016.xlsx; inputs/energy_stat/stte_2017.xlsx; inputs/energy_stat/stte_2018.xlsx; inputs/energy_stat/stte_2019.xlsx; inputs/energy_stat/stte_2020.xlsx; inputs/energy_stat/stte_2021.xlsx; inputs/energy_stat/stte_2022.xlsx; inputs/energy_stat/stte_2023.xlsx; outputs/20250506_GHGI/20250506_05_ghg_data.json; outputs/20250721_04_energy_stat/20250721_04_energy_stat_data_0_電力.json; outputs/20250721_04_energy_stat/20250721_04_energy_stat_data_10_都市ガス.json; outputs/20250721_04_energy_stat/20250721_04_energy_stat_data_11_再生可能エネルギー(水力を除く).json; outputs/20250721_04_energy_stat/20250721_04_energy_stat_data_12_水力発電（揚水除く）.json; outputs/20250721_04_energy_stat/20250721_04_energy_stat_data_13_揚水発電.json; outputs/20250721_04_energy_stat/20250721_04_energy_stat_data_14_未活用エネルギー.json; outputs/20250721_04_energy_stat/20250721_04_energy_stat_data_15_原子力発電.json; outputs/20250721_04_energy_stat/20250721_04_energy_stat_data_1_熱.json; outputs/20250721_04_energy_stat/20250721_04_energy_stat_data_2_合計.json; outputs/20250721_04_energy_stat/20250721_04_energy_stat_data_3_エネルギー利用.json; outputs/20250721_04_energy_stat/20250721_04_energy_stat_data_4_非エネルギー利用.json; outputs/20250721_04_energy_stat/20250721_04_energy_stat_data_5_石炭.json; outputs/20250721_04_energy_stat/20250721_04_energy_stat_data_6_石炭製品.json; outputs/20250721_04_energy_stat/20250721_04_energy_stat_data_7_原油.json; outputs/20250721_04_energy_stat/20250721_04_energy_stat_data_8_石油製品.json; outputs/20250721_04_energy_stat/20250721_04_energy_stat_data_9_天然ガス.json; outputs/20250721_04_energy_stat/20251020_05_energy_stat_co2_data_0_電力.json; outputs/20250721_04_energy_stat/20251020_05_energy_stat_co2_data_10_都市ガス.json; outputs/20250721_04_energy_stat/20251020_05_energy_stat_co2_data_11_総合計_電力･熱寄与間接排出配分後合計.json; outputs/20250721_04_energy_stat/20251020_05_energy_stat_co2_data_12_総合計_エネルギー利用分.json; outputs/20250721_04_energy_stat/20251020_05_energy_stat_co2_data_1_熱.json; outputs/20250721_04_energy_stat/20251020_05_energy_stat_co2_data_2_合計.json; outputs/20250721_04_energy_stat/20251020_05_energy_stat_co2_data_3_エネルギー利用.json; outputs/20250721_04_energy_stat/20251020_05_energy_stat_co2_data_4_非エネルギー利用.json; outputs/20250721_04_energy_stat/20251020_05_energy_stat_co2_data_5_石炭.json; outputs/20250721_04_energy_stat/20251020_05_energy_stat_co2_data_6_石炭製品.json; outputs/20250721_04_energy_stat/20251020_05_energy_stat_co2_data_7_原油.json; outputs/20250721_04_energy_stat/20251020_05_energy_stat_co2_data_8_石油製品.json; outputs/20250721_04_energy_stat/20251020_05_energy_stat_co2_data_9_天然ガス.json; outputs/20250721_04_energy_stat/list_20251020_05_energy_stat_co2_json.txt; outputs/20251118_01_1p5CRM_balance_energy/20251118_01_1p5CRM_balance_energy_data_00_石炭.json; outputs/20251118_01_1p5CRM_balance_energy/20251118_01_1p5CRM_balance_energy_data_01_石炭製品.json; outputs/20251118_01_1p5CRM_balance_energy/20251118_01_1p5CRM_balance_energy_data_02_石油製品.json; outputs/20251118_01_1p5CRM_balance_energy/20251118_01_1p5CRM_balance_energy_data_03_LPG.json; outputs/20251118_01_1p5CRM_balance_energy/20251118_01_1p5CRM_balance_energy_data_04_天然ガス.json; outputs/20251118_01_1p5CRM_balance_energy/20251118_01_1p5CRM_balance_energy_data_05_都市ガス.json; outputs/20251118_01_1p5CRM_balance_energy/20251118_01_1p5CRM_balance_energy_data_06_再生可能エネルギー(水力を除く).json; outputs/20251118_01_1p5CRM_balance_energy/20251118_01_1p5CRM_balance_energy_data_07_電力.json; outputs/20251118_01_1p5CRM_balance_energy/20251118_01_1p5CRM_balance_energy_data_08_熱.json; outputs/20251118_01_1p5CRM_balance_energy/20251118_01_1p5CRM_balance_energy_data_09_合計.json; outputs/20251118_01_1p5CRM_balance_energy/20251118_01_1p5CRM_balance_energy_data_10_エネルギー利用.json; outputs/20251118_01_1p5CRM_balance_energy/20251118_01_1p5CRM_balance_energy_data_11_非エネルギー利用.json; outputs/20251118_01_1p5CRM_balance_energy/20251118_01_1p5CRM_balance_energy_data_12_水素.json; outputs/20251118_01_1p5CRM_balance_energy/20251118_01_1p5CRM_balance_energy_data_13_合成燃料・合成メタン.json; outputs/20251118_01_1p5CRM_balance_energy/20251118_01_1p5CRM_balance_energy_data_14_非エネルギー利用(電力).json; outputs/20251118_01_1p5CRM_balance_energy/20251118_01_1p5CRM_balance_energy_data_15_非エネルギー利用(化石).json; outputs/20251118_01_1p5CRM_balance_energy/20251118_01_1p5CRM_balance_energy_data_16_非エネルギー利用(水素).json; outputs/20251118_01_1p5CRM_balance_energy/list_20251118_01_1p5CRM_balance_energy_json.txt; outputs/20251118_02_1p5CRM_balance_co2/20251118_02_1p5CRM_balance_co2_data_00_石炭.json; outputs/20251118_02_1p5CRM_balance_co2/20251118_02_1p5CRM_balance_co2_data_01_石炭製品.json; outputs/20251118_02_1p5CRM_balance_co2/20251118_02_1p5CRM_balance_co2_data_02_石油製品.json; outputs/20251118_02_1p5CRM_balance_co2/20251118_02_1p5CRM_balance_co2_data_03_LPG.json; outputs/20251118_02_1p5CRM_balance_co2/20251118_02_1p5CRM_balance_co2_data_04_天然ガス.json; outputs/20251118_02_1p5CRM_balance_co2/20251118_02_1p5CRM_balance_co2_data_05_都市ガス.json; outputs/20251118_02_1p5CRM_balance_co2/20251118_02_1p5CRM_balance_co2_data_06_再生可能エネルギー(水力を除く).json; outputs/20251118_02_1p5CRM_balance_co2/20251118_02_1p5CRM_balance_co2_data_07_電力.json; outputs/20251118_02_1p5CRM_balance_co2/20251118_02_1p5CRM_balance_co2_data_08_熱.json; outputs/20251118_02_1p5CRM_balance_co2/20251118_02_1p5CRM_balance_co2_data_09_合計.json; outputs/20251118_02_1p5CRM_balance_co2/20251118_02_1p5CRM_balance_co2_data_10_エネルギー利用.json; outputs/20251118_02_1p5CRM_balance_co2/20251118_02_1p5CRM_balance_co2_data_11_非エネルギー利用.json; outputs/20251118_02_1p5CRM_balance_co2/list_20251118_02_1p5CRM_balance_co2_json.txt; outputs/20251118_03_1p5CRM_steps_energy/20251118_03_1p5CRM_steps_energy_data_00_石炭.json; outputs/20251118_03_1p5CRM_steps_energy/20251118_03_1p5CRM_steps_energy_data_01_石炭製品.json; outputs/20251118_03_1p5CRM_steps_energy/20251118_03_1p5CRM_steps_energy_data_02_石油製品.json; outputs/20251118_03_1p5CRM_steps_energy/20251118_03_1p5CRM_steps_energy_data_03_LPG.json; outputs/20251118_03_1p5CRM_steps_energy/20251118_03_1p5CRM_steps_energy_data_04_天然ガス.json; outputs/20251118_03_1p5CRM_steps_energy/20251118_03_1p5CRM_steps_energy_data_05_都市ガス.json; outputs/20251118_03_1p5CRM_steps_energy/20251118_03_1p5CRM_steps_energy_data_06_再生可能エネルギー(水力を除く).json; outputs/20251118_03_1p5CRM_steps_energy/20251118_03_1p5CRM_steps_energy_data_07_電力.json; outputs/20251118_03_1p5CRM_steps_energy/20251118_03_1p5CRM_steps_energy_data_08_熱.json; outputs/20251118_03_1p5CRM_steps_energy/20251118_03_1p5CRM_steps_energy_data_09_合計.json; outputs/20251118_03_1p5CRM_steps_energy/20251118_03_1p5CRM_steps_energy_data_10_エネルギー利用.json; outputs/20251118_03_1p5CRM_steps_energy/20251118_03_1p5CRM_steps_energy_data_11_非エネルギー利用.json; outputs/20251118_03_1p5CRM_steps_energy/20251118_03_1p5CRM_steps_energy_data_12_水素.json; outputs/20251118_03_1p5CRM_steps_energy/20251118_03_1p5CRM_steps_energy_data_13_合成燃料・合成メタン.json; outputs/20251118_03_1p5CRM_steps_energy/20251118_03_1p5CRM_steps_energy_data_14_非エネルギー利用(電力).json; outputs/20251118_03_1p5CRM_steps_energy/20251118_03_1p5CRM_steps_energy_data_15_非エネルギー利用(化石).json; outputs/20251118_03_1p5CRM_steps_energy/20251118_03_1p5CRM_steps_energy_data_16_非エネルギー利用(水素).json; outputs/20251118_03_1p5CRM_steps_energy/list_20251118_03_1p5CRM_steps_energy_json.txt; outputs/20251118_04_1p5CRM_steps_co2/20251118_04_1p5CRM_steps_co2_data_00_石炭.json; outputs/20251118_04_1p5CRM_steps_co2/20251118_04_1p5CRM_steps_co2_data_01_石炭製品.json; outputs/20251118_04_1p5CRM_steps_co2/20251118_04_1p5CRM_steps_co2_data_02_石油製品.json; outputs/20251118_04_1p5CRM_steps_co2/20251118_04_1p5CRM_steps_co2_data_03_LPG.json; outputs/20251118_04_1p5CRM_steps_co2/20251118_04_1p5CRM_steps_co2_data_04_天然ガス.json; outputs/20251118_04_1p5CRM_steps_co2/20251118_04_1p5CRM_steps_co2_data_05_都市ガス.json; outputs/20251118_04_1p5CRM_steps_co2/20251118_04_1p5CRM_steps_co2_data_06_再生可能エネルギー(水力を除く).json; outputs/20251118_04_1p5CRM_steps_co2/20251118_04_1p5CRM_steps_co2_data_07_電力.json; outputs/20251118_04_1p5CRM_steps_co2/20251118_04_1p5CRM_steps_co2_data_08_熱.json; outputs/20251118_04_1p5CRM_steps_co2/20251118_04_1p5CRM_steps_co2_data_09_合計.json; outputs/20251118_04_1p5CRM_steps_co2/20251118_04_1p5CRM_steps_co2_data_10_エネルギー利用.json; outputs/20251118_04_1p5CRM_steps_co2/20251118_04_1p5CRM_steps_co2_data_11_非エネルギー利用.json; outputs/20251118_04_1p5CRM_steps_co2/list_20251118_04_1p5CRM_steps_co2_json.txt; outputs/20251120_21_energy_stat/list_20250721_04_energy_stat_json.txt; outputs/20251201_01_1p5CRM_balance_energy/20251201_11_1p5CRM_balance_energy_data_common_07_電力.json; outputs/20251201_01_1p5CRM_balance_energy/20251201_11_1p5CRM_balance_energy_data_common_10_エネルギー利用.json; outputs/20251201_02_1p5CRM_balance_co2/20251119_12_1p5CRM_balance_co2_data_common_07_電力.json; outputs/20251201_02_1p5CRM_balance_co2/20251119_12_1p5CRM_balance_co2_data_common_10_エネルギー利用.json; outputs/20251201_03_1p5CRM_steps_energy/20251201_13_1p5CRM_steps_energy_data_common_07_電力.json; outputs/20251201_03_1p5CRM_steps_energy/20251201_13_1p5CRM_steps_energy_data_common_10_エネルギー利用.json; outputs/20251201_04_1p5CRM_steps_co2/20251201_14_1p5CRM_steps_co2_data_common_07_電力.json; outputs/20251201_04_1p5CRM_steps_co2/20251201_14_1p5CRM_steps_co2_data_common_10_エネルギー利用.json; outputs/20251201_21_energy_stat/20251201_21_energy_stat_data_common_0_電力.json; outputs/20251201_21_energy_stat/20251201_21_energy_stat_data_common_1_熱.json; outputs/20251201_21_energy_stat/20251201_21_energy_stat_data_common_3_エネルギー利用.json; outputs/20251201_21_energy_stat/20251201_22_energy_stat_co2_data_common_12_総合計_エネルギー利用分.json; outputs/20251218_01_intensity/20251218_02_1p5CRM_balance_intensity_data_common_10_エネルギー利用.json; outputs/20251218_01_intensity/20251218_03_1p5CRM_steps_intensity_data_common_10_エネルギー利用.json; outputs/20251218_01_intensity/20260316_32_energy_stat_intensity_data_common_3_エネルギー利用_RD.json; outputs/20251218_02_SEP/20260311_02_SEP_numbers.json,生成スクリプト不明の中間ファイルあり(既存ファイルは保持): outputs/20250721_04_energy_stat/list_20251020_05_energy_stat_co2_json.txt; outputs/20251118_01_1p5CRM_balance_energy/list_20251118_01_1p5CRM_balance_energy_json.txt; outputs/20251118_02_1p5CRM_balance_co2/list_20251118_02_1p5CRM_balance_co2_json.txt; outputs/20251118_03_1p5CRM_steps_energy/list_20251118_03_1p5CRM_steps_energy_json.txt; outputs/20251118_04_1p5CRM_steps_co2/list_20251118_04_1p5CRM_steps_co2_json.txt; outputs/20251120_21_energy_stat/list_20250721_04_energy_stat_json.txt
315,doc/report2026/figures/20260205_11_plot_co2_energy_04_家庭_cap.png,True,charts/20260205_11_plot_co2_energy_04_家庭.png,True,scripts/20260205_11_plot_co2_energy_sectors.py,scripts/20250506_05_import_GHG_data.py; scripts/20250721_04_import_energy_stat.py; scripts/20251020_05_import_energy_stat_co2.py; scripts/20251118_02_import_1p5CRM_balance_co2.py; scripts/20251118_04_import_1p5CRM_steps_co2.py; scripts/20251201_12_refine_data_structure_1p5CRM_balance_co2.py; scripts/20251201_14_refine_data_structure_1p5CRM_steps_co2.py; scripts/20251201_21_refine_data_structure_energy_stat.py; scripts/20251201_22_refine_data_structure_energy_stat_co2.py; scripts/20260311_02_import_SEP_numbers.py; scripts/20260316_01_redistribute_co2.py; scripts/config.py,inputs/1p5CRM/20231114_1p5CRM_balance_energy_co2_rev1.xlsx; inputs/1p5CRM/20231114_1p5CRM_steps_energy_co2_rev4.xlsx; inputs/1p5CRM/20251104_05_1p5CRM_data_structure.xlsx; inputs/1p5CRM/20251120_06_1p5CRM_data_structure.xlsx; inputs/20251201_06_data_structure_common.json; inputs/GHGI/20250506_05_data_structure.xlsx; inputs/GHGI/L5-7gas_2025_gioweb_1.0_mod.xlsx; inputs/SEP/20260116_02_SEP_numbers.xlsx; inputs/energy_stat/20250721_04_energy_statistics_data_structure.xlsx; inputs/energy_stat/20251020_05_energy_statistics_data_structure_co2.xlsx; inputs/energy_stat/list_energy_stat_excel.txt; inputs/energy_stat/stte_2010.xlsx; inputs/energy_stat/stte_2011.xlsx; inputs/energy_stat/stte_2012.xlsx; inputs/energy_stat/stte_2013.xlsx; inputs/energy_stat/stte_2014.xlsx; inputs/energy_stat/stte_2015.xlsx; inputs/energy_stat/stte_2016.xlsx; inputs/energy_stat/stte_2017.xlsx; inputs/energy_stat/stte_2018.xlsx; inputs/energy_stat/stte_2019.xlsx; inputs/energy_stat/stte_2020.xlsx; inputs/energy_stat/stte_2021.xlsx; inputs/energy_stat/stte_2022.xlsx; inputs/energy_stat/stte_2023.xlsx; outputs/20250506_GHGI/20250506_05_ghg_data.json; outputs/20250721_04_energy_stat/20250721_04_energy_stat_data_0_電力.json; outputs/20250721_04_energy_stat/20250721_04_energy_stat_data_10_都市ガス.json; outputs/20250721_04_energy_stat/20250721_04_energy_stat_data_11_再生可能エネルギー(水力を除く).json; outputs/20250721_04_energy_stat/20250721_04_energy_stat_data_12_水力発電（揚水除く）.json; outputs/20250721_04_energy_stat/20250721_04_energy_stat_data_13_揚水発電.json; outputs/20250721_04_energy_stat/20250721_04_energy_stat_data_14_未活用エネルギー.json; outputs/20250721_04_energy_stat/20250721_04_energy_stat_data_15_原子力発電.json; outputs/20250721_04_energy_stat/20250721_04_energy_stat_data_1_熱.json; outputs/20250721_04_energy_stat/20250721_04_energy_stat_data_2_合計.json; outputs/20250721_04_energy_stat/20250721_04_energy_stat_data_3_エネルギー利用.json; outputs/20250721_04_energy_stat/20250721_04_energy_stat_data_4_非エネルギー利用.json; outputs/20250721_04_energy_stat/20250721_04_energy_stat_data_5_石炭.json; outputs/20250721_04_energy_stat/20250721_04_energy_stat_data_6_石炭製品.json; outputs/20250721_04_energy_stat/20250721_04_energy_stat_data_7_原油.json; outputs/20250721_04_energy_stat/20250721_04_energy_stat_data_8_石油製品.json; outputs/20250721_04_energy_stat/20250721_04_energy_stat_data_9_天然ガス.json; outputs/20250721_04_energy_stat/20251020_05_energy_stat_co2_data_0_電力.json; outputs/20250721_04_energy_stat/20251020_05_energy_stat_co2_data_10_都市ガス.json; outputs/20250721_04_energy_stat/20251020_05_energy_stat_co2_data_11_総合計_電力･熱寄与間接排出配分後合計.json; outputs/20250721_04_energy_stat/20251020_05_energy_stat_co2_data_12_総合計_エネルギー利用分.json; outputs/20250721_04_energy_stat/20251020_05_energy_stat_co2_data_1_熱.json; outputs/20250721_04_energy_stat/20251020_05_energy_stat_co2_data_2_合計.json; outputs/20250721_04_energy_stat/20251020_05_energy_stat_co2_data_3_エネルギー利用.json; outputs/20250721_04_energy_stat/20251020_05_energy_stat_co2_data_4_非エネルギー利用.json; outputs/20250721_04_energy_stat/20251020_05_energy_stat_co2_data_5_石炭.json; outputs/20250721_04_energy_stat/20251020_05_energy_stat_co2_data_6_石炭製品.json; outputs/20250721_04_energy_stat/20251020_05_energy_stat_co2_data_7_原油.json; outputs/20250721_04_energy_stat/20251020_05_energy_stat_co2_data_8_石油製品.json; outputs/20250721_04_energy_stat/20251020_05_energy_stat_co2_data_9_天然ガス.json; outputs/20250721_04_energy_stat/list_20251020_05_energy_stat_co2_json.txt; outputs/20251118_02_1p5CRM_balance_co2/20251118_02_1p5CRM_balance_co2_data_00_石炭.json; outputs/20251118_02_1p5CRM_balance_co2/20251118_02_1p5CRM_balance_co2_data_01_石炭製品.json; outputs/20251118_02_1p5CRM_balance_co2/20251118_02_1p5CRM_balance_co2_data_02_石油製品.json; outputs/20251118_02_1p5CRM_balance_co2/20251118_02_1p5CRM_balance_co2_data_03_LPG.json; outputs/20251118_02_1p5CRM_balance_co2/20251118_02_1p5CRM_balance_co2_data_04_天然ガス.json; outputs/20251118_02_1p5CRM_balance_co2/20251118_02_1p5CRM_balance_co2_data_05_都市ガス.json; outputs/20251118_02_1p5CRM_balance_co2/20251118_02_1p5CRM_balance_co2_data_06_再生可能エネルギー(水力を除く).json; outputs/20251118_02_1p5CRM_balance_co2/20251118_02_1p5CRM_balance_co2_data_07_電力.json; outputs/20251118_02_1p5CRM_balance_co2/20251118_02_1p5CRM_balance_co2_data_08_熱.json; outputs/20251118_02_1p5CRM_balance_co2/20251118_02_1p5CRM_balance_co2_data_09_合計.json; outputs/20251118_02_1p5CRM_balance_co2/20251118_02_1p5CRM_balance_co2_data_10_エネルギー利用.json; outputs/20251118_02_1p5CRM_balance_co2/20251118_02_1p5CRM_balance_co2_data_11_非エネルギー利用.json; outputs/20251118_02_1p5CRM_balance_co2/list_20251118_02_1p5CRM_balance_co2_json.txt; outputs/20251118_04_1p5CRM_steps_co2/20251118_04_1p5CRM_steps_co2_data_00_石炭.json; outputs/20251118_04_1p5CRM_steps_co2/20251118_04_1p5CRM_steps_co2_data_01_石炭製品.json; outputs/20251118_04_1p5CRM_steps_co2/20251118_04_1p5CRM_steps_co2_data_02_石油製品.json; outputs/20251118_04_1p5CRM_steps_co2/20251118_04_1p5CRM_steps_co2_data_03_LPG.json; outputs/20251118_04_1p5CRM_steps_co2/20251118_04_1p5CRM_steps_co2_data_04_天然ガス.json; outputs/20251118_04_1p5CRM_steps_co2/20251118_04_1p5CRM_steps_co2_data_05_都市ガス.json; outputs/20251118_04_1p5CRM_steps_co2/20251118_04_1p5CRM_steps_co2_data_06_再生可能エネルギー(水力を除く).json; outputs/20251118_04_1p5CRM_steps_co2/20251118_04_1p5CRM_steps_co2_data_07_電力.json; outputs/20251118_04_1p5CRM_steps_co2/20251118_04_1p5CRM_steps_co2_data_08_熱.json; outputs/20251118_04_1p5CRM_steps_co2/20251118_04_1p5CRM_steps_co2_data_09_合計.json; outputs/20251118_04_1p5CRM_steps_co2/20251118_04_1p5CRM_steps_co2_data_10_エネルギー利用.json; outputs/20251118_04_1p5CRM_steps_co2/20251118_04_1p5CRM_steps_co2_data_11_非エネルギー利用.json; outputs/20251118_04_1p5CRM_steps_co2/list_20251118_04_1p5CRM_steps_co2_json.txt; outputs/20251120_21_energy_stat/list_20250721_04_energy_stat_json.txt; outputs/20251201_02_1p5CRM_balance_co2/20251119_12_1p5CRM_balance_co2_data_common_10_エネルギー利用.json; outputs/20251201_04_1p5CRM_steps_co2/20251201_14_1p5CRM_steps_co2_data_common_10_エネルギー利用.json; outputs/20251201_21_energy_stat/20251201_21_energy_stat_data_common_0_電力.json; outputs/20251201_21_energy_stat/20251201_21_energy_stat_data_common_1_熱.json; outputs/20251201_21_energy_stat/20251201_21_energy_stat_data_common_3_エネルギー利用.json; outputs/20251201_21_energy_stat/20251201_22_energy_stat_co2_data_common_12_総合計_エネルギー利用分.json; outputs/20251201_21_energy_stat/20260316_32_energy_stat_co2_data_common_12_総合計_エネルギー利用分_RD.json; outputs/20251218_02_SEP/20260311_02_SEP_numbers.json,生成スクリプト不明の中間ファイルあり(既存ファイルは保持): outputs/20250721_04_energy_stat/list_20251020_05_energy_stat_co2_json.txt; outputs/20251118_02_1p5CRM_balance_co2/list_20251118_02_1p5CRM_balance_co2_json.txt; outputs/20251118_04_1p5CRM_steps_co2/list_20251118_04_1p5CRM_steps_co2_json.txt; outputs/20251120_21_energy_stat/list_20250721_04_energy_stat_json.txt
326,doc/report2026/figures/20260205_10_plot_energy_05_運輸_cap.png,True,charts/20260205_10_plot_energy_05_運輸.png,True,scripts/20260205_10_plot_energy_FEC_sectors.py,scripts/20250721_04_import_energy_stat.py; scripts/20251118_01_import_1p5CRM_balance_energy.py; scripts/20251118_03_import_1p5CRM_steps_energy.py; scripts/20251201_11_refine_data_structure_1p5CRM_balance_energy.py; scripts/20251201_13_refine_data_structure_1p5CRM_steps_energy.py; scripts/20251201_21_refine_data_structure_energy_stat.py; scripts/20260311_02_import_SEP_numbers.py; scripts/config.py,inputs/1p5CRM/20231114_1p5CRM_balance_energy_co2_rev1.xlsx; inputs/1p5CRM/20231114_1p5CRM_steps_energy_co2_rev4.xlsx; inputs/1p5CRM/20251104_05_1p5CRM_data_structure.xlsx; inputs/20251201_06_data_structure_common.json; inputs/SEP/20260116_02_SEP_numbers.xlsx; inputs/energy_stat/20250721_04_energy_statistics_data_structure.xlsx; inputs/energy_stat/list_energy_stat_excel.txt; inputs/energy_stat/stte_2010.xlsx; inputs/energy_stat/stte_2011.xlsx; inputs/energy_stat/stte_2012.xlsx; inputs/energy_stat/stte_2013.xlsx; inputs/energy_stat/stte_2014.xlsx; inputs/energy_stat/stte_2015.xlsx; inputs/energy_stat/stte_2016.xlsx; inputs/energy_stat/stte_2017.xlsx; inputs/energy_stat/stte_2018.xlsx; inputs/energy_stat/stte_2019.xlsx; inputs/energy_stat/stte_2020.xlsx; inputs/energy_stat/stte_2021.xlsx; inputs/energy_stat/stte_2022.xlsx; inputs/energy_stat/stte_2023.xlsx; outputs/20250721_04_energy_stat/20250721_04_energy_stat_data_0_電力.json; outputs/20250721_04_energy_stat/20250721_04_energy_stat_data_10_都市ガス.json; outputs/20250721_04_energy_stat/20250721_04_energy_stat_data_11_再生可能エネルギー(水力を除く).json; outputs/20250721_04_energy_stat/20250721_04_energy_stat_data_12_水力発電（揚水除く）.json; outputs/20250721_04_energy_stat/20250721_04_energy_stat_data_13_揚水発電.json; outputs/20250721_04_energy_stat/20250721_04_energy_stat_data_14_未活用エネルギー.json; outputs/20250721_04_energy_stat/20250721_04_energy_stat_data_15_原子力発電.json; outputs/20250721_04_energy_stat/20250721_04_energy_stat_data_1_熱.json; outputs/20250721_04_energy_stat/20250721_04_energy_stat_data_2_合計.json; outputs/20250721_04_energy_stat/20250721_04_energy_stat_data_3_エネルギー利用.json; outputs/20250721_04_energy_stat/20250721_04_energy_stat_data_4_非エネルギー利用.json; outputs/20250721_04_energy_stat/20250721_04_energy_stat_data_5_石炭.json; outputs/20250721_04_energy_stat/20250721_04_energy_stat_data_6_石炭製品.json; outputs/20250721_04_energy_stat/20250721_04_energy_stat_data_7_原油.json; outputs/20250721_04_energy_stat/20250721_04_energy_stat_data_8_石油製品.json; outputs/20250721_04_energy_stat/20250721_04_energy_stat_data_9_天然ガス.json; outputs/20251118_01_1p5CRM_balance_energy/20251118_01_1p5CRM_balance_energy_data_00_石炭.json; outputs/20251118_01_1p5CRM_balance_energy/20251118_01_1p5CRM_balance_energy_data_01_石炭製品.json; outputs/20251118_01_1p5CRM_balance_energy/20251118_01_1p5CRM_balance_energy_data_02_石油製品.json; outputs/20251118_01_1p5CRM_balance_energy/20251118_01_1p5CRM_balance_energy_data_03_LPG.json; outputs/20251118_01_1p5CRM_balance_energy/20251118_01_1p5CRM_balance_energy_data_04_天然ガス.json; outputs/20251118_01_1p5CRM_balance_energy/20251118_01_1p5CRM_balance_energy_data_05_都市ガス.json; outputs/20251118_01_1p5CRM_balance_energy/20251118_01_1p5CRM_balance_energy_data_06_再生可能エネルギー(水力を除く).json; outputs/20251118_01_1p5CRM_balance_energy/20251118_01_1p5CRM_balance_energy_data_07_電力.json; outputs/20251118_01_1p5CRM_balance_energy/20251118_01_1p5CRM_balance_energy_data_08_熱.json; outputs/20251118_01_1p5CRM_balance_energy/20251118_01_1p5CRM_balance_energy_data_09_合計.json; outputs/20251118_01_1p5CRM_balance_energy/20251118_01_1p5CRM_balance_energy_data_10_エネルギー利用.json; outputs/20251118_01_1p5CRM_balance_energy/20251118_01_1p5CRM_balance_energy_data_11_非エネルギー利用.json; outputs/20251118_01_1p5CRM_balance_energy/20251118_01_1p5CRM_balance_energy_data_12_水素.json; outputs/20251118_01_1p5CRM_balance_energy/20251118_01_1p5CRM_balance_energy_data_13_合成燃料・合成メタン.json; outputs/20251118_01_1p5CRM_balance_energy/20251118_01_1p5CRM_balance_energy_data_14_非エネルギー利用(電力).json; outputs/20251118_01_1p5CRM_balance_energy/20251118_01_1p5CRM_balance_energy_data_15_非エネルギー利用(化石).json; outputs/20251118_01_1p5CRM_balance_energy/20251118_01_1p5CRM_balance_energy_data_16_非エネルギー利用(水素).json; outputs/20251118_01_1p5CRM_balance_energy/list_20251118_01_1p5CRM_balance_energy_json.txt; outputs/20251118_03_1p5CRM_steps_energy/20251118_03_1p5CRM_steps_energy_data_00_石炭.json; outputs/20251118_03_1p5CRM_steps_energy/20251118_03_1p5CRM_steps_energy_data_01_石炭製品.json; outputs/20251118_03_1p5CRM_steps_energy/20251118_03_1p5CRM_steps_energy_data_02_石油製品.json; outputs/20251118_03_1p5CRM_steps_energy/20251118_03_1p5CRM_steps_energy_data_03_LPG.json; outputs/20251118_03_1p5CRM_steps_energy/20251118_03_1p5CRM_steps_energy_data_04_天然ガス.json; outputs/20251118_03_1p5CRM_steps_energy/20251118_03_1p5CRM_steps_energy_data_05_都市ガス.json; outputs/20251118_03_1p5CRM_steps_energy/20251118_03_1p5CRM_steps_energy_data_06_再生可能エネルギー(水力を除く).json; outputs/20251118_03_1p5CRM_steps_energy/20251118_03_1p5CRM_steps_energy_data_07_電力.json; outputs/20251118_03_1p5CRM_steps_energy/20251118_03_1p5CRM_steps_energy_data_08_熱.json; outputs/20251118_03_1p5CRM_steps_energy/20251118_03_1p5CRM_steps_energy_data_09_合計.json; outputs/20251118_03_1p5CRM_steps_energy/20251118_03_1p5CRM_steps_energy_data_10_エネルギー利用.json; outputs/20251118_03_1p5CRM_steps_energy/20251118_03_1p5CRM_steps_energy_data_11_非エネルギー利用.json; outputs/20251118_03_1p5CRM_steps_energy/20251118_03_1p5CRM_steps_energy_data_12_水素.json; outputs/20251118_03_1p5CRM_steps_energy/20251118_03_1p5CRM_steps_energy_data_13_合成燃料・合成メタン.json; outputs/20251118_03_1p5CRM_steps_energy/20251118_03_1p5CRM_steps_energy_data_14_非エネルギー利用(電力).json; outputs/20251118_03_1p5CRM_steps_energy/20251118_03_1p5CRM_steps_energy_data_15_非エネルギー利用(化石).json; outputs/20251118_03_1p5CRM_steps_energy/20251118_03_1p5CRM_steps_energy_data_16_非エネルギー利用(水素).json; outputs/20251118_03_1p5CRM_steps_energy/list_20251118_03_1p5CRM_steps_energy_json.txt; outputs/20251120_21_energy_stat/list_20250721_04_energy_stat_json.txt; outputs/20251201_01_1p5CRM_balance_energy/20251201_11_1p5CRM_balance_energy_data_common_10_エネルギー利用.json; outputs/20251201_03_1p5CRM_steps_energy/20251201_13_1p5CRM_steps_energy_data_common_10_エネルギー利用.json; outputs/20251201_21_energy_stat/20251201_21_energy_stat_data_common_3_エネルギー利用.json; outputs/20251218_02_SEP/20260311_02_SEP_numbers.json,生成スクリプト不明の中間ファイルあり(既存ファイルは保持): outputs/20251118_01_1p5CRM_balance_energy/list_20251118_01_1p5CRM_balance_energy_json.txt; outputs/20251118_03_1p5CRM_steps_energy/list_20251118_03_1p5CRM_steps_energy_json.txt; outputs/20251120_21_energy_stat/list_20250721_04_energy_stat_json.txt
327,doc/report2026/figures/20260730_13_plot_intensity_energy_05_運輸_cap.png,True,charts/20260730_13_plot_intensity_energy_05_運輸.png,True,scripts/20260730_13_plot_intensity_energy_sectors.py,scripts/20250506_05_import_GHG_data.py; scripts/20250721_04_import_energy_stat.py; scripts/20251020_05_import_energy_stat_co2.py; scripts/20251118_01_import_1p5CRM_balance_energy.py; scripts/20251118_02_import_1p5CRM_balance_co2.py; scripts/20251118_03_import_1p5CRM_steps_energy.py; scripts/20251118_04_import_1p5CRM_steps_co2.py; scripts/20251201_11_refine_data_structure_1p5CRM_balance_energy.py; scripts/20251201_12_refine_data_structure_1p5CRM_balance_co2.py; scripts/20251201_13_refine_data_structure_1p5CRM_steps_energy.py; scripts/20251201_14_refine_data_structure_1p5CRM_steps_co2.py; scripts/20251201_21_refine_data_structure_energy_stat.py; scripts/20251201_22_refine_data_structure_energy_stat_co2.py; scripts/20251218_02_calc_intensity_1p5CRM_balance.py; scripts/20251218_03_calc_intensity_1p5CRM_steps.py; scripts/20260311_02_import_SEP_numbers.py; scripts/20260316_01_redistribute_co2.py; scripts/config.py,inputs/1p5CRM/20231114_1p5CRM_balance_energy_co2_rev1.xlsx; inputs/1p5CRM/20231114_1p5CRM_steps_energy_co2_rev4.xlsx; inputs/1p5CRM/20251104_05_1p5CRM_data_structure.xlsx; inputs/1p5CRM/20251120_06_1p5CRM_data_structure.xlsx; inputs/20251201_06_data_structure_common.json; inputs/GHGI/20250506_05_data_structure.xlsx; inputs/GHGI/L5-7gas_2025_gioweb_1.0_mod.xlsx; inputs/SEP/20260116_02_SEP_numbers.xlsx; inputs/energy_stat/20250721_04_energy_statistics_data_structure.xlsx; inputs/energy_stat/20251020_05_energy_statistics_data_structure_co2.xlsx; inputs/energy_stat/list_energy_stat_excel.txt; inputs/energy_stat/stte_2010.xlsx; inputs/energy_stat/stte_2011.xlsx; inputs/energy_stat/stte_2012.xlsx; inputs/energy_stat/stte_2013.xlsx; inputs/energy_stat/stte_2014.xlsx; inputs/energy_stat/stte_2015.xlsx; inputs/energy_stat/stte_2016.xlsx; inputs/energy_stat/stte_2017.xlsx; inputs/energy_stat/stte_2018.xlsx; inputs/energy_stat/stte_2019.xlsx; inputs/energy_stat/stte_2020.xlsx; inputs/energy_stat/stte_2021.xlsx; inputs/energy_stat/stte_2022.xlsx; inputs/energy_stat/stte_2023.xlsx; outputs/20250506_GHGI/20250506_05_ghg_data.json; outputs/20250721_04_energy_stat/20250721_04_energy_stat_data_0_電力.json; outputs/20250721_04_energy_stat/20250721_04_energy_stat_data_10_都市ガス.json; outputs/20250721_04_energy_stat/20250721_04_energy_stat_data_11_再生可能エネルギー(水力を除く).json; outputs/20250721_04_energy_stat/20250721_04_energy_stat_data_12_水力発電（揚水除く）.json; outputs/20250721_04_energy_stat/20250721_04_energy_stat_data_13_揚水発電.json; outputs/20250721_04_energy_stat/20250721_04_energy_stat_data_14_未活用エネルギー.json; outputs/20250721_04_energy_stat/20250721_04_energy_stat_data_15_原子力発電.json; outputs/20250721_04_energy_stat/20250721_04_energy_stat_data_1_熱.json; outputs/20250721_04_energy_stat/20250721_04_energy_stat_data_2_合計.json; outputs/20250721_04_energy_stat/20250721_04_energy_stat_data_3_エネルギー利用.json; outputs/20250721_04_energy_stat/20250721_04_energy_stat_data_4_非エネルギー利用.json; outputs/20250721_04_energy_stat/20250721_04_energy_stat_data_5_石炭.json; outputs/20250721_04_energy_stat/20250721_04_energy_stat_data_6_石炭製品.json; outputs/20250721_04_energy_stat/20250721_04_energy_stat_data_7_原油.json; outputs/20250721_04_energy_stat/20250721_04_energy_stat_data_8_石油製品.json; outputs/20250721_04_energy_stat/20250721_04_energy_stat_data_9_天然ガス.json; outputs/20250721_04_energy_stat/20251020_05_energy_stat_co2_data_0_電力.json; outputs/20250721_04_energy_stat/20251020_05_energy_stat_co2_data_10_都市ガス.json; outputs/20250721_04_energy_stat/20251020_05_energy_stat_co2_data_11_総合計_電力･熱寄与間接排出配分後合計.json; outputs/20250721_04_energy_stat/20251020_05_energy_stat_co2_data_12_総合計_エネルギー利用分.json; outputs/20250721_04_energy_stat/20251020_05_energy_stat_co2_data_1_熱.json; outputs/20250721_04_energy_stat/20251020_05_energy_stat_co2_data_2_合計.json; outputs/20250721_04_energy_stat/20251020_05_energy_stat_co2_data_3_エネルギー利用.json; outputs/20250721_04_energy_stat/20251020_05_energy_stat_co2_data_4_非エネルギー利用.json; outputs/20250721_04_energy_stat/20251020_05_energy_stat_co2_data_5_石炭.json; outputs/20250721_04_energy_stat/20251020_05_energy_stat_co2_data_6_石炭製品.json; outputs/20250721_04_energy_stat/20251020_05_energy_stat_co2_data_7_原油.json; outputs/20250721_04_energy_stat/20251020_05_energy_stat_co2_data_8_石油製品.json; outputs/20250721_04_energy_stat/20251020_05_energy_stat_co2_data_9_天然ガス.json; outputs/20250721_04_energy_stat/list_20251020_05_energy_stat_co2_json.txt; outputs/20251118_01_1p5CRM_balance_energy/20251118_01_1p5CRM_balance_energy_data_00_石炭.json; outputs/20251118_01_1p5CRM_balance_energy/20251118_01_1p5CRM_balance_energy_data_01_石炭製品.json; outputs/20251118_01_1p5CRM_balance_energy/20251118_01_1p5CRM_balance_energy_data_02_石油製品.json; outputs/20251118_01_1p5CRM_balance_energy/20251118_01_1p5CRM_balance_energy_data_03_LPG.json; outputs/20251118_01_1p5CRM_balance_energy/20251118_01_1p5CRM_balance_energy_data_04_天然ガス.json; outputs/20251118_01_1p5CRM_balance_energy/20251118_01_1p5CRM_balance_energy_data_05_都市ガス.json; outputs/20251118_01_1p5CRM_balance_energy/20251118_01_1p5CRM_balance_energy_data_06_再生可能エネルギー(水力を除く).json; outputs/20251118_01_1p5CRM_balance_energy/20251118_01_1p5CRM_balance_energy_data_07_電力.json; outputs/20251118_01_1p5CRM_balance_energy/20251118_01_1p5CRM_balance_energy_data_08_熱.json; outputs/20251118_01_1p5CRM_balance_energy/20251118_01_1p5CRM_balance_energy_data_09_合計.json; outputs/20251118_01_1p5CRM_balance_energy/20251118_01_1p5CRM_balance_energy_data_10_エネルギー利用.json; outputs/20251118_01_1p5CRM_balance_energy/20251118_01_1p5CRM_balance_energy_data_11_非エネルギー利用.json; outputs/20251118_01_1p5CRM_balance_energy/20251118_01_1p5CRM_balance_energy_data_12_水素.json; outputs/20251118_01_1p5CRM_balance_energy/20251118_01_1p5CRM_balance_energy_data_13_合成燃料・合成メタン.json; outputs/20251118_01_1p5CRM_balance_energy/20251118_01_1p5CRM_balance_energy_data_14_非エネルギー利用(電力).json; outputs/20251118_01_1p5CRM_balance_energy/20251118_01_1p5CRM_balance_energy_data_15_非エネルギー利用(化石).json; outputs/20251118_01_1p5CRM_balance_energy/20251118_01_1p5CRM_balance_energy_data_16_非エネルギー利用(水素).json; outputs/20251118_01_1p5CRM_balance_energy/list_20251118_01_1p5CRM_balance_energy_json.txt; outputs/20251118_02_1p5CRM_balance_co2/20251118_02_1p5CRM_balance_co2_data_00_石炭.json; outputs/20251118_02_1p5CRM_balance_co2/20251118_02_1p5CRM_balance_co2_data_01_石炭製品.json; outputs/20251118_02_1p5CRM_balance_co2/20251118_02_1p5CRM_balance_co2_data_02_石油製品.json; outputs/20251118_02_1p5CRM_balance_co2/20251118_02_1p5CRM_balance_co2_data_03_LPG.json; outputs/20251118_02_1p5CRM_balance_co2/20251118_02_1p5CRM_balance_co2_data_04_天然ガス.json; outputs/20251118_02_1p5CRM_balance_co2/20251118_02_1p5CRM_balance_co2_data_05_都市ガス.json; outputs/20251118_02_1p5CRM_balance_co2/20251118_02_1p5CRM_balance_co2_data_06_再生可能エネルギー(水力を除く).json; outputs/20251118_02_1p5CRM_balance_co2/20251118_02_1p5CRM_balance_co2_data_07_電力.json; outputs/20251118_02_1p5CRM_balance_co2/20251118_02_1p5CRM_balance_co2_data_08_熱.json; outputs/20251118_02_1p5CRM_balance_co2/20251118_02_1p5CRM_balance_co2_data_09_合計.json; outputs/20251118_02_1p5CRM_balance_co2/20251118_02_1p5CRM_balance_co2_data_10_エネルギー利用.json; outputs/20251118_02_1p5CRM_balance_co2/20251118_02_1p5CRM_balance_co2_data_11_非エネルギー利用.json; outputs/20251118_02_1p5CRM_balance_co2/list_20251118_02_1p5CRM_balance_co2_json.txt; outputs/20251118_03_1p5CRM_steps_energy/20251118_03_1p5CRM_steps_energy_data_00_石炭.json; outputs/20251118_03_1p5CRM_steps_energy/20251118_03_1p5CRM_steps_energy_data_01_石炭製品.json; outputs/20251118_03_1p5CRM_steps_energy/20251118_03_1p5CRM_steps_energy_data_02_石油製品.json; outputs/20251118_03_1p5CRM_steps_energy/20251118_03_1p5CRM_steps_energy_data_03_LPG.json; outputs/20251118_03_1p5CRM_steps_energy/20251118_03_1p5CRM_steps_energy_data_04_天然ガス.json; outputs/20251118_03_1p5CRM_steps_energy/20251118_03_1p5CRM_steps_energy_data_05_都市ガス.json; outputs/20251118_03_1p5CRM_steps_energy/20251118_03_1p5CRM_steps_energy_data_06_再生可能エネルギー(水力を除く).json; outputs/20251118_03_1p5CRM_steps_energy/20251118_03_1p5CRM_steps_energy_data_07_電力.json; outputs/20251118_03_1p5CRM_steps_energy/20251118_03_1p5CRM_steps_energy_data_08_熱.json; outputs/20251118_03_1p5CRM_steps_energy/20251118_03_1p5CRM_steps_energy_data_09_合計.json; outputs/20251118_03_1p5CRM_steps_energy/20251118_03_1p5CRM_steps_energy_data_10_エネルギー利用.json; outputs/20251118_03_1p5CRM_steps_energy/20251118_03_1p5CRM_steps_energy_data_11_非エネルギー利用.json; outputs/20251118_03_1p5CRM_steps_energy/20251118_03_1p5CRM_steps_energy_data_12_水素.json; outputs/20251118_03_1p5CRM_steps_energy/20251118_03_1p5CRM_steps_energy_data_13_合成燃料・合成メタン.json; outputs/20251118_03_1p5CRM_steps_energy/20251118_03_1p5CRM_steps_energy_data_14_非エネルギー利用(電力).json; outputs/20251118_03_1p5CRM_steps_energy/20251118_03_1p5CRM_steps_energy_data_15_非エネルギー利用(化石).json; outputs/20251118_03_1p5CRM_steps_energy/20251118_03_1p5CRM_steps_energy_data_16_非エネルギー利用(水素).json; outputs/20251118_03_1p5CRM_steps_energy/list_20251118_03_1p5CRM_steps_energy_json.txt; outputs/20251118_04_1p5CRM_steps_co2/20251118_04_1p5CRM_steps_co2_data_00_石炭.json; outputs/20251118_04_1p5CRM_steps_co2/20251118_04_1p5CRM_steps_co2_data_01_石炭製品.json; outputs/20251118_04_1p5CRM_steps_co2/20251118_04_1p5CRM_steps_co2_data_02_石油製品.json; outputs/20251118_04_1p5CRM_steps_co2/20251118_04_1p5CRM_steps_co2_data_03_LPG.json; outputs/20251118_04_1p5CRM_steps_co2/20251118_04_1p5CRM_steps_co2_data_04_天然ガス.json; outputs/20251118_04_1p5CRM_steps_co2/20251118_04_1p5CRM_steps_co2_data_05_都市ガス.json; outputs/20251118_04_1p5CRM_steps_co2/20251118_04_1p5CRM_steps_co2_data_06_再生可能エネルギー(水力を除く).json; outputs/20251118_04_1p5CRM_steps_co2/20251118_04_1p5CRM_steps_co2_data_07_電力.json; outputs/20251118_04_1p5CRM_steps_co2/20251118_04_1p5CRM_steps_co2_data_08_熱.json; outputs/20251118_04_1p5CRM_steps_co2/20251118_04_1p5CRM_steps_co2_data_09_合計.json; outputs/20251118_04_1p5CRM_steps_co2/20251118_04_1p5CRM_steps_co2_data_10_エネルギー利用.json; outputs/20251118_04_1p5CRM_steps_co2/20251118_04_1p5CRM_steps_co2_data_11_非エネルギー利用.json; outputs/20251118_04_1p5CRM_steps_co2/list_20251118_04_1p5CRM_steps_co2_json.txt; outputs/20251120_21_energy_stat/list_20250721_04_energy_stat_json.txt; outputs/20251201_01_1p5CRM_balance_energy/20251201_11_1p5CRM_balance_energy_data_common_07_電力.json; outputs/20251201_01_1p5CRM_balance_energy/20251201_11_1p5CRM_balance_energy_data_common_10_エネルギー利用.json; outputs/20251201_02_1p5CRM_balance_co2/20251119_12_1p5CRM_balance_co2_data_common_07_電力.json; outputs/20251201_02_1p5CRM_balance_co2/20251119_12_1p5CRM_balance_co2_data_common_10_エネルギー利用.json; outputs/20251201_03_1p5CRM_steps_energy/20251201_13_1p5CRM_steps_energy_data_common_07_電力.json; outputs/20251201_03_1p5CRM_steps_energy/20251201_13_1p5CRM_steps_energy_data_common_10_エネルギー利用.json; outputs/20251201_04_1p5CRM_steps_co2/20251201_14_1p5CRM_steps_co2_data_common_07_電力.json; outputs/20251201_04_1p5CRM_steps_co2/20251201_14_1p5CRM_steps_co2_data_common_10_エネルギー利用.json; outputs/20251201_21_energy_stat/20251201_21_energy_stat_data_common_0_電力.json; outputs/20251201_21_energy_stat/20251201_21_energy_stat_data_common_1_熱.json; outputs/20251201_21_energy_stat/20251201_21_energy_stat_data_common_3_エネルギー利用.json; outputs/20251201_21_energy_stat/20251201_22_energy_stat_co2_data_common_12_総合計_エネルギー利用分.json; outputs/20251218_01_intensity/20251218_02_1p5CRM_balance_intensity_data_common_10_エネルギー利用.json; outputs/20251218_01_intensity/20251218_03_1p5CRM_steps_intensity_data_common_10_エネルギー利用.json; outputs/20251218_01_intensity/20260316_32_energy_stat_intensity_data_common_3_エネルギー利用_RD.json; outputs/20251218_02_SEP/20260311_02_SEP_numbers.json,生成スクリプト不明の中間ファイルあり(既存ファイルは保持): outputs/20250721_04_energy_stat/list_20251020_05_energy_stat_co2_json.txt; outputs/20251118_01_1p5CRM_balance_energy/list_20251118_01_1p5CRM_balance_energy_json.txt; outputs/20251118_02_1p5CRM_balance_co2/list_20251118_02_1p5CRM_balance_co2_json.txt; outputs/20251118_03_1p5CRM_steps_energy/list_20251118_03_1p5CRM_steps_energy_json.txt; outputs/20251118_04_1p5CRM_steps_co2/list_20251118_04_1p5CRM_steps_co2_json.txt; outputs/20251120_21_energy_stat/list_20250721_04_energy_stat_json.txt
328,doc/report2026/figures/20260205_11_plot_co2_energy_05_運輸_cap.png,True,charts/20260205_11_plot_co2_energy_05_運輸.png,True,scripts/20260205_11_plot_co2_energy_sectors.py,scripts/20250506_05_import_GHG_data.py; scripts/20250721_04_import_energy_stat.py; scripts/20251020_05_import_energy_stat_co2.py; scripts/20251118_02_import_1p5CRM_balance_co2.py; scripts/20251118_04_import_1p5CRM_steps_co2.py; scripts/20251201_12_refine_data_structure_1p5CRM_balance_co2.py; scripts/20251201_14_refine_data_structure_1p5CRM_steps_co2.py; scripts/20251201_21_refine_data_structure_energy_stat.py; scripts/20251201_22_refine_data_structure_energy_stat_co2.py; scripts/20260311_02_import_SEP_numbers.py; scripts/20260316_01_redistribute_co2.py; scripts/config.py,inputs/1p5CRM/20231114_1p5CRM_balance_energy_co2_rev1.xlsx; inputs/1p5CRM/20231114_1p5CRM_steps_energy_co2_rev4.xlsx; inputs/1p5CRM/20251104_05_1p5CRM_data_structure.xlsx; inputs/1p5CRM/20251120_06_1p5CRM_data_structure.xlsx; inputs/20251201_06_data_structure_common.json; inputs/GHGI/20250506_05_data_structure.xlsx; inputs/GHGI/L5-7gas_2025_gioweb_1.0_mod.xlsx; inputs/SEP/20260116_02_SEP_numbers.xlsx; inputs/energy_stat/20250721_04_energy_statistics_data_structure.xlsx; inputs/energy_stat/20251020_05_energy_statistics_data_structure_co2.xlsx; inputs/energy_stat/list_energy_stat_excel.txt; inputs/energy_stat/stte_2010.xlsx; inputs/energy_stat/stte_2011.xlsx; inputs/energy_stat/stte_2012.xlsx; inputs/energy_stat/stte_2013.xlsx; inputs/energy_stat/stte_2014.xlsx; inputs/energy_stat/stte_2015.xlsx; inputs/energy_stat/stte_2016.xlsx; inputs/energy_stat/stte_2017.xlsx; inputs/energy_stat/stte_2018.xlsx; inputs/energy_stat/stte_2019.xlsx; inputs/energy_stat/stte_2020.xlsx; inputs/energy_stat/stte_2021.xlsx; inputs/energy_stat/stte_2022.xlsx; inputs/energy_stat/stte_2023.xlsx; outputs/20250506_GHGI/20250506_05_ghg_data.json; outputs/20250721_04_energy_stat/20250721_04_energy_stat_data_0_電力.json; outputs/20250721_04_energy_stat/20250721_04_energy_stat_data_10_都市ガス.json; outputs/20250721_04_energy_stat/20250721_04_energy_stat_data_11_再生可能エネルギー(水力を除く).json; outputs/20250721_04_energy_stat/20250721_04_energy_stat_data_12_水力発電（揚水除く）.json; outputs/20250721_04_energy_stat/20250721_04_energy_stat_data_13_揚水発電.json; outputs/20250721_04_energy_stat/20250721_04_energy_stat_data_14_未活用エネルギー.json; outputs/20250721_04_energy_stat/20250721_04_energy_stat_data_15_原子力発電.json; outputs/20250721_04_energy_stat/20250721_04_energy_stat_data_1_熱.json; outputs/20250721_04_energy_stat/20250721_04_energy_stat_data_2_合計.json; outputs/20250721_04_energy_stat/20250721_04_energy_stat_data_3_エネルギー利用.json; outputs/20250721_04_energy_stat/20250721_04_energy_stat_data_4_非エネルギー利用.json; outputs/20250721_04_energy_stat/20250721_04_energy_stat_data_5_石炭.json; outputs/20250721_04_energy_stat/20250721_04_energy_stat_data_6_石炭製品.json; outputs/20250721_04_energy_stat/20250721_04_energy_stat_data_7_原油.json; outputs/20250721_04_energy_stat/20250721_04_energy_stat_data_8_石油製品.json; outputs/20250721_04_energy_stat/20250721_04_energy_stat_data_9_天然ガス.json; outputs/20250721_04_energy_stat/20251020_05_energy_stat_co2_data_0_電力.json; outputs/20250721_04_energy_stat/20251020_05_energy_stat_co2_data_10_都市ガス.json; outputs/20250721_04_energy_stat/20251020_05_energy_stat_co2_data_11_総合計_電力･熱寄与間接排出配分後合計.json; outputs/20250721_04_energy_stat/20251020_05_energy_stat_co2_data_12_総合計_エネルギー利用分.json; outputs/20250721_04_energy_stat/20251020_05_energy_stat_co2_data_1_熱.json; outputs/20250721_04_energy_stat/20251020_05_energy_stat_co2_data_2_合計.json; outputs/20250721_04_energy_stat/20251020_05_energy_stat_co2_data_3_エネルギー利用.json; outputs/20250721_04_energy_stat/20251020_05_energy_stat_co2_data_4_非エネルギー利用.json; outputs/20250721_04_energy_stat/20251020_05_energy_stat_co2_data_5_石炭.json; outputs/20250721_04_energy_stat/20251020_05_energy_stat_co2_data_6_石炭製品.json; outputs/20250721_04_energy_stat/20251020_05_energy_stat_co2_data_7_原油.json; outputs/20250721_04_energy_stat/20251020_05_energy_stat_co2_data_8_石油製品.json; outputs/20250721_04_energy_stat/20251020_05_energy_stat_co2_data_9_天然ガス.json; outputs/20250721_04_energy_stat/list_20251020_05_energy_stat_co2_json.txt; outputs/20251118_02_1p5CRM_balance_co2/20251118_02_1p5CRM_balance_co2_data_00_石炭.json; outputs/20251118_02_1p5CRM_balance_co2/20251118_02_1p5CRM_balance_co2_data_01_石炭製品.json; outputs/20251118_02_1p5CRM_balance_co2/20251118_02_1p5CRM_balance_co2_data_02_石油製品.json; outputs/20251118_02_1p5CRM_balance_co2/20251118_02_1p5CRM_balance_co2_data_03_LPG.json; outputs/20251118_02_1p5CRM_balance_co2/20251118_02_1p5CRM_balance_co2_data_04_天然ガス.json; outputs/20251118_02_1p5CRM_balance_co2/20251118_02_1p5CRM_balance_co2_data_05_都市ガス.json; outputs/20251118_02_1p5CRM_balance_co2/20251118_02_1p5CRM_balance_co2_data_06_再生可能エネルギー(水力を除く).json; outputs/20251118_02_1p5CRM_balance_co2/20251118_02_1p5CRM_balance_co2_data_07_電力.json; outputs/20251118_02_1p5CRM_balance_co2/20251118_02_1p5CRM_balance_co2_data_08_熱.json; outputs/20251118_02_1p5CRM_balance_co2/20251118_02_1p5CRM_balance_co2_data_09_合計.json; outputs/20251118_02_1p5CRM_balance_co2/20251118_02_1p5CRM_balance_co2_data_10_エネルギー利用.json; outputs/20251118_02_1p5CRM_balance_co2/20251118_02_1p5CRM_balance_co2_data_11_非エネルギー利用.json; outputs/20251118_02_1p5CRM_balance_co2/list_20251118_02_1p5CRM_balance_co2_json.txt; outputs/20251118_04_1p5CRM_steps_co2/20251118_04_1p5CRM_steps_co2_data_00_石炭.json; outputs/20251118_04_1p5CRM_steps_co2/20251118_04_1p5CRM_steps_co2_data_01_石炭製品.json; outputs/20251118_04_1p5CRM_steps_co2/20251118_04_1p5CRM_steps_co2_data_02_石油製品.json; outputs/20251118_04_1p5CRM_steps_co2/20251118_04_1p5CRM_steps_co2_data_03_LPG.json; outputs/20251118_04_1p5CRM_steps_co2/20251118_04_1p5CRM_steps_co2_data_04_天然ガス.json; outputs/20251118_04_1p5CRM_steps_co2/20251118_04_1p5CRM_steps_co2_data_05_都市ガス.json; outputs/20251118_04_1p5CRM_steps_co2/20251118_04_1p5CRM_steps_co2_data_06_再生可能エネルギー(水力を除く).json; outputs/20251118_04_1p5CRM_steps_co2/20251118_04_1p5CRM_steps_co2_data_07_電力.json; outputs/20251118_04_1p5CRM_steps_co2/20251118_04_1p5CRM_steps_co2_data_08_熱.json; outputs/20251118_04_1p5CRM_steps_co2/20251118_04_1p5CRM_steps_co2_data_09_合計.json; outputs/20251118_04_1p5CRM_steps_co2/20251118_04_1p5CRM_steps_co2_data_10_エネルギー利用.json; outputs/20251118_04_1p5CRM_steps_co2/20251118_04_1p5CRM_steps_co2_data_11_非エネルギー利用.json; outputs/20251118_04_1p5CRM_steps_co2/list_20251118_04_1p5CRM_steps_co2_json.txt; outputs/20251120_21_energy_stat/list_20250721_04_energy_stat_json.txt; outputs/20251201_02_1p5CRM_balance_co2/20251119_12_1p5CRM_balance_co2_data_common_10_エネルギー利用.json; outputs/20251201_04_1p5CRM_steps_co2/20251201_14_1p5CRM_steps_co2_data_common_10_エネルギー利用.json; outputs/20251201_21_energy_stat/20251201_21_energy_stat_data_common_0_電力.json; outputs/20251201_21_energy_stat/20251201_21_energy_stat_data_common_1_熱.json; outputs/20251201_21_energy_stat/20251201_21_energy_stat_data_common_3_エネルギー利用.json; outputs/20251201_21_energy_stat/20251201_22_energy_stat_co2_data_common_12_総合計_エネルギー利用分.json; outputs/20251201_21_energy_stat/20260316_32_energy_stat_co2_data_common_12_総合計_エネルギー利用分_RD.json; outputs/20251218_02_SEP/20260311_02_SEP_numbers.json,生成スクリプト不明の中間ファイルあり(既存ファイルは保持): outputs/20250721_04_energy_stat/list_20251020_05_energy_stat_co2_json.txt; outputs/20251118_02_1p5CRM_balance_co2/list_20251118_02_1p5CRM_balance_co2_json.txt; outputs/20251118_04_1p5CRM_steps_co2/list_20251118_04_1p5CRM_steps_co2_json.txt; outputs/20251120_21_energy_stat/list_20250721_04_energy_stat_json.txt
335,doc/report2026/figures/20260313_02_plot_bars_vehicle_sales.png,False,charts/20260313_02_plot_bars_vehicle_sales.png,True,scripts/20260313_02_plot_bars_vehicles_sales.py,scripts/config.py,inputs/EV/germany_carsales_annual.csv; inputs/EV/japan_carsales_annual.csv; inputs/EV/usa_carsales_annual.csv,
343,doc/report2026/figures/20260313_01_plot_ev_sales_share.png,False,charts/20260313_01_plot_ev_sales_share.png,True,scripts/20260313_01_plot_ev_sales_share.py,scripts/config.py,inputs/EV/canada_carsales_annual.csv; inputs/EV/china_carsales_annual.csv; inputs/EV/france_carsales_annual.csv; inputs/EV/germany_carsales_annual.csv; inputs/EV/indonesia_carsales_annual.csv; inputs/EV/japan_carsales_annual.csv; inputs/EV/malaysia_carsales_annual.csv; inputs/EV/nepal_carsales_annual.csv; inputs/EV/norway_carsales_annual.csv; inputs/EV/southkorea_carsales_annual.csv; inputs/EV/sweden_carsales_annual.csv; inputs/EV/turkey_carsales_annual.csv; inputs/EV/unitedkingdom_carsales_annual.csv; inputs/EV/usa_carsales_annual.csv,
360,doc/report2026/figures/20260527_02_plot_bars_manufacturing_gdp_FY2024_cap.png,True,charts/20260527_02_plot_bars_manufacturing_gdp_FY2024.png,True,scripts/20260527_02_plot_bars_manufacturing_gdp_FY2024.py,scripts/config.py,inputs/ref/20260527製造業要因分解_FY2024.xlsx,
368,doc/report2026/figures/20260527_02_plot_bars_manufacturing_energy_FY2024_cap.png,True,charts/20260527_02_plot_bars_manufacturing_energy_FY2024.png,True,scripts/20260527_02_plot_bars_manufacturing_gdp_FY2024.py,scripts/config.py,inputs/ref/20260527製造業要因分解_FY2024.xlsx,
371,doc/report2026/figures/20260527_02_plot_bars_manufacturing_gdp_energy_FY2024_cap.png,True,charts/20260527_02_plot_bars_manufacturing_gdp_energy_FY2024.png,True,scripts/20260527_02_plot_bars_manufacturing_gdp_FY2024.py,scripts/config.py,inputs/ref/20260527製造業要因分解_FY2024.xlsx,
377,doc/report2026/figures/20260528_01_plot_gdp_manufacturing.png,False,charts/20260528_01_plot_gdp_manufacturing.png,True,scripts/20260528_01_plot_gdp_manufacturing_1994_2024.py,scripts/config.py,inputs/ref/20260528_01_製造業GDP_1994_2024.xlsx,
387,doc/report2026/figures/20260113_01_WF_製造業2035_co2.png,False,charts/20260113_01_WF_製造業2035_co2.png,True,scripts/20260113_01_plot_WF_manufacturing.py,scripts/config.py,inputs/WF/20260113製造業2035_for_WF.xlsx,
405,doc/report2026/figures/20260115_01_WF_鉄鋼業2035_co2.png,False,charts/20260115_01_WF_鉄鋼業2035_co2.png,True,scripts/20260115_01_plot_WF_steel.py,scripts/config.py,inputs/WF/20260115鉄鋼業2035_for_WF.xlsx,
410,doc/report2026/figures/20260120_01_WF_業務2035_co2.png,False,charts/20260120_01_WF_業務2035_co2.png,True,scripts/20260120_01_plot_WF_commercial.py,scripts/config.py,inputs/WF/20260120業務2035_for_WF.xlsx,
415,doc/report2026/figures/20260116_01_WF_乗用車2035_co2.png,False,charts/20260116_01_WF_乗用車2035_co2.png,True,scripts/20260116_01_plot_WF_passenger_vehicle.py,scripts/config.py,inputs/WF/20260116乗用車2035_for_WF.xlsx,
427,doc/report2026/figures/20260610_03_plot_FEC_elec_fraction.png,False,charts/20260610_03_plot_FEC_elec_fraction.png,True,scripts/20260610_03_plot_FEC_elec_fraction.py,scripts/20250721_04_import_energy_stat.py; scripts/20251118_01_import_1p5CRM_balance_energy.py; scripts/20251118_03_import_1p5CRM_steps_energy.py; scripts/20251201_11_refine_data_structure_1p5CRM_balance_energy.py; scripts/20251201_13_refine_data_structure_1p5CRM_steps_energy.py; scripts/20251201_21_refine_data_structure_energy_stat.py; scripts/config.py,inputs/1p5CRM/20231114_1p5CRM_balance_energy_co2_rev1.xlsx; inputs/1p5CRM/20231114_1p5CRM_steps_energy_co2_rev4.xlsx; inputs/1p5CRM/20251104_05_1p5CRM_data_structure.xlsx; inputs/20251201_06_data_structure_common.json; inputs/energy_stat/20250721_04_energy_statistics_data_structure.xlsx; inputs/energy_stat/list_energy_stat_excel.txt; inputs/energy_stat/stte_2010.xlsx; inputs/energy_stat/stte_2011.xlsx; inputs/energy_stat/stte_2012.xlsx; inputs/energy_stat/stte_2013.xlsx; inputs/energy_stat/stte_2014.xlsx; inputs/energy_stat/stte_2015.xlsx; inputs/energy_stat/stte_2016.xlsx; inputs/energy_stat/stte_2017.xlsx; inputs/energy_stat/stte_2018.xlsx; inputs/energy_stat/stte_2019.xlsx; inputs/energy_stat/stte_2020.xlsx; inputs/energy_stat/stte_2021.xlsx; inputs/energy_stat/stte_2022.xlsx; inputs/energy_stat/stte_2023.xlsx; outputs/20250721_04_energy_stat/20250721_04_energy_stat_data_0_電力.json; outputs/20250721_04_energy_stat/20250721_04_energy_stat_data_10_都市ガス.json; outputs/20250721_04_energy_stat/20250721_04_energy_stat_data_11_再生可能エネルギー(水力を除く).json; outputs/20250721_04_energy_stat/20250721_04_energy_stat_data_12_水力発電（揚水除く）.json; outputs/20250721_04_energy_stat/20250721_04_energy_stat_data_13_揚水発電.json; outputs/20250721_04_energy_stat/20250721_04_energy_stat_data_14_未活用エネルギー.json; outputs/20250721_04_energy_stat/20250721_04_energy_stat_data_15_原子力発電.json; outputs/20250721_04_energy_stat/20250721_04_energy_stat_data_1_熱.json; outputs/20250721_04_energy_stat/20250721_04_energy_stat_data_2_合計.json; outputs/20250721_04_energy_stat/20250721_04_energy_stat_data_3_エネルギー利用.json; outputs/20250721_04_energy_stat/20250721_04_energy_stat_data_4_非エネルギー利用.json; outputs/20250721_04_energy_stat/20250721_04_energy_stat_data_5_石炭.json; outputs/20250721_04_energy_stat/20250721_04_energy_stat_data_6_石炭製品.json; outputs/20250721_04_energy_stat/20250721_04_energy_stat_data_7_原油.json; outputs/20250721_04_energy_stat/20250721_04_energy_stat_data_8_石油製品.json; outputs/20250721_04_energy_stat/20250721_04_energy_stat_data_9_天然ガス.json; outputs/20251118_01_1p5CRM_balance_energy/20251118_01_1p5CRM_balance_energy_data_00_石炭.json; outputs/20251118_01_1p5CRM_balance_energy/20251118_01_1p5CRM_balance_energy_data_01_石炭製品.json; outputs/20251118_01_1p5CRM_balance_energy/20251118_01_1p5CRM_balance_energy_data_02_石油製品.json; outputs/20251118_01_1p5CRM_balance_energy/20251118_01_1p5CRM_balance_energy_data_03_LPG.json; outputs/20251118_01_1p5CRM_balance_energy/20251118_01_1p5CRM_balance_energy_data_04_天然ガス.json; outputs/20251118_01_1p5CRM_balance_energy/20251118_01_1p5CRM_balance_energy_data_05_都市ガス.json; outputs/20251118_01_1p5CRM_balance_energy/20251118_01_1p5CRM_balance_energy_data_06_再生可能エネルギー(水力を除く).json; outputs/20251118_01_1p5CRM_balance_energy/20251118_01_1p5CRM_balance_energy_data_07_電力.json; outputs/20251118_01_1p5CRM_balance_energy/20251118_01_1p5CRM_balance_energy_data_08_熱.json; outputs/20251118_01_1p5CRM_balance_energy/20251118_01_1p5CRM_balance_energy_data_09_合計.json; outputs/20251118_01_1p5CRM_balance_energy/20251118_01_1p5CRM_balance_energy_data_10_エネルギー利用.json; outputs/20251118_01_1p5CRM_balance_energy/20251118_01_1p5CRM_balance_energy_data_11_非エネルギー利用.json; outputs/20251118_01_1p5CRM_balance_energy/20251118_01_1p5CRM_balance_energy_data_12_水素.json; outputs/20251118_01_1p5CRM_balance_energy/20251118_01_1p5CRM_balance_energy_data_13_合成燃料・合成メタン.json; outputs/20251118_01_1p5CRM_balance_energy/20251118_01_1p5CRM_balance_energy_data_14_非エネルギー利用(電力).json; outputs/20251118_01_1p5CRM_balance_energy/20251118_01_1p5CRM_balance_energy_data_15_非エネルギー利用(化石).json; outputs/20251118_01_1p5CRM_balance_energy/20251118_01_1p5CRM_balance_energy_data_16_非エネルギー利用(水素).json; outputs/20251118_01_1p5CRM_balance_energy/list_20251118_01_1p5CRM_balance_energy_json.txt; outputs/20251118_03_1p5CRM_steps_energy/20251118_03_1p5CRM_steps_energy_data_00_石炭.json; outputs/20251118_03_1p5CRM_steps_energy/20251118_03_1p5CRM_steps_energy_data_01_石炭製品.json; outputs/20251118_03_1p5CRM_steps_energy/20251118_03_1p5CRM_steps_energy_data_02_石油製品.json; outputs/20251118_03_1p5CRM_steps_energy/20251118_03_1p5CRM_steps_energy_data_03_LPG.json; outputs/20251118_03_1p5CRM_steps_energy/20251118_03_1p5CRM_steps_energy_data_04_天然ガス.json; outputs/20251118_03_1p5CRM_steps_energy/20251118_03_1p5CRM_steps_energy_data_05_都市ガス.json; outputs/20251118_03_1p5CRM_steps_energy/20251118_03_1p5CRM_steps_energy_data_06_再生可能エネルギー(水力を除く).json; outputs/20251118_03_1p5CRM_steps_energy/20251118_03_1p5CRM_steps_energy_data_07_電力.json; outputs/20251118_03_1p5CRM_steps_energy/20251118_03_1p5CRM_steps_energy_data_08_熱.json; outputs/20251118_03_1p5CRM_steps_energy/20251118_03_1p5CRM_steps_energy_data_09_合計.json; outputs/20251118_03_1p5CRM_steps_energy/20251118_03_1p5CRM_steps_energy_data_10_エネルギー利用.json; outputs/20251118_03_1p5CRM_steps_energy/20251118_03_1p5CRM_steps_energy_data_11_非エネルギー利用.json; outputs/20251118_03_1p5CRM_steps_energy/20251118_03_1p5CRM_steps_energy_data_12_水素.json; outputs/20251118_03_1p5CRM_steps_energy/20251118_03_1p5CRM_steps_energy_data_13_合成燃料・合成メタン.json; outputs/20251118_03_1p5CRM_steps_energy/20251118_03_1p5CRM_steps_energy_data_14_非エネルギー利用(電力).json; outputs/20251118_03_1p5CRM_steps_energy/20251118_03_1p5CRM_steps_energy_data_15_非エネルギー利用(化石).json; outputs/20251118_03_1p5CRM_steps_energy/20251118_03_1p5CRM_steps_energy_data_16_非エネルギー利用(水素).json; outputs/20251118_03_1p5CRM_steps_energy/list_20251118_03_1p5CRM_steps_energy_json.txt; outputs/20251120_21_energy_stat/list_20250721_04_energy_stat_json.txt; outputs/20251201_01_1p5CRM_balance_energy/20251201_11_1p5CRM_balance_energy_data_common_07_電力.json; outputs/20251201_01_1p5CRM_balance_energy/20251201_11_1p5CRM_balance_energy_data_common_10_エネルギー利用.json; outputs/20251201_03_1p5CRM_steps_energy/20251201_13_1p5CRM_steps_energy_data_common_07_電力.json; outputs/20251201_03_1p5CRM_steps_energy/20251201_13_1p5CRM_steps_energy_data_common_10_エネルギー利用.json; outputs/20251201_21_energy_stat/20251201_21_energy_stat_data_common_0_電力.json; outputs/20251201_21_energy_stat/20251201_21_energy_stat_data_common_3_エネルギー利用.json,生成スクリプト不明の中間ファイルあり(既存ファイルは保持): outputs/20251118_01_1p5CRM_balance_energy/list_20251118_01_1p5CRM_balance_energy_json.txt; outputs/20251118_03_1p5CRM_steps_energy/list_20251118_03_1p5CRM_steps_energy_json.txt; outputs/20251120_21_energy_stat/list_20250721_04_energy_stat_json.txt
442,doc/report2026/figures/20260318_11_NZPR_sector_summary_calc_co2_2030.png,False,charts/20260318_11_NZPR_sector_summary_calc_co2_2030.png,True,scripts/20260318_11_NZPR_sector_summary_calc_co2.py,scripts/20250506_05_import_GHG_data.py; scripts/20250721_04_import_energy_stat.py; scripts/20251020_05_import_energy_stat_co2.py; scripts/20251118_02_import_1p5CRM_balance_co2.py; scripts/20251118_04_import_1p5CRM_steps_co2.py; scripts/20251201_12_refine_data_structure_1p5CRM_balance_co2.py; scripts/20251201_14_refine_data_structure_1p5CRM_steps_co2.py; scripts/20251201_21_refine_data_structure_energy_stat.py; scripts/20251201_22_refine_data_structure_energy_stat_co2.py; scripts/20260316_01_redistribute_co2.py; scripts/config.py,inputs/1p5CRM/20231114_1p5CRM_balance_energy_co2_rev1.xlsx; inputs/1p5CRM/20231114_1p5CRM_steps_energy_co2_rev4.xlsx; inputs/1p5CRM/20251104_05_1p5CRM_data_structure.xlsx; inputs/1p5CRM/20251120_06_1p5CRM_data_structure.xlsx; inputs/20251201_06_data_structure_common.json; inputs/GHGI/20250506_05_data_structure.xlsx; inputs/GHGI/L5-7gas_2025_gioweb_1.0_mod.xlsx; inputs/energy_stat/20250721_04_energy_statistics_data_structure.xlsx; inputs/energy_stat/20251020_05_energy_statistics_data_structure_co2.xlsx; inputs/energy_stat/list_energy_stat_excel.txt; inputs/energy_stat/stte_2010.xlsx; inputs/energy_stat/stte_2011.xlsx; inputs/energy_stat/stte_2012.xlsx; inputs/energy_stat/stte_2013.xlsx; inputs/energy_stat/stte_2014.xlsx; inputs/energy_stat/stte_2015.xlsx; inputs/energy_stat/stte_2016.xlsx; inputs/energy_stat/stte_2017.xlsx; inputs/energy_stat/stte_2018.xlsx; inputs/energy_stat/stte_2019.xlsx; inputs/energy_stat/stte_2020.xlsx; inputs/energy_stat/stte_2021.xlsx; inputs/energy_stat/stte_2022.xlsx; inputs/energy_stat/stte_2023.xlsx; outputs/20250506_GHGI/20250506_05_ghg_data.json; outputs/20250721_04_energy_stat/20250721_04_energy_stat_data_0_電力.json; outputs/20250721_04_energy_stat/20250721_04_energy_stat_data_10_都市ガス.json; outputs/20250721_04_energy_stat/20250721_04_energy_stat_data_11_再生可能エネルギー(水力を除く).json; outputs/20250721_04_energy_stat/20250721_04_energy_stat_data_12_水力発電（揚水除く）.json; outputs/20250721_04_energy_stat/20250721_04_energy_stat_data_13_揚水発電.json; outputs/20250721_04_energy_stat/20250721_04_energy_stat_data_14_未活用エネルギー.json; outputs/20250721_04_energy_stat/20250721_04_energy_stat_data_15_原子力発電.json; outputs/20250721_04_energy_stat/20250721_04_energy_stat_data_1_熱.json; outputs/20250721_04_energy_stat/20250721_04_energy_stat_data_2_合計.json; outputs/20250721_04_energy_stat/20250721_04_energy_stat_data_3_エネルギー利用.json; outputs/20250721_04_energy_stat/20250721_04_energy_stat_data_4_非エネルギー利用.json; outputs/20250721_04_energy_stat/20250721_04_energy_stat_data_5_石炭.json; outputs/20250721_04_energy_stat/20250721_04_energy_stat_data_6_石炭製品.json; outputs/20250721_04_energy_stat/20250721_04_energy_stat_data_7_原油.json; outputs/20250721_04_energy_stat/20250721_04_energy_stat_data_8_石油製品.json; outputs/20250721_04_energy_stat/20250721_04_energy_stat_data_9_天然ガス.json; outputs/20250721_04_energy_stat/20251020_05_energy_stat_co2_data_0_電力.json; outputs/20250721_04_energy_stat/20251020_05_energy_stat_co2_data_10_都市ガス.json; outputs/20250721_04_energy_stat/20251020_05_energy_stat_co2_data_11_総合計_電力･熱寄与間接排出配分後合計.json; outputs/20250721_04_energy_stat/20251020_05_energy_stat_co2_data_12_総合計_エネルギー利用分.json; outputs/20250721_04_energy_stat/20251020_05_energy_stat_co2_data_1_熱.json; outputs/20250721_04_energy_stat/20251020_05_energy_stat_co2_data_2_合計.json; outputs/20250721_04_energy_stat/20251020_05_energy_stat_co2_data_3_エネルギー利用.json; outputs/20250721_04_energy_stat/20251020_05_energy_stat_co2_data_4_非エネルギー利用.json; outputs/20250721_04_energy_stat/20251020_05_energy_stat_co2_data_5_石炭.json; outputs/20250721_04_energy_stat/20251020_05_energy_stat_co2_data_6_石炭製品.json; outputs/20250721_04_energy_stat/20251020_05_energy_stat_co2_data_7_原油.json; outputs/20250721_04_energy_stat/20251020_05_energy_stat_co2_data_8_石油製品.json; outputs/20250721_04_energy_stat/20251020_05_energy_stat_co2_data_9_天然ガス.json; outputs/20250721_04_energy_stat/list_20251020_05_energy_stat_co2_json.txt; outputs/20251118_02_1p5CRM_balance_co2/20251118_02_1p5CRM_balance_co2_data_00_石炭.json; outputs/20251118_02_1p5CRM_balance_co2/20251118_02_1p5CRM_balance_co2_data_01_石炭製品.json; outputs/20251118_02_1p5CRM_balance_co2/20251118_02_1p5CRM_balance_co2_data_02_石油製品.json; outputs/20251118_02_1p5CRM_balance_co2/20251118_02_1p5CRM_balance_co2_data_03_LPG.json; outputs/20251118_02_1p5CRM_balance_co2/20251118_02_1p5CRM_balance_co2_data_04_天然ガス.json; outputs/20251118_02_1p5CRM_balance_co2/20251118_02_1p5CRM_balance_co2_data_05_都市ガス.json; outputs/20251118_02_1p5CRM_balance_co2/20251118_02_1p5CRM_balance_co2_data_06_再生可能エネルギー(水力を除く).json; outputs/20251118_02_1p5CRM_balance_co2/20251118_02_1p5CRM_balance_co2_data_07_電力.json; outputs/20251118_02_1p5CRM_balance_co2/20251118_02_1p5CRM_balance_co2_data_08_熱.json; outputs/20251118_02_1p5CRM_balance_co2/20251118_02_1p5CRM_balance_co2_data_09_合計.json; outputs/20251118_02_1p5CRM_balance_co2/20251118_02_1p5CRM_balance_co2_data_10_エネルギー利用.json; outputs/20251118_02_1p5CRM_balance_co2/20251118_02_1p5CRM_balance_co2_data_11_非エネルギー利用.json; outputs/20251118_02_1p5CRM_balance_co2/list_20251118_02_1p5CRM_balance_co2_json.txt; outputs/20251118_04_1p5CRM_steps_co2/20251118_04_1p5CRM_steps_co2_data_00_石炭.json; outputs/20251118_04_1p5CRM_steps_co2/20251118_04_1p5CRM_steps_co2_data_01_石炭製品.json; outputs/20251118_04_1p5CRM_steps_co2/20251118_04_1p5CRM_steps_co2_data_02_石油製品.json; outputs/20251118_04_1p5CRM_steps_co2/20251118_04_1p5CRM_steps_co2_data_03_LPG.json; outputs/20251118_04_1p5CRM_steps_co2/20251118_04_1p5CRM_steps_co2_data_04_天然ガス.json; outputs/20251118_04_1p5CRM_steps_co2/20251118_04_1p5CRM_steps_co2_data_05_都市ガス.json; outputs/20251118_04_1p5CRM_steps_co2/20251118_04_1p5CRM_steps_co2_data_06_再生可能エネルギー(水力を除く).json; outputs/20251118_04_1p5CRM_steps_co2/20251118_04_1p5CRM_steps_co2_data_07_電力.json; outputs/20251118_04_1p5CRM_steps_co2/20251118_04_1p5CRM_steps_co2_data_08_熱.json; outputs/20251118_04_1p5CRM_steps_co2/20251118_04_1p5CRM_steps_co2_data_09_合計.json; outputs/20251118_04_1p5CRM_steps_co2/20251118_04_1p5CRM_steps_co2_data_10_エネルギー利用.json; outputs/20251118_04_1p5CRM_steps_co2/20251118_04_1p5CRM_steps_co2_data_11_非エネルギー利用.json; outputs/20251118_04_1p5CRM_steps_co2/list_20251118_04_1p5CRM_steps_co2_json.txt; outputs/20251120_21_energy_stat/list_20250721_04_energy_stat_json.txt; outputs/20251201_02_1p5CRM_balance_co2/20251119_12_1p5CRM_balance_co2_data_common_10_エネルギー利用.json; outputs/20251201_04_1p5CRM_steps_co2/20251201_14_1p5CRM_steps_co2_data_common_10_エネルギー利用.json; outputs/20251201_21_energy_stat/20251201_21_energy_stat_data_common_0_電力.json; outputs/20251201_21_energy_stat/20251201_21_energy_stat_data_common_1_熱.json; outputs/20251201_21_energy_stat/20251201_21_energy_stat_data_common_3_エネルギー利用.json; outputs/20251201_21_energy_stat/20251201_22_energy_stat_co2_data_common_12_総合計_エネルギー利用分.json; outputs/20251201_21_energy_stat/20260316_32_energy_stat_co2_data_common_12_総合計_エネルギー利用分_RD.json,生成スクリプト不明の中間ファイルあり(既存ファイルは保持): outputs/20250721_04_energy_stat/list_20251020_05_energy_stat_co2_json.txt; outputs/20251118_02_1p5CRM_balance_co2/list_20251118_02_1p5CRM_balance_co2_json.txt; outputs/20251118_04_1p5CRM_steps_co2/list_20251118_04_1p5CRM_steps_co2_json.txt; outputs/20251120_21_energy_stat/list_20250721_04_energy_stat_json.txt
447,doc/report2026/figures/20260318_11_NZPR_sector_summary_calc_co2_2040.png,False,charts/20260318_11_NZPR_sector_summary_calc_co2_2040.png,True,scripts/20260318_11_NZPR_sector_summary_calc_co2.py,scripts/20250506_05_import_GHG_data.py; scripts/20250721_04_import_energy_stat.py; scripts/20251020_05_import_energy_stat_co2.py; scripts/20251118_02_import_1p5CRM_balance_co2.py; scripts/20251118_04_import_1p5CRM_steps_co2.py; scripts/20251201_12_refine_data_structure_1p5CRM_balance_co2.py; scripts/20251201_14_refine_data_structure_1p5CRM_steps_co2.py; scripts/20251201_21_refine_data_structure_energy_stat.py; scripts/20251201_22_refine_data_structure_energy_stat_co2.py; scripts/20260316_01_redistribute_co2.py; scripts/config.py,inputs/1p5CRM/20231114_1p5CRM_balance_energy_co2_rev1.xlsx; inputs/1p5CRM/20231114_1p5CRM_steps_energy_co2_rev4.xlsx; inputs/1p5CRM/20251104_05_1p5CRM_data_structure.xlsx; inputs/1p5CRM/20251120_06_1p5CRM_data_structure.xlsx; inputs/20251201_06_data_structure_common.json; inputs/GHGI/20250506_05_data_structure.xlsx; inputs/GHGI/L5-7gas_2025_gioweb_1.0_mod.xlsx; inputs/energy_stat/20250721_04_energy_statistics_data_structure.xlsx; inputs/energy_stat/20251020_05_energy_statistics_data_structure_co2.xlsx; inputs/energy_stat/list_energy_stat_excel.txt; inputs/energy_stat/stte_2010.xlsx; inputs/energy_stat/stte_2011.xlsx; inputs/energy_stat/stte_2012.xlsx; inputs/energy_stat/stte_2013.xlsx; inputs/energy_stat/stte_2014.xlsx; inputs/energy_stat/stte_2015.xlsx; inputs/energy_stat/stte_2016.xlsx; inputs/energy_stat/stte_2017.xlsx; inputs/energy_stat/stte_2018.xlsx; inputs/energy_stat/stte_2019.xlsx; inputs/energy_stat/stte_2020.xlsx; inputs/energy_stat/stte_2021.xlsx; inputs/energy_stat/stte_2022.xlsx; inputs/energy_stat/stte_2023.xlsx; outputs/20250506_GHGI/20250506_05_ghg_data.json; outputs/20250721_04_energy_stat/20250721_04_energy_stat_data_0_電力.json; outputs/20250721_04_energy_stat/20250721_04_energy_stat_data_10_都市ガス.json; outputs/20250721_04_energy_stat/20250721_04_energy_stat_data_11_再生可能エネルギー(水力を除く).json; outputs/20250721_04_energy_stat/20250721_04_energy_stat_data_12_水力発電（揚水除く）.json; outputs/20250721_04_energy_stat/20250721_04_energy_stat_data_13_揚水発電.json; outputs/20250721_04_energy_stat/20250721_04_energy_stat_data_14_未活用エネルギー.json; outputs/20250721_04_energy_stat/20250721_04_energy_stat_data_15_原子力発電.json; outputs/20250721_04_energy_stat/20250721_04_energy_stat_data_1_熱.json; outputs/20250721_04_energy_stat/20250721_04_energy_stat_data_2_合計.json; outputs/20250721_04_energy_stat/20250721_04_energy_stat_data_3_エネルギー利用.json; outputs/20250721_04_energy_stat/20250721_04_energy_stat_data_4_非エネルギー利用.json; outputs/20250721_04_energy_stat/20250721_04_energy_stat_data_5_石炭.json; outputs/20250721_04_energy_stat/20250721_04_energy_stat_data_6_石炭製品.json; outputs/20250721_04_energy_stat/20250721_04_energy_stat_data_7_原油.json; outputs/20250721_04_energy_stat/20250721_04_energy_stat_data_8_石油製品.json; outputs/20250721_04_energy_stat/20250721_04_energy_stat_data_9_天然ガス.json; outputs/20250721_04_energy_stat/20251020_05_energy_stat_co2_data_0_電力.json; outputs/20250721_04_energy_stat/20251020_05_energy_stat_co2_data_10_都市ガス.json; outputs/20250721_04_energy_stat/20251020_05_energy_stat_co2_data_11_総合計_電力･熱寄与間接排出配分後合計.json; outputs/20250721_04_energy_stat/20251020_05_energy_stat_co2_data_12_総合計_エネルギー利用分.json; outputs/20250721_04_energy_stat/20251020_05_energy_stat_co2_data_1_熱.json; outputs/20250721_04_energy_stat/20251020_05_energy_stat_co2_data_2_合計.json; outputs/20250721_04_energy_stat/20251020_05_energy_stat_co2_data_3_エネルギー利用.json; outputs/20250721_04_energy_stat/20251020_05_energy_stat_co2_data_4_非エネルギー利用.json; outputs/20250721_04_energy_stat/20251020_05_energy_stat_co2_data_5_石炭.json; outputs/20250721_04_energy_stat/20251020_05_energy_stat_co2_data_6_石炭製品.json; outputs/20250721_04_energy_stat/20251020_05_energy_stat_co2_data_7_原油.json; outputs/20250721_04_energy_stat/20251020_05_energy_stat_co2_data_8_石油製品.json; outputs/20250721_04_energy_stat/20251020_05_energy_stat_co2_data_9_天然ガス.json; outputs/20250721_04_energy_stat/list_20251020_05_energy_stat_co2_json.txt; outputs/20251118_02_1p5CRM_balance_co2/20251118_02_1p5CRM_balance_co2_data_00_石炭.json; outputs/20251118_02_1p5CRM_balance_co2/20251118_02_1p5CRM_balance_co2_data_01_石炭製品.json; outputs/20251118_02_1p5CRM_balance_co2/20251118_02_1p5CRM_balance_co2_data_02_石油製品.json; outputs/20251118_02_1p5CRM_balance_co2/20251118_02_1p5CRM_balance_co2_data_03_LPG.json; outputs/20251118_02_1p5CRM_balance_co2/20251118_02_1p5CRM_balance_co2_data_04_天然ガス.json; outputs/20251118_02_1p5CRM_balance_co2/20251118_02_1p5CRM_balance_co2_data_05_都市ガス.json; outputs/20251118_02_1p5CRM_balance_co2/20251118_02_1p5CRM_balance_co2_data_06_再生可能エネルギー(水力を除く).json; outputs/20251118_02_1p5CRM_balance_co2/20251118_02_1p5CRM_balance_co2_data_07_電力.json; outputs/20251118_02_1p5CRM_balance_co2/20251118_02_1p5CRM_balance_co2_data_08_熱.json; outputs/20251118_02_1p5CRM_balance_co2/20251118_02_1p5CRM_balance_co2_data_09_合計.json; outputs/20251118_02_1p5CRM_balance_co2/20251118_02_1p5CRM_balance_co2_data_10_エネルギー利用.json; outputs/20251118_02_1p5CRM_balance_co2/20251118_02_1p5CRM_balance_co2_data_11_非エネルギー利用.json; outputs/20251118_02_1p5CRM_balance_co2/list_20251118_02_1p5CRM_balance_co2_json.txt; outputs/20251118_04_1p5CRM_steps_co2/20251118_04_1p5CRM_steps_co2_data_00_石炭.json; outputs/20251118_04_1p5CRM_steps_co2/20251118_04_1p5CRM_steps_co2_data_01_石炭製品.json; outputs/20251118_04_1p5CRM_steps_co2/20251118_04_1p5CRM_steps_co2_data_02_石油製品.json; outputs/20251118_04_1p5CRM_steps_co2/20251118_04_1p5CRM_steps_co2_data_03_LPG.json; outputs/20251118_04_1p5CRM_steps_co2/20251118_04_1p5CRM_steps_co2_data_04_天然ガス.json; outputs/20251118_04_1p5CRM_steps_co2/20251118_04_1p5CRM_steps_co2_data_05_都市ガス.json; outputs/20251118_04_1p5CRM_steps_co2/20251118_04_1p5CRM_steps_co2_data_06_再生可能エネルギー(水力を除く).json; outputs/20251118_04_1p5CRM_steps_co2/20251118_04_1p5CRM_steps_co2_data_07_電力.json; outputs/20251118_04_1p5CRM_steps_co2/20251118_04_1p5CRM_steps_co2_data_08_熱.json; outputs/20251118_04_1p5CRM_steps_co2/20251118_04_1p5CRM_steps_co2_data_09_合計.json; outputs/20251118_04_1p5CRM_steps_co2/20251118_04_1p5CRM_steps_co2_data_10_エネルギー利用.json; outputs/20251118_04_1p5CRM_steps_co2/20251118_04_1p5CRM_steps_co2_data_11_非エネルギー利用.json; outputs/20251118_04_1p5CRM_steps_co2/list_20251118_04_1p5CRM_steps_co2_json.txt; outputs/20251120_21_energy_stat/list_20250721_04_energy_stat_json.txt; outputs/20251201_02_1p5CRM_balance_co2/20251119_12_1p5CRM_balance_co2_data_common_10_エネルギー利用.json; outputs/20251201_04_1p5CRM_steps_co2/20251201_14_1p5CRM_steps_co2_data_common_10_エネルギー利用.json; outputs/20251201_21_energy_stat/20251201_21_energy_stat_data_common_0_電力.json; outputs/20251201_21_energy_stat/20251201_21_energy_stat_data_common_1_熱.json; outputs/20251201_21_energy_stat/20251201_21_energy_stat_data_common_3_エネルギー利用.json; outputs/20251201_21_energy_stat/20251201_22_energy_stat_co2_data_common_12_総合計_エネルギー利用分.json; outputs/20251201_21_energy_stat/20260316_32_energy_stat_co2_data_common_12_総合計_エネルギー利用分_RD.json,生成スクリプト不明の中間ファイルあり(既存ファイルは保持): outputs/20250721_04_energy_stat/list_20251020_05_energy_stat_co2_json.txt; outputs/20251118_02_1p5CRM_balance_co2/list_20251118_02_1p5CRM_balance_co2_json.txt; outputs/20251118_04_1p5CRM_steps_co2/list_20251118_04_1p5CRM_steps_co2_json.txt; outputs/20251120_21_energy_stat/list_20250721_04_energy_stat_json.txt
459,doc/report2026/figures/20260318_10_NZPR_sector_summary_calc_FEC_2030.png,False,charts/20260318_10_NZPR_sector_summary_calc_FEC_2030.png,True,scripts/20260318_10_NZPR_sector_summary_calc_FEC.py,scripts/20250721_04_import_energy_stat.py; scripts/20251118_01_import_1p5CRM_balance_energy.py; scripts/20251118_03_import_1p5CRM_steps_energy.py; scripts/20251201_11_refine_data_structure_1p5CRM_balance_energy.py; scripts/20251201_13_refine_data_structure_1p5CRM_steps_energy.py; scripts/20251201_21_refine_data_structure_energy_stat.py; scripts/config.py,inputs/1p5CRM/20231114_1p5CRM_balance_energy_co2_rev1.xlsx; inputs/1p5CRM/20231114_1p5CRM_steps_energy_co2_rev4.xlsx; inputs/1p5CRM/20251104_05_1p5CRM_data_structure.xlsx; inputs/20251201_06_data_structure_common.json; inputs/energy_stat/20250721_04_energy_statistics_data_structure.xlsx; inputs/energy_stat/list_energy_stat_excel.txt; inputs/energy_stat/stte_2010.xlsx; inputs/energy_stat/stte_2011.xlsx; inputs/energy_stat/stte_2012.xlsx; inputs/energy_stat/stte_2013.xlsx; inputs/energy_stat/stte_2014.xlsx; inputs/energy_stat/stte_2015.xlsx; inputs/energy_stat/stte_2016.xlsx; inputs/energy_stat/stte_2017.xlsx; inputs/energy_stat/stte_2018.xlsx; inputs/energy_stat/stte_2019.xlsx; inputs/energy_stat/stte_2020.xlsx; inputs/energy_stat/stte_2021.xlsx; inputs/energy_stat/stte_2022.xlsx; inputs/energy_stat/stte_2023.xlsx; outputs/20250721_04_energy_stat/20250721_04_energy_stat_data_0_電力.json; outputs/20250721_04_energy_stat/20250721_04_energy_stat_data_10_都市ガス.json; outputs/20250721_04_energy_stat/20250721_04_energy_stat_data_11_再生可能エネルギー(水力を除く).json; outputs/20250721_04_energy_stat/20250721_04_energy_stat_data_12_水力発電（揚水除く）.json; outputs/20250721_04_energy_stat/20250721_04_energy_stat_data_13_揚水発電.json; outputs/20250721_04_energy_stat/20250721_04_energy_stat_data_14_未活用エネルギー.json; outputs/20250721_04_energy_stat/20250721_04_energy_stat_data_15_原子力発電.json; outputs/20250721_04_energy_stat/20250721_04_energy_stat_data_1_熱.json; outputs/20250721_04_energy_stat/20250721_04_energy_stat_data_2_合計.json; outputs/20250721_04_energy_stat/20250721_04_energy_stat_data_3_エネルギー利用.json; outputs/20250721_04_energy_stat/20250721_04_energy_stat_data_4_非エネルギー利用.json; outputs/20250721_04_energy_stat/20250721_04_energy_stat_data_5_石炭.json; outputs/20250721_04_energy_stat/20250721_04_energy_stat_data_6_石炭製品.json; outputs/20250721_04_energy_stat/20250721_04_energy_stat_data_7_原油.json; outputs/20250721_04_energy_stat/20250721_04_energy_stat_data_8_石油製品.json; outputs/20250721_04_energy_stat/20250721_04_energy_stat_data_9_天然ガス.json; outputs/20251118_01_1p5CRM_balance_energy/20251118_01_1p5CRM_balance_energy_data_00_石炭.json; outputs/20251118_01_1p5CRM_balance_energy/20251118_01_1p5CRM_balance_energy_data_01_石炭製品.json; outputs/20251118_01_1p5CRM_balance_energy/20251118_01_1p5CRM_balance_energy_data_02_石油製品.json; outputs/20251118_01_1p5CRM_balance_energy/20251118_01_1p5CRM_balance_energy_data_03_LPG.json; outputs/20251118_01_1p5CRM_balance_energy/20251118_01_1p5CRM_balance_energy_data_04_天然ガス.json; outputs/20251118_01_1p5CRM_balance_energy/20251118_01_1p5CRM_balance_energy_data_05_都市ガス.json; outputs/20251118_01_1p5CRM_balance_energy/20251118_01_1p5CRM_balance_energy_data_06_再生可能エネルギー(水力を除く).json; outputs/20251118_01_1p5CRM_balance_energy/20251118_01_1p5CRM_balance_energy_data_07_電力.json; outputs/20251118_01_1p5CRM_balance_energy/20251118_01_1p5CRM_balance_energy_data_08_熱.json; outputs/20251118_01_1p5CRM_balance_energy/20251118_01_1p5CRM_balance_energy_data_09_合計.json; outputs/20251118_01_1p5CRM_balance_energy/20251118_01_1p5CRM_balance_energy_data_10_エネルギー利用.json; outputs/20251118_01_1p5CRM_balance_energy/20251118_01_1p5CRM_balance_energy_data_11_非エネルギー利用.json; outputs/20251118_01_1p5CRM_balance_energy/20251118_01_1p5CRM_balance_energy_data_12_水素.json; outputs/20251118_01_1p5CRM_balance_energy/20251118_01_1p5CRM_balance_energy_data_13_合成燃料・合成メタン.json; outputs/20251118_01_1p5CRM_balance_energy/20251118_01_1p5CRM_balance_energy_data_14_非エネルギー利用(電力).json; outputs/20251118_01_1p5CRM_balance_energy/20251118_01_1p5CRM_balance_energy_data_15_非エネルギー利用(化石).json; outputs/20251118_01_1p5CRM_balance_energy/20251118_01_1p5CRM_balance_energy_data_16_非エネルギー利用(水素).json; outputs/20251118_01_1p5CRM_balance_energy/list_20251118_01_1p5CRM_balance_energy_json.txt; outputs/20251118_03_1p5CRM_steps_energy/20251118_03_1p5CRM_steps_energy_data_00_石炭.json; outputs/20251118_03_1p5CRM_steps_energy/20251118_03_1p5CRM_steps_energy_data_01_石炭製品.json; outputs/20251118_03_1p5CRM_steps_energy/20251118_03_1p5CRM_steps_energy_data_02_石油製品.json; outputs/20251118_03_1p5CRM_steps_energy/20251118_03_1p5CRM_steps_energy_data_03_LPG.json; outputs/20251118_03_1p5CRM_steps_energy/20251118_03_1p5CRM_steps_energy_data_04_天然ガス.json; outputs/20251118_03_1p5CRM_steps_energy/20251118_03_1p5CRM_steps_energy_data_05_都市ガス.json; outputs/20251118_03_1p5CRM_steps_energy/20251118_03_1p5CRM_steps_energy_data_06_再生可能エネルギー(水力を除く).json; outputs/20251118_03_1p5CRM_steps_energy/20251118_03_1p5CRM_steps_energy_data_07_電力.json; outputs/20251118_03_1p5CRM_steps_energy/20251118_03_1p5CRM_steps_energy_data_08_熱.json; outputs/20251118_03_1p5CRM_steps_energy/20251118_03_1p5CRM_steps_energy_data_09_合計.json; outputs/20251118_03_1p5CRM_steps_energy/20251118_03_1p5CRM_steps_energy_data_10_エネルギー利用.json; outputs/20251118_03_1p5CRM_steps_energy/20251118_03_1p5CRM_steps_energy_data_11_非エネルギー利用.json; outputs/20251118_03_1p5CRM_steps_energy/20251118_03_1p5CRM_steps_energy_data_12_水素.json; outputs/20251118_03_1p5CRM_steps_energy/20251118_03_1p5CRM_steps_energy_data_13_合成燃料・合成メタン.json; outputs/20251118_03_1p5CRM_steps_energy/20251118_03_1p5CRM_steps_energy_data_14_非エネルギー利用(電力).json; outputs/20251118_03_1p5CRM_steps_energy/20251118_03_1p5CRM_steps_energy_data_15_非エネルギー利用(化石).json; outputs/20251118_03_1p5CRM_steps_energy/20251118_03_1p5CRM_steps_energy_data_16_非エネルギー利用(水素).json; outputs/20251118_03_1p5CRM_steps_energy/list_20251118_03_1p5CRM_steps_energy_json.txt; outputs/20251120_21_energy_stat/list_20250721_04_energy_stat_json.txt; outputs/20251201_01_1p5CRM_balance_energy/20251201_11_1p5CRM_balance_energy_data_common_10_エネルギー利用.json; outputs/20251201_03_1p5CRM_steps_energy/20251201_13_1p5CRM_steps_energy_data_common_10_エネルギー利用.json; outputs/20251201_21_energy_stat/20251201_21_energy_stat_data_common_3_エネルギー利用.json,生成スクリプト不明の中間ファイルあり(既存ファイルは保持): outputs/20251118_01_1p5CRM_balance_energy/list_20251118_01_1p5CRM_balance_energy_json.txt; outputs/20251118_03_1p5CRM_steps_energy/list_20251118_03_1p5CRM_steps_energy_json.txt; outputs/20251120_21_energy_stat/list_20250721_04_energy_stat_json.txt
460,doc/report2026/figures/20260318_10_NZPR_sector_summary_calc_FEC_2040.png,False,charts/20260318_10_NZPR_sector_summary_calc_FEC_2040.png,True,scripts/20260318_10_NZPR_sector_summary_calc_FEC.py,scripts/20250721_04_import_energy_stat.py; scripts/20251118_01_import_1p5CRM_balance_energy.py; scripts/20251118_03_import_1p5CRM_steps_energy.py; scripts/20251201_11_refine_data_structure_1p5CRM_balance_energy.py; scripts/20251201_13_refine_data_structure_1p5CRM_steps_energy.py; scripts/20251201_21_refine_data_structure_energy_stat.py; scripts/config.py,inputs/1p5CRM/20231114_1p5CRM_balance_energy_co2_rev1.xlsx; inputs/1p5CRM/20231114_1p5CRM_steps_energy_co2_rev4.xlsx; inputs/1p5CRM/20251104_05_1p5CRM_data_structure.xlsx; inputs/20251201_06_data_structure_common.json; inputs/energy_stat/20250721_04_energy_statistics_data_structure.xlsx; inputs/energy_stat/list_energy_stat_excel.txt; inputs/energy_stat/stte_2010.xlsx; inputs/energy_stat/stte_2011.xlsx; inputs/energy_stat/stte_2012.xlsx; inputs/energy_stat/stte_2013.xlsx; inputs/energy_stat/stte_2014.xlsx; inputs/energy_stat/stte_2015.xlsx; inputs/energy_stat/stte_2016.xlsx; inputs/energy_stat/stte_2017.xlsx; inputs/energy_stat/stte_2018.xlsx; inputs/energy_stat/stte_2019.xlsx; inputs/energy_stat/stte_2020.xlsx; inputs/energy_stat/stte_2021.xlsx; inputs/energy_stat/stte_2022.xlsx; inputs/energy_stat/stte_2023.xlsx; outputs/20250721_04_energy_stat/20250721_04_energy_stat_data_0_電力.json; outputs/20250721_04_energy_stat/20250721_04_energy_stat_data_10_都市ガス.json; outputs/20250721_04_energy_stat/20250721_04_energy_stat_data_11_再生可能エネルギー(水力を除く).json; outputs/20250721_04_energy_stat/20250721_04_energy_stat_data_12_水力発電（揚水除く）.json; outputs/20250721_04_energy_stat/20250721_04_energy_stat_data_13_揚水発電.json; outputs/20250721_04_energy_stat/20250721_04_energy_stat_data_14_未活用エネルギー.json; outputs/20250721_04_energy_stat/20250721_04_energy_stat_data_15_原子力発電.json; outputs/20250721_04_energy_stat/20250721_04_energy_stat_data_1_熱.json; outputs/20250721_04_energy_stat/20250721_04_energy_stat_data_2_合計.json; outputs/20250721_04_energy_stat/20250721_04_energy_stat_data_3_エネルギー利用.json; outputs/20250721_04_energy_stat/20250721_04_energy_stat_data_4_非エネルギー利用.json; outputs/20250721_04_energy_stat/20250721_04_energy_stat_data_5_石炭.json; outputs/20250721_04_energy_stat/20250721_04_energy_stat_data_6_石炭製品.json; outputs/20250721_04_energy_stat/20250721_04_energy_stat_data_7_原油.json; outputs/20250721_04_energy_stat/20250721_04_energy_stat_data_8_石油製品.json; outputs/20250721_04_energy_stat/20250721_04_energy_stat_data_9_天然ガス.json; outputs/20251118_01_1p5CRM_balance_energy/20251118_01_1p5CRM_balance_energy_data_00_石炭.json; outputs/20251118_01_1p5CRM_balance_energy/20251118_01_1p5CRM_balance_energy_data_01_石炭製品.json; outputs/20251118_01_1p5CRM_balance_energy/20251118_01_1p5CRM_balance_energy_data_02_石油製品.json; outputs/20251118_01_1p5CRM_balance_energy/20251118_01_1p5CRM_balance_energy_data_03_LPG.json; outputs/20251118_01_1p5CRM_balance_energy/20251118_01_1p5CRM_balance_energy_data_04_天然ガス.json; outputs/20251118_01_1p5CRM_balance_energy/20251118_01_1p5CRM_balance_energy_data_05_都市ガス.json; outputs/20251118_01_1p5CRM_balance_energy/20251118_01_1p5CRM_balance_energy_data_06_再生可能エネルギー(水力を除く).json; outputs/20251118_01_1p5CRM_balance_energy/20251118_01_1p5CRM_balance_energy_data_07_電力.json; outputs/20251118_01_1p5CRM_balance_energy/20251118_01_1p5CRM_balance_energy_data_08_熱.json; outputs/20251118_01_1p5CRM_balance_energy/20251118_01_1p5CRM_balance_energy_data_09_合計.json; outputs/20251118_01_1p5CRM_balance_energy/20251118_01_1p5CRM_balance_energy_data_10_エネルギー利用.json; outputs/20251118_01_1p5CRM_balance_energy/20251118_01_1p5CRM_balance_energy_data_11_非エネルギー利用.json; outputs/20251118_01_1p5CRM_balance_energy/20251118_01_1p5CRM_balance_energy_data_12_水素.json; outputs/20251118_01_1p5CRM_balance_energy/20251118_01_1p5CRM_balance_energy_data_13_合成燃料・合成メタン.json; outputs/20251118_01_1p5CRM_balance_energy/20251118_01_1p5CRM_balance_energy_data_14_非エネルギー利用(電力).json; outputs/20251118_01_1p5CRM_balance_energy/20251118_01_1p5CRM_balance_energy_data_15_非エネルギー利用(化石).json; outputs/20251118_01_1p5CRM_balance_energy/20251118_01_1p5CRM_balance_energy_data_16_非エネルギー利用(水素).json; outputs/20251118_01_1p5CRM_balance_energy/list_20251118_01_1p5CRM_balance_energy_json.txt; outputs/20251118_03_1p5CRM_steps_energy/20251118_03_1p5CRM_steps_energy_data_00_石炭.json; outputs/20251118_03_1p5CRM_steps_energy/20251118_03_1p5CRM_steps_energy_data_01_石炭製品.json; outputs/20251118_03_1p5CRM_steps_energy/20251118_03_1p5CRM_steps_energy_data_02_石油製品.json; outputs/20251118_03_1p5CRM_steps_energy/20251118_03_1p5CRM_steps_energy_data_03_LPG.json; outputs/20251118_03_1p5CRM_steps_energy/20251118_03_1p5CRM_steps_energy_data_04_天然ガス.json; outputs/20251118_03_1p5CRM_steps_energy/20251118_03_1p5CRM_steps_energy_data_05_都市ガス.json; outputs/20251118_03_1p5CRM_steps_energy/20251118_03_1p5CRM_steps_energy_data_06_再生可能エネルギー(水力を除く).json; outputs/20251118_03_1p5CRM_steps_energy/20251118_03_1p5CRM_steps_energy_data_07_電力.json; outputs/20251118_03_1p5CRM_steps_energy/20251118_03_1p5CRM_steps_energy_data_08_熱.json; outputs/20251118_03_1p5CRM_steps_energy/20251118_03_1p5CRM_steps_energy_data_09_合計.json; outputs/20251118_03_1p5CRM_steps_energy/20251118_03_1p5CRM_steps_energy_data_10_エネルギー利用.json; outputs/20251118_03_1p5CRM_steps_energy/20251118_03_1p5CRM_steps_energy_data_11_非エネルギー利用.json; outputs/20251118_03_1p5CRM_steps_energy/20251118_03_1p5CRM_steps_energy_data_12_水素.json; outputs/20251118_03_1p5CRM_steps_energy/20251118_03_1p5CRM_steps_energy_data_13_合成燃料・合成メタン.json; outputs/20251118_03_1p5CRM_steps_energy/20251118_03_1p5CRM_steps_energy_data_14_非エネルギー利用(電力).json; outputs/20251118_03_1p5CRM_steps_energy/20251118_03_1p5CRM_steps_energy_data_15_非エネルギー利用(化石).json; outputs/20251118_03_1p5CRM_steps_energy/20251118_03_1p5CRM_steps_energy_data_16_非エネルギー利用(水素).json; outputs/20251118_03_1p5CRM_steps_energy/list_20251118_03_1p5CRM_steps_energy_json.txt; outputs/20251120_21_energy_stat/list_20250721_04_energy_stat_json.txt; outputs/20251201_01_1p5CRM_balance_energy/20251201_11_1p5CRM_balance_energy_data_common_10_エネルギー利用.json; outputs/20251201_03_1p5CRM_steps_energy/20251201_13_1p5CRM_steps_energy_data_common_10_エネルギー利用.json; outputs/20251201_21_energy_stat/20251201_21_energy_stat_data_common_3_エネルギー利用.json,生成スクリプト不明の中間ファイルあり(既存ファイルは保持): outputs/20251118_01_1p5CRM_balance_energy/list_20251118_01_1p5CRM_balance_energy_json.txt; outputs/20251118_03_1p5CRM_steps_energy/list_20251118_03_1p5CRM_steps_energy_json.txt; outputs/20251120_21_energy_stat/list_20250721_04_energy_stat_json.txt
469,doc/report2026/figures/20260318_12_NZPR_sector_summary_calc_intensity_2030.png,False,charts/20260318_12_NZPR_sector_summary_calc_intensity_2030.png,True,scripts/20260318_12_NZPR_sector_summary_calc_intensity.py,scripts/20250506_05_import_GHG_data.py; scripts/20250721_04_import_energy_stat.py; scripts/20251020_05_import_energy_stat_co2.py; scripts/20251118_01_import_1p5CRM_balance_energy.py; scripts/20251118_02_import_1p5CRM_balance_co2.py; scripts/20251118_03_import_1p5CRM_steps_energy.py; scripts/20251118_04_import_1p5CRM_steps_co2.py; scripts/20251201_11_refine_data_structure_1p5CRM_balance_energy.py; scripts/20251201_12_refine_data_structure_1p5CRM_balance_co2.py; scripts/20251201_13_refine_data_structure_1p5CRM_steps_energy.py; scripts/20251201_14_refine_data_structure_1p5CRM_steps_co2.py; scripts/20251201_21_refine_data_structure_energy_stat.py; scripts/20251201_22_refine_data_structure_energy_stat_co2.py; scripts/20251218_02_calc_intensity_1p5CRM_balance.py; scripts/20251218_03_calc_intensity_1p5CRM_steps.py; scripts/20260316_01_redistribute_co2.py; scripts/config.py,inputs/1p5CRM/20231114_1p5CRM_balance_energy_co2_rev1.xlsx; inputs/1p5CRM/20231114_1p5CRM_steps_energy_co2_rev4.xlsx; inputs/1p5CRM/20251104_05_1p5CRM_data_structure.xlsx; inputs/1p5CRM/20251120_06_1p5CRM_data_structure.xlsx; inputs/20251201_06_data_structure_common.json; inputs/GHGI/20250506_05_data_structure.xlsx; inputs/GHGI/L5-7gas_2025_gioweb_1.0_mod.xlsx; inputs/energy_stat/20250721_04_energy_statistics_data_structure.xlsx; inputs/energy_stat/20251020_05_energy_statistics_data_structure_co2.xlsx; inputs/energy_stat/list_energy_stat_excel.txt; inputs/energy_stat/stte_2010.xlsx; inputs/energy_stat/stte_2011.xlsx; inputs/energy_stat/stte_2012.xlsx; inputs/energy_stat/stte_2013.xlsx; inputs/energy_stat/stte_2014.xlsx; inputs/energy_stat/stte_2015.xlsx; inputs/energy_stat/stte_2016.xlsx; inputs/energy_stat/stte_2017.xlsx; inputs/energy_stat/stte_2018.xlsx; inputs/energy_stat/stte_2019.xlsx; inputs/energy_stat/stte_2020.xlsx; inputs/energy_stat/stte_2021.xlsx; inputs/energy_stat/stte_2022.xlsx; inputs/energy_stat/stte_2023.xlsx; outputs/20250506_GHGI/20250506_05_ghg_data.json; outputs/20250721_04_energy_stat/20250721_04_energy_stat_data_0_電力.json; outputs/20250721_04_energy_stat/20250721_04_energy_stat_data_10_都市ガス.json; outputs/20250721_04_energy_stat/20250721_04_energy_stat_data_11_再生可能エネルギー(水力を除く).json; outputs/20250721_04_energy_stat/20250721_04_energy_stat_data_12_水力発電（揚水除く）.json; outputs/20250721_04_energy_stat/20250721_04_energy_stat_data_13_揚水発電.json; outputs/20250721_04_energy_stat/20250721_04_energy_stat_data_14_未活用エネルギー.json; outputs/20250721_04_energy_stat/20250721_04_energy_stat_data_15_原子力発電.json; outputs/20250721_04_energy_stat/20250721_04_energy_stat_data_1_熱.json; outputs/20250721_04_energy_stat/20250721_04_energy_stat_data_2_合計.json; outputs/20250721_04_energy_stat/20250721_04_energy_stat_data_3_エネルギー利用.json; outputs/20250721_04_energy_stat/20250721_04_energy_stat_data_4_非エネルギー利用.json; outputs/20250721_04_energy_stat/20250721_04_energy_stat_data_5_石炭.json; outputs/20250721_04_energy_stat/20250721_04_energy_stat_data_6_石炭製品.json; outputs/20250721_04_energy_stat/20250721_04_energy_stat_data_7_原油.json; outputs/20250721_04_energy_stat/20250721_04_energy_stat_data_8_石油製品.json; outputs/20250721_04_energy_stat/20250721_04_energy_stat_data_9_天然ガス.json; outputs/20250721_04_energy_stat/20251020_05_energy_stat_co2_data_0_電力.json; outputs/20250721_04_energy_stat/20251020_05_energy_stat_co2_data_10_都市ガス.json; outputs/20250721_04_energy_stat/20251020_05_energy_stat_co2_data_11_総合計_電力･熱寄与間接排出配分後合計.json; outputs/20250721_04_energy_stat/20251020_05_energy_stat_co2_data_12_総合計_エネルギー利用分.json; outputs/20250721_04_energy_stat/20251020_05_energy_stat_co2_data_1_熱.json; outputs/20250721_04_energy_stat/20251020_05_energy_stat_co2_data_2_合計.json; outputs/20250721_04_energy_stat/20251020_05_energy_stat_co2_data_3_エネルギー利用.json; outputs/20250721_04_energy_stat/20251020_05_energy_stat_co2_data_4_非エネルギー利用.json; outputs/20250721_04_energy_stat/20251020_05_energy_stat_co2_data_5_石炭.json; outputs/20250721_04_energy_stat/20251020_05_energy_stat_co2_data_6_石炭製品.json; outputs/20250721_04_energy_stat/20251020_05_energy_stat_co2_data_7_原油.json; outputs/20250721_04_energy_stat/20251020_05_energy_stat_co2_data_8_石油製品.json; outputs/20250721_04_energy_stat/20251020_05_energy_stat_co2_data_9_天然ガス.json; outputs/20250721_04_energy_stat/list_20251020_05_energy_stat_co2_json.txt; outputs/20251118_01_1p5CRM_balance_energy/20251118_01_1p5CRM_balance_energy_data_00_石炭.json; outputs/20251118_01_1p5CRM_balance_energy/20251118_01_1p5CRM_balance_energy_data_01_石炭製品.json; outputs/20251118_01_1p5CRM_balance_energy/20251118_01_1p5CRM_balance_energy_data_02_石油製品.json; outputs/20251118_01_1p5CRM_balance_energy/20251118_01_1p5CRM_balance_energy_data_03_LPG.json; outputs/20251118_01_1p5CRM_balance_energy/20251118_01_1p5CRM_balance_energy_data_04_天然ガス.json; outputs/20251118_01_1p5CRM_balance_energy/20251118_01_1p5CRM_balance_energy_data_05_都市ガス.json; outputs/20251118_01_1p5CRM_balance_energy/20251118_01_1p5CRM_balance_energy_data_06_再生可能エネルギー(水力を除く).json; outputs/20251118_01_1p5CRM_balance_energy/20251118_01_1p5CRM_balance_energy_data_07_電力.json; outputs/20251118_01_1p5CRM_balance_energy/20251118_01_1p5CRM_balance_energy_data_08_熱.json; outputs/20251118_01_1p5CRM_balance_energy/20251118_01_1p5CRM_balance_energy_data_09_合計.json; outputs/20251118_01_1p5CRM_balance_energy/20251118_01_1p5CRM_balance_energy_data_10_エネルギー利用.json; outputs/20251118_01_1p5CRM_balance_energy/20251118_01_1p5CRM_balance_energy_data_11_非エネルギー利用.json; outputs/20251118_01_1p5CRM_balance_energy/20251118_01_1p5CRM_balance_energy_data_12_水素.json; outputs/20251118_01_1p5CRM_balance_energy/20251118_01_1p5CRM_balance_energy_data_13_合成燃料・合成メタン.json; outputs/20251118_01_1p5CRM_balance_energy/20251118_01_1p5CRM_balance_energy_data_14_非エネルギー利用(電力).json; outputs/20251118_01_1p5CRM_balance_energy/20251118_01_1p5CRM_balance_energy_data_15_非エネルギー利用(化石).json; outputs/20251118_01_1p5CRM_balance_energy/20251118_01_1p5CRM_balance_energy_data_16_非エネルギー利用(水素).json; outputs/20251118_01_1p5CRM_balance_energy/list_20251118_01_1p5CRM_balance_energy_json.txt; outputs/20251118_02_1p5CRM_balance_co2/20251118_02_1p5CRM_balance_co2_data_00_石炭.json; outputs/20251118_02_1p5CRM_balance_co2/20251118_02_1p5CRM_balance_co2_data_01_石炭製品.json; outputs/20251118_02_1p5CRM_balance_co2/20251118_02_1p5CRM_balance_co2_data_02_石油製品.json; outputs/20251118_02_1p5CRM_balance_co2/20251118_02_1p5CRM_balance_co2_data_03_LPG.json; outputs/20251118_02_1p5CRM_balance_co2/20251118_02_1p5CRM_balance_co2_data_04_天然ガス.json; outputs/20251118_02_1p5CRM_balance_co2/20251118_02_1p5CRM_balance_co2_data_05_都市ガス.json; outputs/20251118_02_1p5CRM_balance_co2/20251118_02_1p5CRM_balance_co2_data_06_再生可能エネルギー(水力を除く).json; outputs/20251118_02_1p5CRM_balance_co2/20251118_02_1p5CRM_balance_co2_data_07_電力.json; outputs/20251118_02_1p5CRM_balance_co2/20251118_02_1p5CRM_balance_co2_data_08_熱.json; outputs/20251118_02_1p5CRM_balance_co2/20251118_02_1p5CRM_balance_co2_data_09_合計.json; outputs/20251118_02_1p5CRM_balance_co2/20251118_02_1p5CRM_balance_co2_data_10_エネルギー利用.json; outputs/20251118_02_1p5CRM_balance_co2/20251118_02_1p5CRM_balance_co2_data_11_非エネルギー利用.json; outputs/20251118_02_1p5CRM_balance_co2/list_20251118_02_1p5CRM_balance_co2_json.txt; outputs/20251118_03_1p5CRM_steps_energy/20251118_03_1p5CRM_steps_energy_data_00_石炭.json; outputs/20251118_03_1p5CRM_steps_energy/20251118_03_1p5CRM_steps_energy_data_01_石炭製品.json; outputs/20251118_03_1p5CRM_steps_energy/20251118_03_1p5CRM_steps_energy_data_02_石油製品.json; outputs/20251118_03_1p5CRM_steps_energy/20251118_03_1p5CRM_steps_energy_data_03_LPG.json; outputs/20251118_03_1p5CRM_steps_energy/20251118_03_1p5CRM_steps_energy_data_04_天然ガス.json; outputs/20251118_03_1p5CRM_steps_energy/20251118_03_1p5CRM_steps_energy_data_05_都市ガス.json; outputs/20251118_03_1p5CRM_steps_energy/20251118_03_1p5CRM_steps_energy_data_06_再生可能エネルギー(水力を除く).json; outputs/20251118_03_1p5CRM_steps_energy/20251118_03_1p5CRM_steps_energy_data_07_電力.json; outputs/20251118_03_1p5CRM_steps_energy/20251118_03_1p5CRM_steps_energy_data_08_熱.json; outputs/20251118_03_1p5CRM_steps_energy/20251118_03_1p5CRM_steps_energy_data_09_合計.json; outputs/20251118_03_1p5CRM_steps_energy/20251118_03_1p5CRM_steps_energy_data_10_エネルギー利用.json; outputs/20251118_03_1p5CRM_steps_energy/20251118_03_1p5CRM_steps_energy_data_11_非エネルギー利用.json; outputs/20251118_03_1p5CRM_steps_energy/20251118_03_1p5CRM_steps_energy_data_12_水素.json; outputs/20251118_03_1p5CRM_steps_energy/20251118_03_1p5CRM_steps_energy_data_13_合成燃料・合成メタン.json; outputs/20251118_03_1p5CRM_steps_energy/20251118_03_1p5CRM_steps_energy_data_14_非エネルギー利用(電力).json; outputs/20251118_03_1p5CRM_steps_energy/20251118_03_1p5CRM_steps_energy_data_15_非エネルギー利用(化石).json; outputs/20251118_03_1p5CRM_steps_energy/20251118_03_1p5CRM_steps_energy_data_16_非エネルギー利用(水素).json; outputs/20251118_03_1p5CRM_steps_energy/list_20251118_03_1p5CRM_steps_energy_json.txt; outputs/20251118_04_1p5CRM_steps_co2/20251118_04_1p5CRM_steps_co2_data_00_石炭.json; outputs/20251118_04_1p5CRM_steps_co2/20251118_04_1p5CRM_steps_co2_data_01_石炭製品.json; outputs/20251118_04_1p5CRM_steps_co2/20251118_04_1p5CRM_steps_co2_data_02_石油製品.json; outputs/20251118_04_1p5CRM_steps_co2/20251118_04_1p5CRM_steps_co2_data_03_LPG.json; outputs/20251118_04_1p5CRM_steps_co2/20251118_04_1p5CRM_steps_co2_data_04_天然ガス.json; outputs/20251118_04_1p5CRM_steps_co2/20251118_04_1p5CRM_steps_co2_data_05_都市ガス.json; outputs/20251118_04_1p5CRM_steps_co2/20251118_04_1p5CRM_steps_co2_data_06_再生可能エネルギー(水力を除く).json; outputs/20251118_04_1p5CRM_steps_co2/20251118_04_1p5CRM_steps_co2_data_07_電力.json; outputs/20251118_04_1p5CRM_steps_co2/20251118_04_1p5CRM_steps_co2_data_08_熱.json; outputs/20251118_04_1p5CRM_steps_co2/20251118_04_1p5CRM_steps_co2_data_09_合計.json; outputs/20251118_04_1p5CRM_steps_co2/20251118_04_1p5CRM_steps_co2_data_10_エネルギー利用.json; outputs/20251118_04_1p5CRM_steps_co2/20251118_04_1p5CRM_steps_co2_data_11_非エネルギー利用.json; outputs/20251118_04_1p5CRM_steps_co2/list_20251118_04_1p5CRM_steps_co2_json.txt; outputs/20251120_21_energy_stat/list_20250721_04_energy_stat_json.txt; outputs/20251201_01_1p5CRM_balance_energy/20251201_11_1p5CRM_balance_energy_data_common_07_電力.json; outputs/20251201_01_1p5CRM_balance_energy/20251201_11_1p5CRM_balance_energy_data_common_10_エネルギー利用.json; outputs/20251201_02_1p5CRM_balance_co2/20251119_12_1p5CRM_balance_co2_data_common_07_電力.json; outputs/20251201_02_1p5CRM_balance_co2/20251119_12_1p5CRM_balance_co2_data_common_10_エネルギー利用.json; outputs/20251201_03_1p5CRM_steps_energy/20251201_13_1p5CRM_steps_energy_data_common_07_電力.json; outputs/20251201_03_1p5CRM_steps_energy/20251201_13_1p5CRM_steps_energy_data_common_10_エネルギー利用.json; outputs/20251201_04_1p5CRM_steps_co2/20251201_14_1p5CRM_steps_co2_data_common_07_電力.json; outputs/20251201_04_1p5CRM_steps_co2/20251201_14_1p5CRM_steps_co2_data_common_10_エネルギー利用.json; outputs/20251201_21_energy_stat/20251201_21_energy_stat_data_common_0_電力.json; outputs/20251201_21_energy_stat/20251201_21_energy_stat_data_common_1_熱.json; outputs/20251201_21_energy_stat/20251201_21_energy_stat_data_common_3_エネルギー利用.json; outputs/20251201_21_energy_stat/20251201_22_energy_stat_co2_data_common_12_総合計_エネルギー利用分.json; outputs/20251218_01_intensity/20251218_02_1p5CRM_balance_intensity_data_common_10_エネルギー利用.json; outputs/20251218_01_intensity/20251218_03_1p5CRM_steps_intensity_data_common_10_エネルギー利用.json; outputs/20251218_01_intensity/20260316_32_energy_stat_intensity_data_common_3_エネルギー利用_RD.json,生成スクリプト不明の中間ファイルあり(既存ファイルは保持): outputs/20250721_04_energy_stat/list_20251020_05_energy_stat_co2_json.txt; outputs/20251118_01_1p5CRM_balance_energy/list_20251118_01_1p5CRM_balance_energy_json.txt; outputs/20251118_02_1p5CRM_balance_co2/list_20251118_02_1p5CRM_balance_co2_json.txt; outputs/20251118_03_1p5CRM_steps_energy/list_20251118_03_1p5CRM_steps_energy_json.txt; outputs/20251118_04_1p5CRM_steps_co2/list_20251118_04_1p5CRM_steps_co2_json.txt; outputs/20251120_21_energy_stat/list_20250721_04_energy_stat_json.txt
470,doc/report2026/figures/20260318_12_NZPR_sector_summary_calc_intensity_2040.png,False,charts/20260318_12_NZPR_sector_summary_calc_intensity_2040.png,True,scripts/20260318_12_NZPR_sector_summary_calc_intensity.py,scripts/20250506_05_import_GHG_data.py; scripts/20250721_04_import_energy_stat.py; scripts/20251020_05_import_energy_stat_co2.py; scripts/20251118_01_import_1p5CRM_balance_energy.py; scripts/20251118_02_import_1p5CRM_balance_co2.py; scripts/20251118_03_import_1p5CRM_steps_energy.py; scripts/20251118_04_import_1p5CRM_steps_co2.py; scripts/20251201_11_refine_data_structure_1p5CRM_balance_energy.py; scripts/20251201_12_refine_data_structure_1p5CRM_balance_co2.py; scripts/20251201_13_refine_data_structure_1p5CRM_steps_energy.py; scripts/20251201_14_refine_data_structure_1p5CRM_steps_co2.py; scripts/20251201_21_refine_data_structure_energy_stat.py; scripts/20251201_22_refine_data_structure_energy_stat_co2.py; scripts/20251218_02_calc_intensity_1p5CRM_balance.py; scripts/20251218_03_calc_intensity_1p5CRM_steps.py; scripts/20260316_01_redistribute_co2.py; scripts/config.py,inputs/1p5CRM/20231114_1p5CRM_balance_energy_co2_rev1.xlsx; inputs/1p5CRM/20231114_1p5CRM_steps_energy_co2_rev4.xlsx; inputs/1p5CRM/20251104_05_1p5CRM_data_structure.xlsx; inputs/1p5CRM/20251120_06_1p5CRM_data_structure.xlsx; inputs/20251201_06_data_structure_common.json; inputs/GHGI/20250506_05_data_structure.xlsx; inputs/GHGI/L5-7gas_2025_gioweb_1.0_mod.xlsx; inputs/energy_stat/20250721_04_energy_statistics_data_structure.xlsx; inputs/energy_stat/20251020_05_energy_statistics_data_structure_co2.xlsx; inputs/energy_stat/list_energy_stat_excel.txt; inputs/energy_stat/stte_2010.xlsx; inputs/energy_stat/stte_2011.xlsx; inputs/energy_stat/stte_2012.xlsx; inputs/energy_stat/stte_2013.xlsx; inputs/energy_stat/stte_2014.xlsx; inputs/energy_stat/stte_2015.xlsx; inputs/energy_stat/stte_2016.xlsx; inputs/energy_stat/stte_2017.xlsx; inputs/energy_stat/stte_2018.xlsx; inputs/energy_stat/stte_2019.xlsx; inputs/energy_stat/stte_2020.xlsx; inputs/energy_stat/stte_2021.xlsx; inputs/energy_stat/stte_2022.xlsx; inputs/energy_stat/stte_2023.xlsx; outputs/20250506_GHGI/20250506_05_ghg_data.json; outputs/20250721_04_energy_stat/20250721_04_energy_stat_data_0_電力.json; outputs/20250721_04_energy_stat/20250721_04_energy_stat_data_10_都市ガス.json; outputs/20250721_04_energy_stat/20250721_04_energy_stat_data_11_再生可能エネルギー(水力を除く).json; outputs/20250721_04_energy_stat/20250721_04_energy_stat_data_12_水力発電（揚水除く）.json; outputs/20250721_04_energy_stat/20250721_04_energy_stat_data_13_揚水発電.json; outputs/20250721_04_energy_stat/20250721_04_energy_stat_data_14_未活用エネルギー.json; outputs/20250721_04_energy_stat/20250721_04_energy_stat_data_15_原子力発電.json; outputs/20250721_04_energy_stat/20250721_04_energy_stat_data_1_熱.json; outputs/20250721_04_energy_stat/20250721_04_energy_stat_data_2_合計.json; outputs/20250721_04_energy_stat/20250721_04_energy_stat_data_3_エネルギー利用.json; outputs/20250721_04_energy_stat/20250721_04_energy_stat_data_4_非エネルギー利用.json; outputs/20250721_04_energy_stat/20250721_04_energy_stat_data_5_石炭.json; outputs/20250721_04_energy_stat/20250721_04_energy_stat_data_6_石炭製品.json; outputs/20250721_04_energy_stat/20250721_04_energy_stat_data_7_原油.json; outputs/20250721_04_energy_stat/20250721_04_energy_stat_data_8_石油製品.json; outputs/20250721_04_energy_stat/20250721_04_energy_stat_data_9_天然ガス.json; outputs/20250721_04_energy_stat/20251020_05_energy_stat_co2_data_0_電力.json; outputs/20250721_04_energy_stat/20251020_05_energy_stat_co2_data_10_都市ガス.json; outputs/20250721_04_energy_stat/20251020_05_energy_stat_co2_data_11_総合計_電力･熱寄与間接排出配分後合計.json; outputs/20250721_04_energy_stat/20251020_05_energy_stat_co2_data_12_総合計_エネルギー利用分.json; outputs/20250721_04_energy_stat/20251020_05_energy_stat_co2_data_1_熱.json; outputs/20250721_04_energy_stat/20251020_05_energy_stat_co2_data_2_合計.json; outputs/20250721_04_energy_stat/20251020_05_energy_stat_co2_data_3_エネルギー利用.json; outputs/20250721_04_energy_stat/20251020_05_energy_stat_co2_data_4_非エネルギー利用.json; outputs/20250721_04_energy_stat/20251020_05_energy_stat_co2_data_5_石炭.json; outputs/20250721_04_energy_stat/20251020_05_energy_stat_co2_data_6_石炭製品.json; outputs/20250721_04_energy_stat/20251020_05_energy_stat_co2_data_7_原油.json; outputs/20250721_04_energy_stat/20251020_05_energy_stat_co2_data_8_石油製品.json; outputs/20250721_04_energy_stat/20251020_05_energy_stat_co2_data_9_天然ガス.json; outputs/20250721_04_energy_stat/list_20251020_05_energy_stat_co2_json.txt; outputs/20251118_01_1p5CRM_balance_energy/20251118_01_1p5CRM_balance_energy_data_00_石炭.json; outputs/20251118_01_1p5CRM_balance_energy/20251118_01_1p5CRM_balance_energy_data_01_石炭製品.json; outputs/20251118_01_1p5CRM_balance_energy/20251118_01_1p5CRM_balance_energy_data_02_石油製品.json; outputs/20251118_01_1p5CRM_balance_energy/20251118_01_1p5CRM_balance_energy_data_03_LPG.json; outputs/20251118_01_1p5CRM_balance_energy/20251118_01_1p5CRM_balance_energy_data_04_天然ガス.json; outputs/20251118_01_1p5CRM_balance_energy/20251118_01_1p5CRM_balance_energy_data_05_都市ガス.json; outputs/20251118_01_1p5CRM_balance_energy/20251118_01_1p5CRM_balance_energy_data_06_再生可能エネルギー(水力を除く).json; outputs/20251118_01_1p5CRM_balance_energy/20251118_01_1p5CRM_balance_energy_data_07_電力.json; outputs/20251118_01_1p5CRM_balance_energy/20251118_01_1p5CRM_balance_energy_data_08_熱.json; outputs/20251118_01_1p5CRM_balance_energy/20251118_01_1p5CRM_balance_energy_data_09_合計.json; outputs/20251118_01_1p5CRM_balance_energy/20251118_01_1p5CRM_balance_energy_data_10_エネルギー利用.json; outputs/20251118_01_1p5CRM_balance_energy/20251118_01_1p5CRM_balance_energy_data_11_非エネルギー利用.json; outputs/20251118_01_1p5CRM_balance_energy/20251118_01_1p5CRM_balance_energy_data_12_水素.json; outputs/20251118_01_1p5CRM_balance_energy/20251118_01_1p5CRM_balance_energy_data_13_合成燃料・合成メタン.json; outputs/20251118_01_1p5CRM_balance_energy/20251118_01_1p5CRM_balance_energy_data_14_非エネルギー利用(電力).json; outputs/20251118_01_1p5CRM_balance_energy/20251118_01_1p5CRM_balance_energy_data_15_非エネルギー利用(化石).json; outputs/20251118_01_1p5CRM_balance_energy/20251118_01_1p5CRM_balance_energy_data_16_非エネルギー利用(水素).json; outputs/20251118_01_1p5CRM_balance_energy/list_20251118_01_1p5CRM_balance_energy_json.txt; outputs/20251118_02_1p5CRM_balance_co2/20251118_02_1p5CRM_balance_co2_data_00_石炭.json; outputs/20251118_02_1p5CRM_balance_co2/20251118_02_1p5CRM_balance_co2_data_01_石炭製品.json; outputs/20251118_02_1p5CRM_balance_co2/20251118_02_1p5CRM_balance_co2_data_02_石油製品.json; outputs/20251118_02_1p5CRM_balance_co2/20251118_02_1p5CRM_balance_co2_data_03_LPG.json; outputs/20251118_02_1p5CRM_balance_co2/20251118_02_1p5CRM_balance_co2_data_04_天然ガス.json; outputs/20251118_02_1p5CRM_balance_co2/20251118_02_1p5CRM_balance_co2_data_05_都市ガス.json; outputs/20251118_02_1p5CRM_balance_co2/20251118_02_1p5CRM_balance_co2_data_06_再生可能エネルギー(水力を除く).json; outputs/20251118_02_1p5CRM_balance_co2/20251118_02_1p5CRM_balance_co2_data_07_電力.json; outputs/20251118_02_1p5CRM_balance_co2/20251118_02_1p5CRM_balance_co2_data_08_熱.json; outputs/20251118_02_1p5CRM_balance_co2/20251118_02_1p5CRM_balance_co2_data_09_合計.json; outputs/20251118_02_1p5CRM_balance_co2/20251118_02_1p5CRM_balance_co2_data_10_エネルギー利用.json; outputs/20251118_02_1p5CRM_balance_co2/20251118_02_1p5CRM_balance_co2_data_11_非エネルギー利用.json; outputs/20251118_02_1p5CRM_balance_co2/list_20251118_02_1p5CRM_balance_co2_json.txt; outputs/20251118_03_1p5CRM_steps_energy/20251118_03_1p5CRM_steps_energy_data_00_石炭.json; outputs/20251118_03_1p5CRM_steps_energy/20251118_03_1p5CRM_steps_energy_data_01_石炭製品.json; outputs/20251118_03_1p5CRM_steps_energy/20251118_03_1p5CRM_steps_energy_data_02_石油製品.json; outputs/20251118_03_1p5CRM_steps_energy/20251118_03_1p5CRM_steps_energy_data_03_LPG.json; outputs/20251118_03_1p5CRM_steps_energy/20251118_03_1p5CRM_steps_energy_data_04_天然ガス.json; outputs/20251118_03_1p5CRM_steps_energy/20251118_03_1p5CRM_steps_energy_data_05_都市ガス.json; outputs/20251118_03_1p5CRM_steps_energy/20251118_03_1p5CRM_steps_energy_data_06_再生可能エネルギー(水力を除く).json; outputs/20251118_03_1p5CRM_steps_energy/20251118_03_1p5CRM_steps_energy_data_07_電力.json; outputs/20251118_03_1p5CRM_steps_energy/20251118_03_1p5CRM_steps_energy_data_08_熱.json; outputs/20251118_03_1p5CRM_steps_energy/20251118_03_1p5CRM_steps_energy_data_09_合計.json; outputs/20251118_03_1p5CRM_steps_energy/20251118_03_1p5CRM_steps_energy_data_10_エネルギー利用.json; outputs/20251118_03_1p5CRM_steps_energy/20251118_03_1p5CRM_steps_energy_data_11_非エネルギー利用.json; outputs/20251118_03_1p5CRM_steps_energy/20251118_03_1p5CRM_steps_energy_data_12_水素.json; outputs/20251118_03_1p5CRM_steps_energy/20251118_03_1p5CRM_steps_energy_data_13_合成燃料・合成メタン.json; outputs/20251118_03_1p5CRM_steps_energy/20251118_03_1p5CRM_steps_energy_data_14_非エネルギー利用(電力).json; outputs/20251118_03_1p5CRM_steps_energy/20251118_03_1p5CRM_steps_energy_data_15_非エネルギー利用(化石).json; outputs/20251118_03_1p5CRM_steps_energy/20251118_03_1p5CRM_steps_energy_data_16_非エネルギー利用(水素).json; outputs/20251118_03_1p5CRM_steps_energy/list_20251118_03_1p5CRM_steps_energy_json.txt; outputs/20251118_04_1p5CRM_steps_co2/20251118_04_1p5CRM_steps_co2_data_00_石炭.json; outputs/20251118_04_1p5CRM_steps_co2/20251118_04_1p5CRM_steps_co2_data_01_石炭製品.json; outputs/20251118_04_1p5CRM_steps_co2/20251118_04_1p5CRM_steps_co2_data_02_石油製品.json; outputs/20251118_04_1p5CRM_steps_co2/20251118_04_1p5CRM_steps_co2_data_03_LPG.json; outputs/20251118_04_1p5CRM_steps_co2/20251118_04_1p5CRM_steps_co2_data_04_天然ガス.json; outputs/20251118_04_1p5CRM_steps_co2/20251118_04_1p5CRM_steps_co2_data_05_都市ガス.json; outputs/20251118_04_1p5CRM_steps_co2/20251118_04_1p5CRM_steps_co2_data_06_再生可能エネルギー(水力を除く).json; outputs/20251118_04_1p5CRM_steps_co2/20251118_04_1p5CRM_steps_co2_data_07_電力.json; outputs/20251118_04_1p5CRM_steps_co2/20251118_04_1p5CRM_steps_co2_data_08_熱.json; outputs/20251118_04_1p5CRM_steps_co2/20251118_04_1p5CRM_steps_co2_data_09_合計.json; outputs/20251118_04_1p5CRM_steps_co2/20251118_04_1p5CRM_steps_co2_data_10_エネルギー利用.json; outputs/20251118_04_1p5CRM_steps_co2/20251118_04_1p5CRM_steps_co2_data_11_非エネルギー利用.json; outputs/20251118_04_1p5CRM_steps_co2/list_20251118_04_1p5CRM_steps_co2_json.txt; outputs/20251120_21_energy_stat/list_20250721_04_energy_stat_json.txt; outputs/20251201_01_1p5CRM_balance_energy/20251201_11_1p5CRM_balance_energy_data_common_07_電力.json; outputs/20251201_01_1p5CRM_balance_energy/20251201_11_1p5CRM_balance_energy_data_common_10_エネルギー利用.json; outputs/20251201_02_1p5CRM_balance_co2/20251119_12_1p5CRM_balance_co2_data_common_07_電力.json; outputs/20251201_02_1p5CRM_balance_co2/20251119_12_1p5CRM_balance_co2_data_common_10_エネルギー利用.json; outputs/20251201_03_1p5CRM_steps_energy/20251201_13_1p5CRM_steps_energy_data_common_07_電力.json; outputs/20251201_03_1p5CRM_steps_energy/20251201_13_1p5CRM_steps_energy_data_common_10_エネルギー利用.json; outputs/20251201_04_1p5CRM_steps_co2/20251201_14_1p5CRM_steps_co2_data_common_07_電力.json; outputs/20251201_04_1p5CRM_steps_co2/20251201_14_1p5CRM_steps_co2_data_common_10_エネルギー利用.json; outputs/20251201_21_energy_stat/20251201_21_energy_stat_data_common_0_電力.json; outputs/20251201_21_energy_stat/20251201_21_energy_stat_data_common_1_熱.json; outputs/20251201_21_energy_stat/20251201_21_energy_stat_data_common_3_エネルギー利用.json; outputs/20251201_21_energy_stat/20251201_22_energy_stat_co2_data_common_12_総合計_エネルギー利用分.json; outputs/20251218_01_intensity/20251218_02_1p5CRM_balance_intensity_data_common_10_エネルギー利用.json; outputs/20251218_01_intensity/20251218_03_1p5CRM_steps_intensity_data_common_10_エネルギー利用.json; outputs/20251218_01_intensity/20260316_32_energy_stat_intensity_data_common_3_エネルギー利用_RD.json,生成スクリプト不明の中間ファイルあり(既存ファイルは保持): outputs/20250721_04_energy_stat/list_20251020_05_energy_stat_co2_json.txt; outputs/20251118_01_1p5CRM_balance_energy/list_20251118_01_1p5CRM_balance_energy_json.txt; outputs/20251118_02_1p5CRM_balance_co2/list_20251118_02_1p5CRM_balance_co2_json.txt; outputs/20251118_03_1p5CRM_steps_energy/list_20251118_03_1p5CRM_steps_energy_json.txt; outputs/20251118_04_1p5CRM_steps_co2/list_20251118_04_1p5CRM_steps_co2_json.txt; outputs/20251120_21_energy_stat/list_20250721_04_energy_stat_json.txt
523,doc/report2026/figures/20260619_04_plot_RE_bars_capacity_cap.png,True,charts/20260619_04_plot_RE_bars_capacity.png,True,scripts/20260619_04_plot_RE_bars_capacity.py,scripts/config.py,inputs/RE/20260618_06_RE_cap_for_plot.xlsx,
526,doc/report2026/figures/20260619_05_plot_RE_bars_power_cap.png,True,charts/20260619_05_plot_RE_bars_power.png,True,scripts/20260619_05_plot_RE_bars_power.py,scripts/config.py,inputs/RE/20260619_06_RE_power_for_plot.xlsx,
538,doc/report2026/figures/20260619_01_plot_RE_bars_capacity_additions_separate.png,False,charts/20260619_01_plot_RE_bars_capacity_additions_separate.png,True,scripts/20260619_01_plot_RE_bars_capacity_additions_separate.py,scripts/config.py,inputs/RE/20260617_01_RE_japan.xlsx,
539,doc/report2026/figures/20260619_02_plot_RE_bars_power_additions_separate.png,False,charts/20260619_02_plot_RE_bars_power_additions_separate.png,True,scripts/20260619_02_plot_RE_bars_power_additions_separate.py,scripts/config.py,inputs/RE/20260617_01_RE_japan.xlsx,
549,doc/report2026/figures/20260617_04_plot_RE_bars_capacity_separate_cap.png,True,charts/20260617_04_plot_RE_bars_capacity_separate.png,True,scripts/20260617_04_plot_RE_bars_capacity_separate.py,scripts/config.py,inputs/RE/20260617_01_RE_japan.xlsx; inputs/RE/20260618_06_RE_cap_for_plot.xlsx,
552,doc/report2026/figures/20260618_05_plot_RE_bars_power_separate_cap.png,True,charts/20260618_05_plot_RE_bars_power_separate.png,True,scripts/20260618_05_plot_RE_bars_power_separate.py,scripts/config.py,inputs/RE/20260617_01_RE_japan.xlsx; inputs/RE/20260619_06_RE_power_for_plot.xlsx,
558,doc/report2026/figures/20260721_02_plot_IGESRM_RE_powe_cap.png,True,charts/20260721_02_plot_IGESRM_RE_power.png,True,scripts/20260721_02_plot_RE_power.py,scripts/config.py,inputs/RE/20251230_01_IGESRM_RE_power_for_plot.xlsx; inputs/energy_stat/20260414_power_energy_stat.xlsx,
571,doc/report2026/figures/20260408_01_plot_bars_power_demand_cap.png,True,charts/20260408_01_plot_bars_power_demand.png,True,scripts/20260408_01_plot_bars_power_demand.py,scripts/20251118_01_import_1p5CRM_balance_energy.py; scripts/20251118_03_import_1p5CRM_steps_energy.py; scripts/20251201_11_refine_data_structure_1p5CRM_balance_energy.py; scripts/20251201_13_refine_data_structure_1p5CRM_steps_energy.py; scripts/20260408_01_import_OCCTO_power_demand.py; scripts/config.py,inputs/1p5CRM/20231114_1p5CRM_balance_energy_co2_rev1.xlsx; inputs/1p5CRM/20231114_1p5CRM_steps_energy_co2_rev4.xlsx; inputs/1p5CRM/20251104_05_1p5CRM_data_structure.xlsx; inputs/20251201_06_data_structure_common.json; inputs/RE/20260408OCCTO電力需要想定.xlsx; outputs/20251118_01_1p5CRM_balance_energy/20251118_01_1p5CRM_balance_energy_data_00_石炭.json; outputs/20251118_01_1p5CRM_balance_energy/20251118_01_1p5CRM_balance_energy_data_01_石炭製品.json; outputs/20251118_01_1p5CRM_balance_energy/20251118_01_1p5CRM_balance_energy_data_02_石油製品.json; outputs/20251118_01_1p5CRM_balance_energy/20251118_01_1p5CRM_balance_energy_data_03_LPG.json; outputs/20251118_01_1p5CRM_balance_energy/20251118_01_1p5CRM_balance_energy_data_04_天然ガス.json; outputs/20251118_01_1p5CRM_balance_energy/20251118_01_1p5CRM_balance_energy_data_05_都市ガス.json; outputs/20251118_01_1p5CRM_balance_energy/20251118_01_1p5CRM_balance_energy_data_06_再生可能エネルギー(水力を除く).json; outputs/20251118_01_1p5CRM_balance_energy/20251118_01_1p5CRM_balance_energy_data_07_電力.json; outputs/20251118_01_1p5CRM_balance_energy/20251118_01_1p5CRM_balance_energy_data_08_熱.json; outputs/20251118_01_1p5CRM_balance_energy/20251118_01_1p5CRM_balance_energy_data_09_合計.json; outputs/20251118_01_1p5CRM_balance_energy/20251118_01_1p5CRM_balance_energy_data_10_エネルギー利用.json; outputs/20251118_01_1p5CRM_balance_energy/20251118_01_1p5CRM_balance_energy_data_11_非エネルギー利用.json; outputs/20251118_01_1p5CRM_balance_energy/20251118_01_1p5CRM_balance_energy_data_12_水素.json; outputs/20251118_01_1p5CRM_balance_energy/20251118_01_1p5CRM_balance_energy_data_13_合成燃料・合成メタン.json; outputs/20251118_01_1p5CRM_balance_energy/20251118_01_1p5CRM_balance_energy_data_14_非エネルギー利用(電力).json; outputs/20251118_01_1p5CRM_balance_energy/20251118_01_1p5CRM_balance_energy_data_15_非エネルギー利用(化石).json; outputs/20251118_01_1p5CRM_balance_energy/20251118_01_1p5CRM_balance_energy_data_16_非エネルギー利用(水素).json; outputs/20251118_01_1p5CRM_balance_energy/list_20251118_01_1p5CRM_balance_energy_json.txt; outputs/20251118_03_1p5CRM_steps_energy/20251118_03_1p5CRM_steps_energy_data_00_石炭.json; outputs/20251118_03_1p5CRM_steps_energy/20251118_03_1p5CRM_steps_energy_data_01_石炭製品.json; outputs/20251118_03_1p5CRM_steps_energy/20251118_03_1p5CRM_steps_energy_data_02_石油製品.json; outputs/20251118_03_1p5CRM_steps_energy/20251118_03_1p5CRM_steps_energy_data_03_LPG.json; outputs/20251118_03_1p5CRM_steps_energy/20251118_03_1p5CRM_steps_energy_data_04_天然ガス.json; outputs/20251118_03_1p5CRM_steps_energy/20251118_03_1p5CRM_steps_energy_data_05_都市ガス.json; outputs/20251118_03_1p5CRM_steps_energy/20251118_03_1p5CRM_steps_energy_data_06_再生可能エネルギー(水力を除く).json; outputs/20251118_03_1p5CRM_steps_energy/20251118_03_1p5CRM_steps_energy_data_07_電力.json; outputs/20251118_03_1p5CRM_steps_energy/20251118_03_1p5CRM_steps_energy_data_08_熱.json; outputs/20251118_03_1p5CRM_steps_energy/20251118_03_1p5CRM_steps_energy_data_09_合計.json; outputs/20251118_03_1p5CRM_steps_energy/20251118_03_1p5CRM_steps_energy_data_10_エネルギー利用.json; outputs/20251118_03_1p5CRM_steps_energy/20251118_03_1p5CRM_steps_energy_data_11_非エネルギー利用.json; outputs/20251118_03_1p5CRM_steps_energy/20251118_03_1p5CRM_steps_energy_data_12_水素.json; outputs/20251118_03_1p5CRM_steps_energy/20251118_03_1p5CRM_steps_energy_data_13_合成燃料・合成メタン.json; outputs/20251118_03_1p5CRM_steps_energy/20251118_03_1p5CRM_steps_energy_data_14_非エネルギー利用(電力).json; outputs/20251118_03_1p5CRM_steps_energy/20251118_03_1p5CRM_steps_energy_data_15_非エネルギー利用(化石).json; outputs/20251118_03_1p5CRM_steps_energy/20251118_03_1p5CRM_steps_energy_data_16_非エネルギー利用(水素).json; outputs/20251118_03_1p5CRM_steps_energy/list_20251118_03_1p5CRM_steps_energy_json.txt; outputs/20251201_01_1p5CRM_balance_energy/20251201_11_1p5CRM_balance_energy_data_common_07_電力.json; outputs/20251201_03_1p5CRM_steps_energy/20251201_13_1p5CRM_steps_energy_data_common_07_電力.json; outputs/20251231_01_OCCTO/20260408_01_OCCTO_power_demand.json,生成スクリプト不明の中間ファイルあり(既存ファイルは保持): outputs/20251118_01_1p5CRM_balance_energy/list_20251118_01_1p5CRM_balance_energy_json.txt; outputs/20251118_03_1p5CRM_steps_energy/list_20251118_03_1p5CRM_steps_energy_json.txt
579,doc/report2026/figures/20260109_02_plot_bars_power_OCCTO_1p5CRM_cap.png,True,charts/20260109_02_plot_bars_power_OCCTO_1p5CRM.png,True,scripts/20260109_02_plot_bars_power_OCCTO_1p5CRM.py,scripts/config.py,inputs/RE/20260109_power_20402050_OCCTO_1p5CRM.xlsx,
586,doc/report2026/figures/20260109_01_plot_bars_power_cap.png,True,charts/20260109_01_plot_bars_power.png,True,scripts/20260109_01_plot_bars_power.py,scripts/config.py,inputs/RE/20251229_05_power_for_plot.xlsx,
591,doc/report2026/figures/20260109_20_plot_bars_power_mix_cap.png,True,charts/20260109_20_plot_bars_power_mix.png,True,scripts/20260109_20_plot_bars_power_mix.py,scripts/config.py,inputs/RE/20251229_05_power_for_plot.xlsx,
613,doc/report2026/figures/20260430_01_plot_bars_power_PV_Wind_2040_cap.png,True,charts/20260430_01_plot_bars_power_PV_Wind_2040.png,True,scripts/20260430_01_plot_bars_power_PV_Wind_2040.py,scripts/config.py,inputs/RE/20260430_01_PV_Wind_2040_power_for_plot.xlsx,
627,doc/report2026/figures/20260731_02_plot_bars_co2_power_mix_cap.png,True,charts/20260731_02_plot_bars_co2_power_mix.png,True,scripts/20260731_02_plot_bars_co2_power_mix.py,scripts/config.py,,
645,doc/report2026/figures/20260728_07_plot_spot_prices_cap.png,True,charts/20260728_07_plot_spot_prices.png,True,scripts/20260728_07_plot_price.py,scripts/config.py,inputs/RE/20251219新電力ネット_電気料金推移.xlsx,
650,doc/report2026/figures/20260728_01_plot_PV_LCOE.png,False,charts/20260728_01_plot_PV_LCOE.png,True,scripts/20260728_01_plot_PV_LCOE.py,scripts/config.py,inputs/RE/20260728BNEF_LCOE_PV_japan_and_others.xlsx,
651,doc/report2026/figures/20260728_01_plot_PV+storage_LCOE.png,False,charts/20260728_01_plot_PV+storage_LCOE.png,True,scripts/20260728_01_plot_PV_LCOE.py,scripts/config.py,inputs/RE/20260728BNEF_LCOE_PV_japan_and_others.xlsx,
675,doc/report2026/figures/extra/20260715_再エネ_必要な変化.png,False,,False,,,,PowerPointで直接作成
786,doc/report2026/figures/20260707_01_plot_bars_energy_self_sufficiency_cap.png,True,charts/20260707_01_plot_bars_energy_self_sufficiency.png,True,scripts/20260707_01_plot_bars_energy_self_sufficiency.py,scripts/config.py,inputs/RE/20260707_01_primary_energy_supply.xlsx,
870,doc/report2026/figures/20260520_02_plot_GHG_intensity_w_vashold2023.png,False,charts/20260520_02_plot_GHG_intensity_w_vashold2023.png,True,scripts/20260520_02_plot_GHG_intensity_w_vashold2023.py,scripts/20250506_05_import_GHG_data.py; scripts/20251205_02_extract_GHGI_ghg_toplevel.py; scripts/20251208_04_import_1p5CRM_balance_GHG.py; scripts/20251208_04_import_1p5CRM_steps_GHG.py; scripts/config.py,inputs/1p5CRM/20240123GHGpath_rev1.xlsx; inputs/GHGI/20250506_05_data_structure.xlsx; inputs/GHGI/L5-7gas_2025_gioweb_1.0_mod.xlsx; inputs/ref/20260520_01_GDP_JP.xlsx; inputs/ref/vashold2023/japan_emissions_intensity.csv; outputs/20250506_GHGI/20250506_05_ghg_data.json; outputs/20251201_31_GHGI/20251205_32_GHGI_ghg_toplevel.json; outputs/20251208_01_1p5CRM_GHG/20251208_04_1p5CRM_balance_GHG_data.json; outputs/20251208_01_1p5CRM_GHG/20251208_04_1p5CRM_steps_GHG_data.json,
875,doc/report2026/figures/20260520_01_plot_GHG_total_w_vashold2023.png,False,charts/20260520_01_plot_GHG_total_w_vashold2023.png,True,scripts/20260520_01_plot_GHG_total_w_vashold2023.py,scripts/20250506_05_import_GHG_data.py; scripts/20251205_02_extract_GHGI_ghg_toplevel.py; scripts/config.py,inputs/GHGI/20250506_05_data_structure.xlsx; inputs/GHGI/L5-7gas_2025_gioweb_1.0_mod.xlsx; inputs/ref/vashold2023/japan_total_emissions_1980_2050.csv; outputs/20250506_GHGI/20250506_05_ghg_data.json; outputs/20251201_31_GHGI/20251205_32_GHGI_ghg_toplevel.json,
884,doc/report2026/figures/20260526_01_GHG_total_w_const_reduction_rate_cap.png,True,charts/20260526_01_GHG_total_w_const_reduction_rate.png,True,scripts/20260526_01_plot_GHG_total_w_const_reduction_rate.py,scripts/20250506_05_import_GHG_data.py; scripts/20251205_02_extract_GHGI_ghg_toplevel.py; scripts/config.py,inputs/GHGI/20250506_05_data_structure.xlsx; inputs/GHGI/L5-7gas_2025_gioweb_1.0_mod.xlsx; outputs/20250506_GHGI/20250506_05_ghg_data.json; outputs/20251201_31_GHGI/20251205_32_GHGI_ghg_toplevel.json,
